uid,prediction
u000009,"i001952,i000481,i001455,i001914,i001069,i001673,i000661,i001445,i001710,i000554"
u000014,"i000720,i000832,i000999,i001455,i001922,i000481,i001069,i001952,i000909,i000661"
u000022,"i001151,i000282,i001515,i001922,i001682,i000555,i001026,i001320,i002009,i002056"
u000024,"i000481,i001952,i001069,i000661,i001455,i001663,i001038,i001673,i000646,i001445"
u000026,"i000481,i000909,i001952,i001069,i000661,i001922,i001663,i000521,i001455,i001445"
u000040,"i001914,i001455,i001649,i000481,i001922,i001673,i000909,i000554,i001710,i001069"
u000054,"i001445,i000661,i000481,i001455,i001952,i000554,i000646,i001922,i001673,i001314"
u000059,"i001455,i001673,i000481,i001710,i000909,i000695,i000324,i001952,i001445,i000554"
u000067,"i001455,i001875,i001673,i001710,i001445,i001952,i000554,i000481,i001922,i001069"
u000068,"i000481,i000695,i001952,i001069,i000661,i001455,i001922,i000909,i001663,i001049"
u000077,"i000481,i001952,i001038,i001069,i000661,i000646,i001663,i000521,i000909,i000158"
u000088,"i000481,i001952,i001455,i001069,i000909,i000661,i001673,i001922,i000324,i000555"
u000092,"i001922,i001455,i000481,i001952,i001682,i001673,i000661,i001914,i000324,i001710"
u000102,"i001069,i000481,i000909,i001952,i000521,i000947,i001663,i000661,i000342,i000324"
u000117,"i000481,i001952,i000521,i000909,i001069,i000661,i000342,i001663,i000554,i001143"
u000132,"i000481,i001069,i000909,i001663,i001952,i000661,i001922,i000554,i001445,i000521"
u000135,"i000909,i000481,i001069,i000521,i001663,i000342,i001952,i001478,i000947,i000661"
u000155,"i000481,i001069,i000909,i001952,i000521,i001663,i000342,i000947,i000661,i000554"
u000159,"i000481,i001952,i001069,i000909,i001046,i000521,i000661,i000646,i001663,i001038"
u000160,"i000481,i001069,i000695,i000909,i001663,i001952,i001240,i000947,i001049,i001584"
u000162,"i000342,i000481,i000661,i001922,i000947,i001663,i001069,i000521,i000253,i000646"
u000164,"i001949,i000554,i001240,i001191,i000481,i000956,i001143,i001952,i000652,i000695"
u000168,"i000481,i001069,i001952,i000909,i000661,i001663,i000521,i000554,i001922,i001455"
u000171,"i001922,i000909,i000342,i001069,i000977,i000481,i000521,i000661,i001914,i001663"
u000178,"i000555,i000324,i000898,i000327,i000110,i000481,i000909,i001455,i000877,i001952"
u000180,"i000481,i001952,i000909,i000342,i000521,i001663,i001069,i000554,i000661,i000555"
u000192,"i000555,i000324,i000898,i000327,i000110,i000909,i000481,i001151,i000521,i000877"
u000194,"i001069,i000251,i000931,i000909,i000220,i000947,i000554,i001445,i000652,i000481"
u000205,"i000481,i001069,i000909,i001952,i000521,i000947,i001663,i000695,i000661,i001455"
u000212,"i001455,i001673,i001710,i001914,i001952,i001922,i000481,i001445,i001649,i001087"
u000214,"i000282,i000555,i001151,i000324,i001515,i000360,i000909,i000481,i000898,i000327"
u000224,"i000695,i001584,i000058,i001049,i001688,i001462,i001240,i000401,i001922,i000931"
u000225,"i000481,i001069,i001952,i001753,i000909,i001663,i000695,i001455,i000661,i001922"
u000227,"i000481,i001922,i001240,i000695,i000909,i001688,i000521,i000554,i001049,i000324"
u000229,"i000282,i001515,i001151,i000360,i001922,i000481,i001682,i000555,i001026,i000317"
u000231,"i000481,i001069,i001952,i001663,i000521,i000661,i000909,i000342,i000947,i000207"
u000233,"i001922,i000977,i000342,i000909,i000521,i001069,i000481,i000661,i000554,i001649"
u000234,"i000555,i000324,i000110,i000327,i000481,i001151,i001952,i000898,i000877,i000282"
u000243,"i002056,i001335,i001623,i001922,i001682,i001801,i000282,i001952,i001595,i000968"
u000247,"i000481,i001069,i000909,i000521,i001952,i000342,i000947,i001663,i000646,i000324"
u000257,"i001922,i002009,i001682,i001335,i001240,i000977,i000006,i001801,i001595,i000200"
u000259,"i000481,i001069,i000909,i001952,i000521,i001663,i000342,i000947,i000661,i000554"
u000260,"i001952,i000661,i000521,i001069,i000481,i001455,i000909,i000554,i000342,i001143"
u000263,"i000481,i001069,i000521,i001952,i000909,i001663,i000661,i000342,i000554,i001922"
u000272,"i001069,i000481,i000909,i001952,i000521,i000342,i000947,i001663,i000661,i000324"
u000281,"i001069,i000909,i000481,i000947,i001753,i001663,i001508,i001906,i001952,i000521"
u000286,"i001753,i000481,i001069,i000909,i001952,i001663,i001455,i000695,i000661,i001922"
u000292,"i000481,i001069,i001952,i000661,i000909,i000521,i001663,i000947,i000554,i000342"
u000297,"i000481,i001455,i001922,i000695,i001445,i000554,i001240,i001952,i000661,i001663"
u000302,"i000481,i001952,i000695,i001069,i001663,i001922,i000661,i000909,i001455,i001445"
u000307,"i001069,i000481,i000909,i001952,i000661,i001455,i000947,i001663,i000521,i000554"
u000308,"i000646,i000481,i001663,i000521,i001952,i000661,i000909,i001069,i000554,i001046"
u000309,"i000555,i000324,i001922,i000898,i000327,i000909,i001151,i000282,i000877,i000110"
u000321,"i000481,i001069,i001952,i000695,i000909,i001922,i000661,i001663,i001240,i000554"
u000331,"i001069,i001753,i001906,i001508,i001952,i000481,i000909,i000947,i001445,i001455"
u000335,"i000481,i000909,i001663,i001952,i001069,i000554,i001455,i001240,i001922,i001445"
u000350,"i001952,i000481,i001069,i000661,i001663,i000554,i000909,i001038,i000207,i000521"
u000355,"i001069,i000481,i000909,i001952,i001663,i000521,i000661,i000947,i000554,i000646"
u000358,"i001455,i001673,i001710,i001445,i000805,i000554,i001952,i001949,i000968,i001914"
u000366,"i000481,i001069,i001952,i000661,i001663,i000909,i000521,i001038,i000646,i000947"
u000372,"i000481,i000909,i001069,i000521,i000342,i001952,i000947,i001663,i000324,i000555"
u000373,"i000481,i000909,i000521,i000661,i000342,i001952,i001069,i001663,i000646,i000554"
u000379,"i000481,i001952,i000909,i000555,i000521,i000324,i001069,i001151,i000282,i000661"
u000380,"i000909,i001069,i000481,i000521,i001952,i000342,i001663,i000324,i000661,i000947"
u000382,"i001455,i000909,i001914,i000481,i001753,i001673,i001922,i000554,i001445,i001663"
u000387,"i001922,i001682,i000282,i001151,i001335,i002009,i000481,i001952,i001649,i001069"
u000388,"i001875,i000481,i001069,i001952,i000618,i001455,i000521,i000324,i000661,i001673"
u000391,"i001455,i000481,i000909,i001952,i001673,i000661,i001922,i001069,i001445,i000695"
u000392,"i001151,i001320,i000282,i001026,i001515,i000360,i001922,i002009,i001113,i001682"
u000395,"i000481,i001069,i001952,i000909,i000521,i000661,i001663,i000342,i000554,i000947"
u000414,"i001445,i001455,i001069,i001314,i000481,i000661,i001663,i000554,i001952,i001710"
u000421,"i000481,i000909,i000695,i001240,i001663,i000554,i001952,i001455,i001922,i001445"
u000423,"i000481,i001069,i000909,i000521,i001952,i000342,i000947,i001663,i000555,i000661"
u000427,"i000481,i000158,i000909,i000661,i001663,i001952,i000646,i001069,i001038,i000521"
u000429,"i000481,i000909,i001069,i000521,i001952,i000324,i000342,i000555,i001663,i000554"
u000432,"i000481,i001663,i001952,i000661,i001445,i001455,i001922,i000695,i000554,i001069"
u000434,"i000695,i000481,i001455,i001922,i001952,i001069,i001049,i000909,i001673,i001445"
u000438,"i001069,i000481,i001952,i000909,i000947,i000661,i001455,i001663,i000521,i000324"
u000442,"i000481,i001952,i001038,i001455,i001069,i000720,i000661,i001445,i001673,i001949"
u000453,"i000909,i000324,i000481,i000342,i000554,i000521,i001143,i000661,i001922,i001455"
u000458,"i001069,i000481,i000909,i000947,i000521,i001952,i001663,i000661,i000570,i000342"
u000465,"i001753,i001508,i000325,i001922,i000518,i000481,i000661,i001927,i000618,i001875"
u000474,"i000646,i000481,i001663,i001952,i000661,i001046,i001445,i000521,i001069,i001949"
u000477,"i001455,i001673,i001710,i000554,i001445,i001949,i001952,i000805,i001914,i001143"
u000484,"i001922,i001682,i002009,i000977,i001335,i001801,i001240,i000200,i000695,i000006"
u000487,"i000481,i000554,i001914,i000909,i001455,i001952,i001673,i001069,i001663,i001710"
u000491,"i000909,i000481,i000521,i000555,i000342,i000324,i001922,i001952,i001663,i001069"
u000496,"i001069,i000481,i000909,i001952,i001663,i000521,i000342,i000661,i000947,i000554"
u000501,"i001069,i000481,i000909,i001952,i000521,i000342,i000947,i001663,i000324,i000661"
u000502,"i000481,i001922,i001069,i001952,i000909,i001663,i000661,i001445,i000554,i000521"
u000508,"i001952,i000481,i001069,i000661,i001455,i001663,i000909,i001038,i000947,i000521"
u000516,"i001455,i000481,i000909,i001673,i001952,i001445,i000554,i001710,i000661,i000324"
u000518,"i001949,i000481,i000554,i000521,i001952,i001069,i001663,i001240,i001191,i000652"
u000522,"i000481,i000695,i001240,i001952,i001663,i001922,i001069,i001445,i001455,i001688"
u000541,"i000909,i000481,i001069,i000342,i000521,i000947,i001952,i000661,i001663,i000646"
u000549,"i000695,i001455,i001049,i000652,i000554,i000931,i001069,i000058,i000842,i001949"
u000554,"i001069,i000481,i000909,i001952,i000695,i001663,i000324,i000554,i001240,i000521"
u000555,"i000481,i001952,i000695,i001455,i001069,i001922,i000661,i001663,i000909,i001673"
u000561,"i000481,i001069,i000909,i001952,i000695,i000661,i001663,i001922,i001455,i000947"
u000563,"i000481,i000909,i001069,i000521,i001663,i000342,i001952,i000947,i000554,i000646"
u000569,"i000324,i000555,i000110,i000909,i000898,i000327,i001134,i000481,i000877,i000521"
u000571,"i000481,i001069,i000909,i000521,i001952,i000947,i001663,i000342,i000661,i000646"
u000572,"i001508,i000325,i001753,i001906,i000481,i001069,i000909,i000555,i001927,i000324"
u000573,"i001069,i000481,i001952,i000947,i001663,i001038,i000909,i000207,i000521,i000570"
u000574,"i001069,i000481,i001952,i000909,i000661,i001663,i000521,i000947,i000554,i001922"
u000581,"i000481,i001069,i001952,i000909,i001663,i000661,i000521,i000342,i000554,i001922"
u000590,"i001069,i000481,i001508,i001952,i000521,i001875,i001753,i001663,i000618,i000947"
u000593,"i000342,i000481,i000521,i000661,i001952,i001663,i001069,i000947,i000646,i000909"
u000600,"i001673,i001455,i001710,i001445,i001949,i001952,i000554,i000805,i000481,i001914"
u000601,"i000481,i001952,i001069,i001038,i001046,i001663,i000646,i000521,i000661,i000909"
u000602,"i000481,i001069,i001952,i000661,i000909,i000521,i001663,i000342,i000554,i000646"
u000604,"i000661,i000481,i001952,i001069,i000521,i001038,i001663,i000342,i001455,i000646"
u000607,"i001922,i000481,i000909,i001663,i000661,i000554,i000521,i000342,i001240,i001445"
u000621,"i000909,i000481,i000324,i000521,i000555,i001952,i000342,i001069,i000661,i001663"
u000624,"i000909,i000481,i000555,i001922,i000324,i001952,i001151,i000282,i000521,i000898"
u000627,"i001069,i000481,i000909,i001952,i001663,i000947,i000521,i000554,i000342,i000661"
u000635,"i000481,i000909,i001069,i001952,i001663,i000521,i000661,i000947,i000342,i000695"
u000647,"i000695,i001049,i001584,i001462,i000058,i001688,i001877,i001240,i000931,i000652"
u000648,"i002009,i001922,i001682,i001335,i000200,i001151,i001595,i000282,i001113,i000977"
u000658,"i000481,i001069,i000909,i000521,i001952,i000342,i001663,i000947,i000661,i000554"
u000663,"i000324,i000555,i000898,i000110,i000327,i000909,i001134,i001151,i000481,i001069"
u000666,"i000481,i001069,i001952,i000909,i001663,i000554,i000521,i000661,i000646,i000695"
u000677,"i001922,i002009,i001682,i001240,i000481,i000977,i000521,i000342,i001335,i000006"
u000682,"i000481,i001952,i001069,i000909,i001663,i000661,i001038,i000521,i001478,i001455"
u000693,"i000481,i000695,i001952,i001455,i001663,i001069,i001445,i000661,i001240,i000554"
u000713,"i000481,i000695,i000909,i001663,i001069,i000661,i000521,i001455,i001952,i001445"
u000714,"i000481,i001069,i001952,i000909,i001663,i000947,i000661,i000521,i000342,i000554"
u000716,"i001922,i000481,i001069,i001952,i000909,i000554,i001663,i000661,i001914,i000342"
u000727,"i000481,i001069,i000909,i001952,i001663,i000521,i000947,i000661,i000342,i000554"
u000735,"i001922,i000481,i000661,i001663,i001952,i000554,i001914,i001445,i000909,i001069"
u000743,"i001151,i000282,i000360,i001515,i001320,i001026,i000555,i000324,i000909,i002056"
u000745,"i001914,i001649,i001087,i000481,i000909,i001069,i001455,i001673,i000695,i000554"
u000749,"i000481,i000909,i001663,i001455,i001952,i000695,i000554,i001240,i001445,i001038"
u000750,"i000324,i000898,i000555,i000481,i000909,i000327,i001069,i000110,i000342,i001952"
u000751,"i001069,i000481,i000947,i001952,i000909,i000521,i000661,i001663,i000342,i000570"
u000752,"i000646,i001663,i000481,i001046,i001952,i000661,i001069,i002132,i000521,i001478"
u000754,"i000481,i001069,i000909,i000521,i001952,i001663,i000342,i000947,i000661,i000554"
u000763,"i000909,i001069,i000481,i000342,i000521,i001952,i000947,i000324,i000661,i001663"
u000767,"i001069,i001952,i000481,i001455,i001673,i000909,i000661,i001445,i001663,i000931"
u000768,"i000909,i001069,i000481,i001952,i000521,i000947,i000661,i000342,i001663,i000324"
u000771,"i001069,i000481,i001952,i000947,i000521,i001663,i000909,i000661,i000646,i000342"
u000779,"i000324,i000555,i000898,i000110,i000327,i000909,i001134,i001922,i000877,i000481"
u000780,"i000481,i000909,i001069,i001663,i001952,i000521,i000661,i001038,i000646,i000554"
u000787,"i000661,i000481,i001952,i001069,i000521,i000909,i001038,i000947,i001455,i001663"
u000788,"i000481,i001069,i001952,i000661,i001663,i001922,i000909,i000947,i001455,i000521"
u000790,"i000909,i000481,i001069,i000521,i000342,i000324,i001952,i001663,i000555,i000661"
u000791,"i001069,i000481,i001952,i001663,i000661,i000909,i001922,i000554,i000521,i000947"
u000795,"i001069,i000481,i000909,i001952,i000521,i000342,i000947,i001663,i000324,i000555"
u000805,"i000555,i000324,i000481,i000909,i000877,i000521,i000327,i000342,i000110,i000898"
u000811,"i001682,i001922,i002009,i001335,i000200,i001595,i001151,i001240,i002056,i000282"
u000813,"i000481,i001922,i001952,i000661,i000909,i001455,i000521,i001069,i000554,i001663"
u000819,"i000481,i001069,i001952,i001663,i000909,i000521,i000661,i001038,i000646,i000207"
u000821,"i000481,i000909,i001069,i001663,i000521,i000342,i001952,i000661,i000554,i000646"
u000822,"i001069,i000481,i001952,i000909,i000947,i000661,i000324,i000555,i001455,i001922"
u000833,"i001922,i001682,i001335,i002009,i000167,i000200,i001049,i001801,i001240,i000695"
u000842,"i001445,i000554,i001455,i001143,i000661,i001952,i000481,i001038,i001949,i000956"
u000853,"i001069,i000481,i000909,i001952,i000947,i001663,i000521,i000342,i000207,i000646"
u000857,"i000481,i001069,i001952,i000909,i000661,i001455,i000947,i001663,i001922,i001445"
u000859,"i000481,i001069,i000909,i000695,i001952,i001663,i000661,i001455,i000324,i001922"
u000864,"i000481,i001952,i001038,i001663,i000661,i000909,i001478,i001445,i001069,i000521"
u000874,"i000481,i001069,i001952,i001663,i000909,i000521,i000646,i001038,i000342,i000661"
u000875,"i000481,i000909,i001069,i000521,i000342,i001952,i000324,i001663,i000947,i000555"
u000880,"i002056,i001922,i000282,i001335,i001801,i001682,i001595,i001623,i001026,i001320"
u000881,"i000481,i001069,i001952,i001455,i000931,i000909,i001038,i000554,i001445,i001949"
u000885,"i000481,i001069,i001952,i000521,i000661,i001663,i000909,i000342,i000947,i001922"
u000892,"i000481,i000909,i001069,i000695,i001663,i001952,i001240,i001455,i001922,i000554"
u000901,"i000481,i000909,i000327,i000324,i000898,i001952,i000110,i000555,i000521,i001069"
u000903,"i000481,i001069,i000521,i000909,i001952,i000342,i001663,i000661,i000947,i001922"
u000912,"i000481,i001069,i001952,i000909,i001663,i000661,i000521,i001038,i000646,i000342"
u000913,"i000481,i000521,i001952,i000661,i001069,i001663,i000342,i000909,i000646,i000947"
u000914,"i001069,i000481,i000909,i000947,i001952,i001663,i000521,i001713,i000661,i000342"
u000927,"i000481,i000909,i000521,i001952,i001922,i000324,i001069,i000555,i000342,i000554"
u000933,"i001682,i000200,i001922,i001335,i001445,i002009,i002056,i001151,i001595,i000282"
u000936,"i000909,i000481,i001069,i001952,i000521,i001663,i000342,i000947,i000661,i001038"
u000937,"i001952,i000481,i000661,i001455,i001663,i001046,i001069,i001038,i001673,i000521"
u000941,"i000481,i001952,i001069,i000521,i000909,i000661,i001663,i000342,i000554,i001455"
u000943,"i000554,i001445,i000251,i001455,i001949,i000805,i001069,i000931,i001191,i000909"
u000944,"i001914,i001649,i001087,i001922,i000909,i001455,i000481,i001673,i001710,i001682"
u000945,"i000481,i001069,i000909,i000521,i001952,i000342,i001663,i000947,i000661,i000554"
u000947,"i001151,i000282,i001515,i001026,i001320,i000360,i001922,i000317,i000555,i002056"
u000948,"i000481,i001949,i001952,i001046,i001069,i000554,i001663,i001455,i000521,i000646"
u000951,"i000521,i000342,i000481,i001663,i000646,i001952,i000661,i001069,i000909,i000947"
u000953,"i001069,i000909,i000481,i000947,i001713,i001445,i000570,i001914,i001952,i000931"
u000957,"i001922,i002009,i001682,i001335,i001595,i001151,i000282,i000006,i001113,i000200"
u000958,"i001069,i000481,i000947,i001952,i000521,i000661,i000909,i001663,i000342,i001267"
u000963,"i000481,i001069,i001952,i000909,i000521,i001663,i000661,i000554,i000646,i000342"
u000964,"i001922,i000481,i001952,i001455,i000661,i000909,i000555,i001673,i000324,i001069"
u000977,"i001952,i001455,i001922,i001069,i000481,i001673,i000909,i000555,i000661,i000324"
u000980,"i001922,i000481,i000909,i001663,i000661,i002009,i001952,i001240,i001682,i000554"
u000988,"i001753,i001508,i000518,i000325,i001455,i001673,i001445,i001710,i001922,i001875"
u001000,"i001455,i001673,i001445,i001949,i001952,i001710,i000554,i000481,i000661,i001069"
u001006,"i001069,i000481,i000521,i000947,i000342,i000909,i001663,i000554,i001952,i000661"
u001008,"i000481,i000521,i000909,i001952,i000342,i001069,i000661,i001663,i000554,i000555"
u001009,"i001069,i000481,i000909,i001952,i001753,i000661,i001906,i001508,i001445,i001455"
u001013,"i000521,i000563,i001069,i000481,i000947,i000342,i001296,i001189,i000619,i000646"
u001016,"i001069,i000481,i000909,i000554,i001952,i000661,i000521,i001445,i001455,i001663"
u001019,"i001069,i000481,i000909,i001952,i000521,i001663,i000342,i000947,i000661,i000324"
u001020,"i000909,i000481,i001952,i001069,i000324,i000521,i000555,i000661,i000342,i001663"
u001022,"i001682,i001922,i001335,i002009,i001595,i000200,i001151,i002056,i000282,i001515"
u001035,"i000481,i001069,i001952,i000909,i001663,i000521,i000554,i000661,i000646,i000342"
u001037,"i001914,i001649,i001087,i000695,i001455,i001922,i001673,i001462,i001240,i001445"
u001041,"i000481,i001952,i001455,i000909,i001069,i001663,i000661,i001673,i001922,i000554"
u001048,"i001049,i000695,i001584,i000058,i001688,i001462,i000401,i001240,i001922,i000842"
u001062,"i000481,i000661,i000521,i000342,i001952,i000909,i001069,i001663,i001922,i001914"
u001065,"i001922,i000481,i001455,i000909,i001914,i000554,i001952,i000695,i001949,i001663"
u001073,"i000481,i001663,i000695,i001240,i001952,i001069,i000554,i001445,i000661,i001455"
u001077,"i000481,i001922,i001952,i000909,i001069,i000695,i001455,i000555,i000661,i000324"
u001078,"i000909,i000481,i000695,i000324,i000521,i001240,i001922,i000555,i000554,i000898"
u001079,"i001069,i000931,i000652,i001877,i000481,i001445,i000695,i001049,i000947,i000554"
u001081,"i000909,i001922,i000481,i001952,i001455,i001682,i001069,i001445,i000661,i001914"
u001082,"i001952,i000661,i000481,i001069,i000521,i001663,i000342,i001455,i001445,i000554"
u001084,"i000481,i001952,i001069,i001663,i000661,i000909,i000521,i000342,i001038,i000947"
u001087,"i000661,i001952,i000481,i001038,i001663,i001455,i000521,i001069,i000646,i001046"
u001090,"i001508,i000325,i001753,i001906,i001069,i000548,i001927,i000518,i000909,i001065"
u001092,"i001240,i000695,i001688,i000481,i000554,i001049,i001922,i000956,i001584,i001445"
u001103,"i000481,i001069,i001952,i001753,i001508,i000909,i001663,i001455,i000661,i001906"
u001105,"i000481,i001069,i001952,i000521,i000909,i000947,i000661,i000342,i001663,i000207"
u001110,"i000481,i000909,i001069,i001952,i000521,i001663,i000342,i001038,i000661,i000947"
u001112,"i001069,i000481,i000324,i001952,i000909,i000555,i000110,i000947,i000661,i000521"
u001120,"i000481,i000909,i000521,i001952,i001069,i000342,i000324,i000555,i000661,i001663"
u001124,"i001455,i001673,i001710,i001445,i000805,i001914,i000968,i001952,i000554,i000481"
u001130,"i000554,i000481,i000909,i001069,i000521,i001143,i001949,i001952,i001455,i000947"
u001131,"i001069,i000481,i000909,i001952,i000661,i001922,i000947,i000521,i001455,i000324"
u001142,"i000282,i001151,i001515,i000360,i001026,i000555,i001922,i000317,i001682,i000481"
u001144,"i000481,i001069,i000909,i001952,i001922,i001663,i000661,i001455,i000695,i000521"
u001148,"i000481,i001069,i000909,i001952,i000521,i001663,i000661,i000342,i000947,i000554"
u001151,"i000481,i000909,i000521,i000342,i001952,i001922,i000661,i000555,i001069,i000158"
u001157,"i001069,i000481,i000947,i000909,i001952,i000521,i001713,i001663,i000570,i000342"
u001159,"i000481,i001069,i000521,i000947,i001952,i000661,i000909,i000342,i001663,i000554"
u001165,"i000481,i000521,i000909,i001753,i001508,i000342,i000661,i000518,i001663,i001952"
u001167,"i000481,i001069,i000909,i001952,i001663,i000521,i000342,i000554,i000947,i000661"
u001170,"i000554,i000481,i000521,i000342,i000909,i001922,i001143,i001455,i000555,i000661"
u001172,"i000481,i000909,i001069,i000521,i000342,i001952,i000947,i000324,i001663,i000555"
u001183,"i001069,i000481,i000909,i001952,i001663,i000521,i000947,i000342,i000661,i000554"
u001184,"i000481,i001069,i000909,i000521,i001952,i001663,i000342,i000661,i000554,i001922"
u001198,"i001240,i001335,i001922,i001143,i000554,i000200,i000956,i002009,i001191,i001914"
u001200,"i000481,i001069,i000909,i001952,i001663,i000695,i000947,i000521,i001240,i000661"
u001212,"i001069,i000481,i001753,i000909,i001952,i001508,i001906,i000521,i000342,i001663"
u001231,"i000909,i000324,i000481,i000555,i001952,i001922,i000521,i000342,i001069,i000661"
u001233,"i000324,i001922,i001455,i000555,i001710,i001673,i001682,i000282,i001151,i000481"
u001239,"i001038,i001069,i000481,i001952,i001663,i000646,i000661,i001445,i000909,i000947"
u001251,"i000661,i001952,i000481,i001046,i001455,i001069,i001445,i000521,i001673,i000646"
u001257,"i000661,i000554,i001455,i001949,i001952,i001143,i001069,i000521,i001445,i000909"
u001259,"i001069,i000481,i000909,i001952,i000947,i000521,i001663,i000661,i000342,i000695"
u001262,"i000481,i000909,i001922,i001069,i001952,i001240,i000695,i001663,i000554,i000521"
u001269,"i000481,i001069,i001952,i000909,i000661,i000521,i001922,i001663,i000947,i001455"
u001277,"i000481,i001069,i000909,i001952,i001663,i001038,i000521,i000661,i001478,i000207"
u001278,"i000481,i001952,i000909,i001069,i001455,i001663,i001478,i001445,i001038,i001046"
u001285,"i000481,i000909,i001069,i001952,i000521,i001663,i000342,i000947,i000324,i000555"
u001288,"i000251,i000931,i001069,i000220,i001445,i001455,i000805,i000909,i000554,i000695"
u001293,"i001455,i001673,i001952,i001710,i001445,i000661,i000481,i000554,i001949,i001069"
u001297,"i000481,i000661,i000646,i001952,i001069,i001663,i000909,i001445,i001478,i001046"
u001298,"i000481,i001952,i001069,i000521,i000342,i000947,i000661,i000909,i001663,i000619"
u001309,"i000646,i000481,i001663,i001952,i000521,i001069,i000909,i000661,i001038,i000342"
u001310,"i001445,i000661,i001455,i001069,i001952,i001673,i001046,i001663,i000481,i001710"
u001312,"i000481,i001069,i001952,i000909,i000521,i001663,i000661,i000342,i000947,i001038"
u001316,"i000481,i001069,i001952,i000909,i000521,i001663,i000342,i000661,i000554,i000646"
u001317,"i001069,i000481,i001952,i000909,i000947,i001663,i000521,i001713,i000646,i000931"
u001318,"i000909,i000481,i001922,i000324,i000521,i001240,i000695,i000555,i000342,i000554"
u001326,"i000481,i001069,i000909,i001952,i000521,i001663,i000947,i001038,i000646,i000661"
u001329,"i000909,i000481,i001069,i001952,i000521,i001663,i000661,i001445,i000554,i001455"
u001335,"i001069,i001663,i001952,i000481,i000931,i001445,i000554,i001455,i000909,i001682"
u001336,"i001952,i000661,i000481,i001069,i000521,i001455,i000947,i000909,i001663,i000248"
u001339,"i001663,i000481,i001069,i001952,i000909,i000646,i000521,i000342,i001478,i000947"
u001340,"i001069,i000481,i002132,i001952,i001663,i001038,i000646,i000661,i001046,i001445"
u001344,"i001069,i000481,i001952,i001455,i000661,i001445,i000947,i001673,i000554,i001663"
u001358,"i001069,i000481,i000909,i001952,i001663,i000947,i000661,i000521,i000554,i000695"
u001366,"i000481,i000909,i001069,i001952,i001455,i001663,i000661,i001922,i000554,i001445"
u001368,"i000481,i000909,i001240,i000695,i001922,i001663,i000554,i001455,i001069,i001445"
u001377,"i000909,i001069,i000481,i000521,i000661,i001952,i000947,i001445,i001455,i000167"
u001384,"i000481,i000909,i001069,i001952,i000521,i000661,i000342,i000646,i001038,i001663"
u001391,"i000481,i001952,i001069,i001663,i000521,i000909,i000207,i001038,i000342,i001478"
u001395,"i000481,i001069,i000909,i001952,i001753,i001663,i000695,i000661,i000947,i001455"
u001405,"i000909,i000481,i000521,i000324,i000342,i000555,i000554,i001922,i000110,i001240"
u001419,"i001240,i001922,i000695,i000754,i001584,i001191,i000554,i001688,i001786,i000342"
u001424,"i001922,i001914,i001069,i001649,i000481,i000661,i000947,i000521,i001455,i000909"
u001425,"i000909,i000481,i000324,i000342,i001753,i000521,i001922,i001952,i000555,i001069"
u001429,"i000481,i000909,i000521,i001952,i001038,i000342,i000207,i001663,i000646,i001069"
u001437,"i000481,i001952,i001663,i000521,i001069,i000909,i000342,i000661,i000554,i000646"
u001441,"i001922,i000481,i001240,i000554,i000909,i000521,i000695,i000342,i001688,i001949"
u001444,"i001335,i001922,i002009,i001682,i000200,i001595,i002056,i001113,i000282,i001801"
u001446,"i001922,i002009,i000977,i001682,i001335,i001801,i001240,i000006,i000481,i000342"
u001452,"i000324,i000898,i000555,i000327,i000110,i000909,i000481,i001455,i001952,i000695"
u001454,"i000481,i000909,i001069,i001952,i000521,i001663,i000947,i000342,i000661,i000554"
u001463,"i000481,i001069,i000909,i001663,i001952,i000342,i000521,i000947,i001478,i000207"
u001471,"i000695,i001049,i001584,i001688,i000058,i001240,i001922,i001462,i000401,i001786"
u001481,"i000909,i000481,i001922,i000324,i000555,i000521,i001240,i000342,i001151,i000554"
u001483,"i001922,i001240,i000695,i000481,i001688,i000909,i001049,i000324,i000521,i000554"
u001487,"i000481,i001069,i000909,i000521,i001952,i001663,i000342,i000947,i000661,i000646"
u001495,"i000521,i000481,i000646,i001069,i000661,i000342,i001952,i000909,i001663,i000947"
u001496,"i000481,i001069,i001952,i000909,i000521,i001663,i000342,i000947,i000661,i000554"
u001499,"i001069,i000481,i001952,i000909,i000661,i000947,i000521,i001663,i001455,i001445"
u001501,"i001478,i000481,i001663,i000909,i001069,i001952,i001038,i001445,i001046,i000646"
u001504,"i001922,i000695,i000481,i000909,i001049,i001240,i001455,i000324,i001952,i001069"
u001510,"i000481,i001922,i001663,i001240,i000695,i001952,i000909,i001069,i001445,i000661"
u001531,"i000324,i000555,i000909,i000481,i000898,i001069,i000327,i000110,i000521,i001952"
u001532,"i001069,i001952,i000481,i000909,i000555,i000324,i001922,i001455,i000661,i001673"
u001535,"i001240,i000695,i001922,i001191,i001688,i001584,i000058,i001049,i000554,i000956"
u001537,"i000481,i000909,i000695,i001663,i001069,i001240,i001952,i000661,i000324,i001922"
u001544,"i000270,i000661,i001445,i000646,i001455,i001069,i001673,i001952,i000481,i001046"
u001549,"i000481,i000521,i000909,i001069,i000342,i001952,i001663,i000947,i000661,i000207"
u001550,"i000481,i001952,i001069,i001663,i001038,i000661,i001478,i000646,i000521,i000207"
u001554,"i001922,i001240,i000695,i000909,i000481,i000521,i000342,i001049,i001688,i001584"
u001557,"i001478,i000481,i001952,i001663,i001046,i001445,i000661,i002146,i000646,i001455"
u001563,"i001069,i000646,i000481,i000947,i001952,i001663,i000521,i000342,i000909,i000661"
u001564,"i000481,i000554,i001663,i000909,i001455,i000521,i001069,i001949,i001240,i001922"
u001565,"i000481,i000695,i001688,i001240,i001049,i000521,i000909,i000554,i000058,i001952"
u001577,"i000324,i000555,i000898,i000909,i000327,i000110,i000481,i001069,i001952,i001455"
u001579,"i001952,i000481,i000661,i001663,i000554,i000909,i000521,i001069,i001038,i000342"
u001581,"i000324,i000555,i000909,i000110,i000481,i000898,i000327,i000521,i000695,i000554"
u001584,"i000481,i001069,i000909,i001952,i000521,i000342,i001663,i000661,i000324,i000947"
u001587,"i000481,i001069,i000909,i001952,i001663,i000947,i000661,i000521,i000342,i001455"
u001589,"i001952,i000481,i001069,i000661,i000909,i001455,i001038,i001663,i000521,i000207"
u001591,"i000481,i001455,i000909,i001952,i000695,i001069,i001673,i000661,i001445,i001922"
u001595,"i001455,i001673,i001710,i001445,i001952,i001069,i000481,i000661,i000805,i000554"
u001596,"i001445,i001069,i000481,i001952,i000646,i001663,i000909,i000661,i001455,i000554"
u001598,"i001046,i000481,i001952,i001455,i000661,i001069,i000646,i001673,i001445,i001663"
u001608,"i000481,i001952,i000661,i000521,i000909,i001663,i000342,i001478,i001038,i000646"
u001611,"i001069,i000947,i000481,i000554,i000909,i001952,i001455,i000661,i000931,i000521"
u001614,"i000481,i001069,i000909,i001952,i000695,i001663,i000661,i001455,i001922,i000947"
u001626,"i000481,i000554,i000521,i000661,i001952,i000909,i000342,i001663,i001046,i001455"
u001627,"i000909,i000481,i001922,i001240,i000521,i000324,i000555,i000695,i000342,i000554"
u001628,"i000481,i001069,i000909,i001952,i000521,i001663,i000342,i000324,i000661,i000555"
u001632,"i000324,i001069,i000481,i000909,i000555,i001952,i000521,i000661,i000898,i001455"
u001636,"i001922,i002009,i001240,i001682,i000695,i001335,i001786,i000200,i001049,i000977"
u001645,"i000481,i001038,i001952,i001069,i000909,i000661,i001663,i000521,i000207,i000646"
u001648,"i001069,i000481,i000909,i001952,i000947,i000521,i001663,i000661,i000342,i001038"
u001659,"i000481,i001952,i001069,i000554,i001455,i000661,i001663,i000947,i000521,i000909"
u001671,"i000554,i000956,i000481,i001949,i001143,i001455,i001191,i001914,i001069,i001663"
u001675,"i000554,i001455,i001949,i001914,i000481,i000909,i001445,i001069,i000931,i001673"
u001676,"i000327,i000324,i000110,i000555,i000898,i000909,i001952,i000481,i001069,i001508"
u001680,"i000909,i000481,i000521,i001952,i001069,i000324,i000555,i000342,i001922,i001663"
u001681,"i000282,i001151,i001515,i000360,i001069,i000481,i001682,i001922,i000555,i001335"
u001695,"i001069,i000481,i001952,i000909,i000521,i000661,i000947,i001663,i000324,i000555"
u001699,"i000481,i001069,i001455,i000695,i001952,i000909,i001673,i001663,i000661,i001922"
u001700,"i000521,i000481,i000646,i001663,i000342,i000909,i001952,i000661,i001038,i000554"
u001711,"i000695,i001584,i000058,i001049,i001688,i000401,i001462,i001240,i001922,i001778"
u001713,"i000909,i000481,i000521,i000324,i001922,i001240,i000554,i000695,i000555,i001069"
u001719,"i000481,i001952,i001069,i000909,i000661,i000521,i001663,i000342,i001038,i000947"
u001725,"i001952,i000481,i000909,i000661,i000521,i001069,i000342,i001663,i000248,i001038"
u001730,"i000909,i000481,i001922,i000324,i000555,i000521,i001240,i001952,i000342,i001069"
u001731,"i000481,i001069,i001952,i000909,i001922,i001663,i000661,i001455,i000324,i000554"
u001750,"i000481,i000909,i000324,i001922,i000521,i000555,i001240,i000342,i000898,i000695"
u001753,"i001069,i000481,i000909,i000324,i001952,i000555,i000521,i000661,i001922,i001663"
u001759,"i000555,i000324,i000481,i000521,i000342,i000909,i001952,i000327,i000661,i001663"
u001767,"i001922,i000909,i000324,i000481,i000555,i000898,i000521,i001240,i000342,i001151"
u001770,"i000481,i001663,i001478,i001069,i001952,i000909,i000342,i000521,i000947,i000646"
u001793,"i000909,i000481,i000324,i000521,i001922,i000342,i000555,i000554,i001240,i000898"
u001801,"i000909,i000481,i001069,i000521,i000342,i001952,i001663,i001478,i000324,i000661"
u001802,"i000909,i001922,i000324,i000481,i000555,i001240,i000695,i000521,i001151,i000554"
u001806,"i000481,i001445,i001046,i001478,i001663,i001952,i001038,i001455,i000909,i000646"
u001814,"i000481,i001069,i001952,i000909,i001663,i000521,i001038,i000661,i000646,i000207"
u001817,"i000481,i000342,i000521,i000909,i001663,i001952,i001478,i000661,i000646,i000207"
u001824,"i000695,i001240,i001688,i001922,i001049,i001584,i000058,i000554,i000754,i001786"
u001826,"i000481,i000521,i000554,i000909,i001952,i000661,i001069,i000646,i000342,i001663"
u001835,"i000481,i000521,i000909,i001949,i001952,i000554,i001069,i000342,i000661,i001663"
u001837,"i000481,i001069,i000909,i001952,i000521,i000342,i000947,i000661,i001663,i000324"
u001839,"i000481,i001069,i000909,i001952,i001663,i000695,i000947,i000521,i000661,i000342"
u001843,"i000481,i001952,i000661,i001069,i000909,i001922,i000521,i001663,i001455,i001038"
u001852,"i000481,i001952,i001069,i001663,i000521,i000207,i000661,i001038,i000646,i000909"
u001854,"i001922,i001682,i002009,i001335,i000200,i000695,i001240,i001595,i001151,i000977"
u001856,"i000481,i000909,i000521,i000342,i001952,i001922,i000324,i000554,i001038,i001663"
u001862,"i001191,i000554,i001949,i001240,i000909,i001786,i001143,i000652,i000956,i001445"
u001885,"i000324,i000898,i000555,i000110,i000909,i000327,i000481,i000877,i000521,i001134"
u001890,"i001688,i001049,i001584,i000695,i000401,i000058,i001462,i001240,i001778,i001350"
u001899,"i000695,i001584,i000058,i001049,i001688,i001240,i001462,i000401,i001922,i000931"
u001901,"i000481,i001069,i000909,i001952,i000521,i000342,i000324,i000555,i001663,i000661"
u001904,"i001069,i000481,i000909,i001952,i001663,i000947,i000521,i000207,i001713,i001038"
u001911,"i000481,i001922,i000521,i000909,i000342,i000554,i001240,i000324,i001952,i000695"
u001914,"i000909,i001922,i001240,i000695,i000481,i000554,i001786,i000521,i000324,i000754"
u001915,"i000554,i001922,i001069,i002009,i001445,i000956,i001717,i000481,i001335,i000661"
u001917,"i000521,i000909,i000481,i000342,i000661,i001952,i000554,i001663,i000555,i000646"
u001919,"i000481,i000909,i000521,i001952,i001069,i000342,i001663,i000207,i000661,i001038"
u001920,"i001682,i001922,i001335,i002009,i001595,i001151,i000200,i001952,i000481,i002056"
u001921,"i000661,i001455,i001069,i000481,i001445,i001673,i000947,i001952,i001922,i000554"
u001924,"i000481,i000909,i001069,i000521,i001952,i000342,i001663,i000324,i000661,i001922"
u001927,"i001922,i001682,i001335,i002009,i002056,i000661,i000977,i001595,i000006,i000200"
u001929,"i001922,i001240,i000909,i000695,i000481,i000324,i000554,i000521,i000555,i000342"
u001930,"i001949,i000695,i000554,i001240,i000652,i001191,i001049,i001688,i000058,i001584"
u001935,"i000909,i000481,i000521,i000342,i000324,i001952,i000555,i001922,i001069,i000554"
u001937,"i001688,i000695,i000058,i001049,i001584,i001240,i001922,i000977,i000401,i000554"
u001939,"i001046,i000481,i001952,i000661,i001455,i001069,i000646,i001445,i001038,i001663"
u001940,"i001952,i000481,i001046,i000661,i001455,i001673,i001710,i001010,i000158,i002146"
u001943,"i001455,i001673,i001952,i001069,i001710,i000481,i001445,i000661,i000909,i000554"
u001944,"i001914,i001649,i001087,i001069,i000909,i000481,i000554,i001952,i001949,i001663"
u001956,"i000555,i000324,i000909,i000110,i000481,i000327,i000898,i000521,i000342,i001069"
u001958,"i000909,i000481,i000324,i000521,i001922,i000342,i000555,i000554,i001240,i000898"
u001963,"i000695,i001922,i001240,i000909,i001688,i001049,i001584,i000481,i000058,i000342"
u001966,"i000521,i000481,i000342,i000909,i001952,i000661,i000554,i001663,i000555,i000646"
u001967,"i000481,i001922,i000909,i001952,i001663,i001455,i000661,i000695,i001069,i001240"
u001971,"i000909,i000481,i001069,i001952,i000521,i001038,i000661,i001663,i000342,i000646"
u001972,"i001069,i000481,i000947,i000909,i001952,i001267,i000521,i001663,i001713,i000570"
u001979,"i001922,i001240,i000909,i000695,i001049,i001786,i000481,i001688,i000754,i001584"
u001982,"i000481,i001952,i001069,i000521,i000909,i000342,i001663,i000661,i000947,i000207"
u001984,"i000909,i000481,i001069,i001952,i001663,i000521,i000661,i000947,i000342,i000554"
u001992,"i001682,i001922,i001595,i002009,i001335,i000200,i000006,i001151,i001113,i001240"
u001999,"i000481,i000695,i001922,i001952,i001240,i001069,i000661,i001688,i001663,i001049"
u002006,"i001069,i000481,i001952,i000909,i000661,i000947,i000521,i001455,i001922,i000324"
u002009,"i000909,i000481,i001952,i000521,i001046,i001069,i000661,i000646,i000324,i000342"
u002012,"i001069,i000481,i000909,i001952,i000947,i000521,i000342,i001663,i000661,i001713"
u002018,"i000909,i001240,i000481,i001922,i000695,i000554,i000521,i000555,i000324,i000342"
u002019,"i000909,i000481,i000324,i001922,i000521,i000555,i000342,i000898,i000110,i001952"
u002022,"i001455,i001673,i001710,i001952,i001445,i000661,i000805,i000554,i001069,i001922"
u002030,"i000695,i001584,i000058,i001049,i001688,i001240,i001462,i000401,i001922,i000931"
u002033,"i000481,i000909,i001069,i001952,i000695,i001663,i000661,i000521,i001922,i001455"
u002040,"i001922,i000481,i001952,i001445,i000661,i000909,i001455,i001663,i000554,i001069"
u002043,"i001069,i000481,i000909,i001952,i000947,i001922,i000661,i000324,i001682,i001663"
u002048,"i000481,i000909,i001952,i000521,i001663,i000661,i000342,i000898,i000554,i000207"
u002052,"i000909,i000481,i000521,i000324,i000342,i000555,i001069,i001952,i000554,i001922"
u002056,"i001069,i000909,i000481,i001952,i000521,i000947,i000661,i001713,i000342,i000324"
u002072,"i001069,i000909,i000481,i000521,i001952,i000947,i000342,i001663,i000661,i001267"
u002073,"i001922,i000695,i000481,i001240,i000909,i001688,i000554,i000521,i001049,i000661"
u002082,"i000324,i000481,i000110,i000646,i000661,i001952,i000555,i000909,i000521,i000877"
u002087,"i001922,i001069,i000481,i000324,i001952,i000909,i001151,i000555,i000282,i001682"
u002104,"i000909,i000481,i001069,i000521,i000342,i001952,i001663,i000324,i000661,i000554"
u002112,"i000909,i000481,i000521,i001455,i000554,i001952,i001949,i000324,i000342,i001922"
u002119,"i001786,i000754,i001240,i001922,i000554,i001049,i001191,i001350,i001688,i000695"
u002120,"i000481,i000521,i001069,i001663,i000342,i000909,i001952,i000661,i001478,i001922"
u002121,"i000481,i000646,i000947,i001069,i000521,i001952,i001038,i001663,i000661,i001508"
u002122,"i000324,i000555,i000898,i000110,i000327,i000909,i000877,i000481,i001134,i000521"
u002129,"i000481,i001069,i000909,i001952,i001663,i000521,i000947,i000661,i001455,i000554"
u002131,"i000909,i000481,i000324,i000555,i001922,i000521,i000342,i000554,i001240,i001952"
u002132,"i000909,i001069,i000481,i001952,i000661,i000342,i001663,i000947,i000521,i001478"
u002134,"i000481,i000909,i000521,i000342,i001663,i000554,i000661,i001952,i001069,i001922"
u002140,"i001922,i000977,i000521,i000481,i000554,i000342,i000909,i001240,i000695,i001688"
u002147,"i000695,i001240,i001688,i001922,i000481,i000554,i001049,i000909,i000521,i000058"
u002148,"i000342,i000521,i000481,i000909,i000554,i000661,i001952,i001663,i001914,i001922"
u002150,"i001922,i001240,i000909,i000481,i000324,i000555,i000695,i000342,i000521,i000554"
u002156,"i001455,i001673,i001710,i001445,i001952,i000661,i001914,i000481,i000554,i000805"
u002157,"i000481,i000521,i001922,i000342,i000909,i001069,i001952,i000554,i001663,i000661"
u002165,"i001069,i000947,i000251,i000931,i000909,i001267,i001663,i000570,i001713,i000481"
u002166,"i000481,i000521,i001069,i000909,i000342,i001952,i000661,i000947,i001663,i000619"
u002170,"i000695,i001455,i000481,i001922,i001952,i001049,i001673,i001710,i001445,i001069"
u002173,"i001922,i001240,i000909,i000695,i000481,i001688,i000324,i000555,i000554,i000521"
u002174,"i001240,i000695,i001688,i001922,i001049,i001584,i000481,i000058,i000909,i000554"
u002176,"i001952,i001069,i000661,i000481,i001455,i000909,i001445,i001673,i000999,i000720"
u002177,"i000909,i001069,i000481,i001952,i000521,i000661,i001663,i000342,i001713,i000947"
u002181,"i000481,i001069,i000909,i001952,i001663,i001455,i000695,i000661,i001922,i000324"
u002185,"i000481,i001069,i000909,i001952,i000521,i001663,i000661,i000554,i000342,i000207"
u002186,"i001922,i000909,i000481,i000342,i001240,i000521,i000554,i000695,i001786,i000754"
u002189,"i001455,i001673,i001710,i001445,i001949,i000554,i000805,i001952,i001914,i000909"
u002191,"i000909,i000481,i000521,i001922,i000554,i000342,i000695,i001240,i001952,i000555"
u002192,"i001922,i002009,i001682,i000977,i001335,i001240,i000342,i000481,i000695,i000521"
u002194,"i000909,i000481,i000521,i000324,i000342,i001069,i001952,i000661,i000554,i000555"
u002202,"i001240,i000695,i001922,i001688,i001049,i000481,i001584,i000554,i000058,i000909"
u002205,"i000554,i001949,i001191,i001143,i001455,i000956,i001240,i001445,i001673,i000481"
u002213,"i000521,i000342,i000481,i000909,i001922,i001240,i001688,i000695,i000554,i001663"
u002219,"i001688,i001049,i000695,i001584,i001240,i000058,i001462,i000401,i001350,i001922"
u002220,"i001952,i000481,i001069,i000110,i000521,i000661,i002132,i000909,i001038,i000324"
u002230,"i000481,i001069,i000909,i001952,i000324,i000521,i000555,i000342,i000661,i001663"
u002231,"i001445,i000554,i000481,i001949,i001952,i001069,i001455,i000909,i001143,i001191"
u002235,"i000481,i001922,i001663,i000554,i000909,i000521,i000661,i001952,i001069,i000956"
u002237,"i001455,i001710,i001952,i001673,i001445,i000909,i000661,i000481,i001069,i000554"
u002243,"i001335,i001922,i001682,i002009,i000200,i001595,i001240,i002056,i001801,i001649"
u002245,"i001240,i001922,i000695,i000754,i001786,i000200,i002009,i001191,i001682,i001049"
u002246,"i001922,i000481,i000909,i001240,i000695,i000521,i000342,i000554,i000324,i001663"
u002257,"i000342,i000521,i000481,i000909,i000661,i001952,i001663,i000554,i000555,i000619"
u002261,"i000481,i000909,i001069,i000521,i000342,i001952,i001663,i000661,i000646,i001478"
u002263,"i001922,i001240,i000695,i001049,i001688,i000909,i001584,i000481,i000754,i001786"
u002264,"i000481,i000909,i001069,i001952,i001478,i001663,i000521,i000342,i000661,i001038"
u002268,"i000521,i000481,i000909,i000342,i001922,i000554,i000555,i000661,i001952,i000646"
u002269,"i001049,i000695,i001584,i001688,i000058,i001240,i001922,i000401,i001462,i001786"
u002278,"i001069,i000481,i001952,i000661,i001663,i001922,i000909,i001914,i000695,i001673"
u002282,"i000481,i000909,i001753,i001922,i001952,i001069,i001663,i000661,i001508,i000342"
u002283,"i000324,i000909,i000555,i000898,i001922,i000327,i000110,i000481,i001240,i000342"
u002291,"i000481,i000695,i000909,i001240,i000554,i001922,i000324,i001952,i001663,i000521"
u002308,"i001922,i000481,i001240,i000521,i000977,i000342,i000909,i000554,i002009,i000695"
u002309,"i001069,i000909,i000481,i001952,i001455,i000661,i001922,i000555,i001663,i001673"
u002313,"i000909,i000481,i000324,i000521,i000342,i001922,i000555,i001952,i001069,i001663"
u002319,"i000909,i000481,i000521,i001922,i000342,i000554,i000695,i000324,i001240,i001663"
u002322,"i000554,i000805,i001455,i001949,i001191,i001445,i001710,i001143,i001673,i001240"
u002332,"i001069,i001952,i001922,i000282,i001455,i001151,i000909,i000555,i000324,i000481"
u002337,"i001922,i002009,i001682,i001240,i001049,i000695,i001335,i000006,i000977,i001801"
u002338,"i000481,i001663,i001952,i000646,i000554,i000909,i000521,i001069,i001445,i001949"
u002346,"i001069,i000481,i000909,i001952,i000521,i000324,i000555,i000661,i001663,i000342"
u002352,"i000481,i001922,i000554,i000909,i000521,i001240,i000661,i001914,i001663,i000342"
u002356,"i000481,i001952,i000909,i000554,i000521,i001240,i001922,i000342,i001663,i000661"
u002359,"i000481,i001445,i001455,i000554,i000324,i000909,i000521,i001753,i001240,i000661"
u002369,"i001922,i001240,i000695,i000909,i000481,i000521,i001688,i000324,i000555,i000554"
u002374,"i000481,i000554,i001455,i001445,i001952,i001663,i001046,i000909,i001949,i001673"
u002375,"i001240,i001069,i000695,i000554,i001663,i001922,i000481,i001191,i001688,i000956"
u002377,"i000555,i000324,i001151,i000327,i000282,i000110,i001922,i001125,i000360,i001515"
u002379,"i000481,i000521,i001069,i001952,i000909,i000342,i000661,i001663,i000947,i000619"
u002383,"i000481,i000695,i001240,i001922,i001688,i000909,i000554,i000521,i001049,i001952"
u002391,"i000481,i000909,i000324,i001922,i000521,i001952,i000555,i001069,i001240,i001151"
u002393,"i001191,i001240,i000554,i001445,i001455,i001949,i001673,i001143,i000956,i001801"
u002397,"i000481,i001922,i000554,i001240,i000909,i000521,i000695,i001952,i000342,i000646"
u002413,"i001922,i001240,i002009,i001682,i000695,i001049,i001335,i001786,i000200,i001801"
u002414,"i000481,i000909,i000521,i001952,i000554,i000898,i000324,i000342,i001922,i000555"
u002419,"i001922,i001240,i000909,i000695,i000481,i000324,i001786,i000754,i000554,i001049"
u002432,"i000481,i001922,i001952,i000695,i001240,i001445,i000661,i001663,i000554,i000909"
u002435,"i000695,i001462,i001584,i001049,i000058,i001688,i000401,i001240,i000931,i000842"
u002446,"i000481,i000909,i001922,i001952,i001069,i000521,i001663,i000342,i000554,i000324"
u002450,"i000481,i000909,i000342,i000521,i001922,i001240,i000324,i000555,i000554,i001663"
u002454,"i001143,i000554,i001455,i000909,i000481,i001952,i001710,i001922,i001673,i000661"
u002467,"i000481,i001922,i000695,i001240,i001688,i000521,i000909,i000554,i000324,i000342"
u002473,"i001240,i001922,i000695,i001688,i001584,i000754,i000058,i000554,i001191,i002009"
u002475,"i000909,i000481,i000342,i000521,i000555,i000324,i001922,i000554,i001952,i001663"
u002488,"i000909,i000481,i000521,i000342,i001663,i001069,i001952,i000661,i000554,i000646"
u002489,"i000481,i000909,i000521,i001922,i000342,i000324,i000555,i000554,i001240,i001952"
u002504,"i000324,i000555,i000909,i000110,i000898,i000481,i000327,i000521,i000342,i001134"
u002507,"i001049,i000695,i001688,i001584,i000058,i001462,i001240,i000401,i001922,i001786"
u002511,"i000909,i000481,i000521,i000342,i000324,i000554,i001952,i001922,i001663,i000555"
u002518,"i001922,i001240,i000695,i001688,i000481,i000909,i001049,i000554,i001786,i000521"
u002520,"i001922,i001801,i002056,i001335,i001682,i000661,i000282,i001240,i002009,i001143"
u002525,"i001922,i000977,i000521,i000481,i000342,i000554,i000909,i002009,i000282,i000555"
u002529,"i001922,i001240,i002009,i001049,i000695,i001682,i001786,i001688,i001335,i001801"
u002530,"i000481,i000909,i001069,i001952,i000521,i000554,i001663,i000342,i000324,i000646"
u002534,"i001786,i000754,i001240,i001922,i000554,i001350,i001191,i001688,i001049,i000695"
u002543,"i000324,i001151,i000555,i000898,i000282,i001515,i000909,i000481,i000110,i001069"
u002545,"i001786,i000754,i001350,i001240,i000554,i001922,i001191,i001688,i001949,i000695"
u002548,"i000324,i000555,i000909,i000110,i000898,i000327,i001922,i000481,i000521,i001134"
u002549,"i000646,i001922,i000481,i000909,i001688,i001663,i000324,i000521,i000554,i000661"
u002558,"i000481,i001922,i000342,i000521,i000909,i001240,i000554,i000661,i001663,i000324"
u002561,"i000646,i001922,i001688,i001240,i000695,i000481,i000909,i001049,i000521,i001786"
u002562,"i000695,i001049,i001584,i001688,i000058,i001240,i001922,i001462,i000401,i001786"
u002565,"i001455,i001952,i001922,i000909,i001069,i000555,i000324,i000481,i001673,i000282"
u002576,"i001069,i000481,i000909,i001952,i000947,i000661,i001663,i000521,i001455,i000554"
u002580,"i001688,i000695,i001049,i001584,i001240,i000058,i001350,i000754,i000401,i001462"
u002596,"i000481,i000909,i001069,i000521,i001952,i000324,i000554,i000555,i001663,i000342"
u002604,"i001922,i001682,i002009,i001335,i001240,i000695,i000200,i001786,i000977,i001151"
u002612,"i000909,i001922,i000481,i000324,i001240,i000521,i000555,i000695,i000342,i000554"
u002620,"i000909,i000481,i001069,i001663,i001478,i000521,i001952,i000207,i000342,i000661"
u002625,"i001049,i000695,i001922,i001584,i000058,i001688,i001240,i001462,i001786,i000401"
u002635,"i000695,i001922,i001240,i001688,i001049,i001584,i000058,i000481,i002009,i001786"
u002651,"i000481,i000661,i001922,i001952,i001455,i001069,i000909,i001673,i000324,i001663"
u002653,"i001455,i000555,i000324,i001922,i001952,i000481,i001673,i000909,i001710,i001445"
u002654,"i001682,i001922,i002009,i001335,i001595,i000200,i000481,i001069,i000167,i000977"
u002657,"i001786,i000754,i001240,i001922,i000554,i001350,i000695,i000220,i001688,i001191"
u002661,"i001922,i001240,i001049,i000695,i002009,i001682,i001786,i001335,i000200,i001688"
u002664,"i001922,i000909,i001240,i000481,i000324,i000695,i000555,i000554,i000342,i000521"
u002665,"i001455,i001673,i001710,i001952,i001445,i000554,i000661,i000805,i001069,i001914"
u002670,"i000695,i001922,i001688,i001240,i001049,i001584,i000058,i001786,i002009,i000481"
u002671,"i000909,i000481,i000324,i001922,i000521,i000342,i000555,i000695,i001952,i001240"
u002675,"i001240,i000695,i001688,i001922,i000754,i001049,i001584,i001786,i000058,i001191"
u002676,"i000481,i001069,i001952,i000909,i000661,i001663,i000521,i001038,i000646,i000947"
u002677,"i001240,i001922,i000695,i000754,i001584,i001191,i002009,i001786,i001688,i000554"
u002678,"i001922,i000909,i001240,i000324,i000481,i000554,i000555,i000695,i000521,i000342"
u002683,"i001688,i001049,i000695,i001240,i001584,i000058,i000401,i001786,i001462,i000554"
u002696,"i001688,i001049,i000695,i001584,i001240,i000058,i000401,i001462,i001350,i001922"
u002702,"i000695,i001584,i001688,i001049,i000058,i001240,i001462,i001922,i000401,i001350"
u002716,"i000695,i001688,i001240,i001049,i001922,i001584,i000058,i000481,i001786,i000554"
u002721,"i000695,i001688,i001049,i001240,i001922,i001584,i000058,i000481,i000554,i000754"
u002737,"i000695,i001240,i001922,i001688,i001049,i001584,i000058,i001786,i000754,i000481"
u002742,"i001914,i001649,i001455,i001087,i001673,i000481,i001445,i001069,i000554,i001952"
u002746,"i000695,i001240,i001688,i001049,i001922,i001584,i000058,i000481,i000909,i000554"
u002749,"i001922,i000977,i000521,i000342,i000481,i000661,i002009,i000554,i000555,i000909"
u002764,"i001922,i001455,i000481,i001682,i001710,i000324,i001673,i001952,i000695,i002009"
u002770,"i000695,i001584,i000058,i001049,i001688,i001462,i001240,i001922,i000401,i000623"
u002775,"i000909,i000481,i000695,i001069,i001922,i001240,i001952,i000324,i001663,i000521"
u002779,"i001240,i000695,i001922,i001688,i001049,i001584,i000058,i000554,i000481,i001786"
u002781,"i001922,i001240,i000695,i001049,i001688,i000909,i001584,i001786,i000754,i000481"
u002795,"i001906,i001753,i001069,i000481,i001508,i000518,i001952,i000909,i000325,i000342"
u002801,"i000695,i001240,i001688,i001922,i001049,i001584,i000058,i000481,i000754,i000554"
u002805,"i001922,i001240,i000695,i002009,i001049,i001682,i001335,i001786,i001688,i000200"
u002813,"i000695,i001049,i001584,i001462,i001688,i000058,i001240,i000401,i001922,i000623"
u002817,"i000695,i001049,i001584,i001688,i000058,i001240,i001462,i001922,i000401,i001786"
u002824,"i000481,i000909,i001922,i000661,i001455,i000695,i001952,i001663,i000521,i000554"
u002826,"i000695,i001922,i001240,i001049,i000909,i001688,i000481,i001584,i000058,i000324"
u002832,"i000909,i000481,i000521,i000342,i000324,i000555,i001952,i001663,i000661,i000554"
u002837,"i001240,i000481,i000695,i001922,i000909,i000554,i001688,i000521,i001949,i001584"
u002843,"i000481,i000554,i001688,i000695,i001240,i001952,i001922,i000521,i000661,i000909"
u002850,"i000481,i000909,i001663,i001952,i000521,i000661,i000342,i001069,i001922,i000554"
u002851,"i000909,i000481,i000521,i001922,i000324,i000342,i000555,i000554,i001663,i001240"
u002855,"i001922,i001217,i000977,i000342,i000521,i000646,i000253,i000493,i000661,i001720"
u002857,"i000909,i000481,i000342,i000695,i000521,i001922,i001584,i001688,i000058,i001952"
u002866,"i000695,i001584,i001688,i001240,i001049,i000058,i001922,i001462,i000401,i001786"
u002880,"i000695,i001240,i001922,i001049,i001688,i001584,i000909,i000058,i000481,i001786"
u002881,"i000695,i001240,i001922,i001049,i001688,i001584,i000058,i000909,i001786,i000481"
u002884,"i000481,i000521,i000342,i000909,i001663,i000661,i001952,i000646,i000554,i001038"
u002889,"i001922,i000695,i001240,i001049,i000909,i001688,i001584,i000481,i001786,i000058"
u002892,"i000695,i001240,i001688,i001922,i000481,i001049,i000554,i001584,i000909,i000521"
u002893,"i000481,i000342,i000909,i001922,i001663,i000554,i000521,i001240,i000661,i001952"
u002894,"i001922,i001240,i002009,i000695,i001049,i001682,i001786,i001688,i001335,i000200"
u002921,"i001922,i001240,i002009,i001049,i000695,i001682,i001786,i001335,i000200,i001688"
u002922,"i001922,i000695,i000481,i001455,i000909,i001673,i001952,i000324,i001914,i001710"
u002947,"i001240,i001922,i000695,i000909,i000481,i001049,i001688,i001584,i000324,i000554"
u002960,"i000695,i001240,i001922,i001688,i001049,i001584,i000058,i001786,i000754,i000481"
u002961,"i000695,i000909,i001922,i001240,i000481,i001049,i001584,i001688,i000521,i000342"
u002975,"i001455,i000931,i001673,i001445,i001710,i000805,i001069,i000968,i000652,i000554"
u002980,"i000481,i001069,i001952,i000521,i000661,i000947,i001663,i000909,i000646,i001038"
u002983,"i001049,i000695,i001688,i001584,i001240,i001922,i000058,i001462,i000401,i001786"
u002986,"i001151,i000282,i001515,i001026,i001320,i001922,i001682,i002009,i001335,i000360"
u003000,"i000481,i001952,i000909,i001069,i000521,i001663,i000661,i001038,i000342,i000646"
u003013,"i000695,i001688,i001240,i001922,i001049,i001584,i000058,i001786,i000754,i000554"
u003016,"i001069,i000481,i001952,i000521,i000909,i000661,i000947,i001663,i000342,i000554"
u003020,"i000481,i001069,i001952,i001922,i000661,i000695,i000909,i001663,i000554,i001455"
u003021,"i001049,i000695,i001688,i001584,i000058,i001240,i001462,i001922,i000401,i001877"
u003025,"i000695,i001922,i001240,i001049,i001688,i001584,i000058,i001786,i000909,i000754"
u003030,"i000481,i000909,i000521,i000342,i000554,i000555,i001663,i000324,i001753,i001952"
u003035,"i001922,i000909,i001240,i000481,i000324,i000554,i000342,i001786,i000555,i000695"
u003037,"i001922,i001240,i001049,i000695,i002009,i001682,i001688,i001786,i000058,i001335"
u003038,"i001049,i000695,i001688,i001584,i001922,i000058,i001240,i001462,i000401,i000006"
u003040,"i000481,i001069,i000909,i001952,i000695,i001455,i000661,i001663,i000521,i001922"
u003042,"i000481,i001952,i001069,i000661,i000646,i001663,i000521,i001455,i001038,i000554"
u003043,"i001786,i000754,i001350,i000554,i001922,i001191,i001049,i001240,i001688,i000695"
u003044,"i001922,i000521,i002009,i000342,i001240,i001151,i000977,i001682,i000695,i001688"
u003056,"i000481,i001875,i000342,i000909,i001952,i000521,i001949,i001069,i000661,i001455"
u003057,"i001922,i001240,i000695,i001049,i001688,i001584,i000909,i000058,i000481,i002009"
u003059,"i000956,i000554,i001786,i001717,i001240,i001191,i001143,i001314,i000754,i001949"
u003061,"i001240,i000695,i001688,i000481,i000554,i001922,i001049,i000909,i000521,i001584"
u003063,"i001922,i001240,i000695,i000481,i000909,i001688,i000554,i001049,i001584,i000521"
u003065,"i000481,i000909,i001952,i001069,i000521,i000661,i001663,i001478,i001038,i000207"
u003072,"i000909,i000481,i000521,i001069,i000342,i001663,i000324,i000555,i000554,i001952"
u003074,"i001922,i001240,i002009,i000695,i001682,i001049,i001786,i000977,i001801,i001335"
u003078,"i001240,i000695,i001922,i001688,i000481,i001049,i000554,i001584,i000909,i000058"
u003084,"i001922,i002009,i001240,i001049,i000695,i001682,i001335,i001786,i001801,i000006"
u003088,"i000481,i000695,i001922,i000909,i001240,i001049,i001455,i001663,i001952,i001069"
u003092,"i000909,i000481,i000521,i001069,i001952,i001663,i001038,i000661,i000342,i000646"
u003097,"i000481,i000695,i001069,i000909,i001952,i001922,i001240,i001049,i001663,i000661"
u003098,"i001455,i001673,i001710,i001952,i001069,i001445,i000909,i000481,i000661,i000931"
u003108,"i001952,i000481,i000909,i000661,i000521,i001069,i001663,i001455,i000342,i001038"
u003110,"i001922,i002009,i001682,i001240,i000977,i001335,i000481,i000695,i000006,i001801"
u003115,"i001922,i001240,i000909,i000695,i000481,i000324,i001049,i000342,i001786,i001688"
u003118,"i000481,i000521,i000909,i000342,i000324,i000661,i000555,i000554,i001952,i000646"
u003121,"i001922,i001240,i002009,i000695,i001049,i001682,i001786,i001335,i001801,i000200"
u003123,"i001069,i000481,i000947,i001952,i000909,i000521,i000661,i000342,i001663,i000554"
u003128,"i001914,i001649,i001087,i001455,i001069,i000931,i001445,i001673,i000695,i000554"
u003131,"i001069,i000481,i001952,i000947,i000661,i000909,i001922,i000521,i000342,i001663"
u003144,"i001445,i001069,i000481,i000554,i000661,i001455,i001952,i000931,i000909,i001191"
u003156,"i000481,i001069,i001952,i000909,i001663,i000661,i000947,i000521,i001038,i000646"
u003158,"i000661,i000481,i001952,i001875,i001455,i000521,i001673,i001069,i000646,i001663"
u003159,"i001508,i001753,i001069,i001906,i001445,i000661,i001455,i001952,i000481,i000518"
u003161,"i000481,i001069,i001952,i000909,i000661,i000521,i001663,i000947,i001455,i000342"
u003162,"i001952,i000481,i001069,i001455,i000661,i000909,i001663,i001038,i000947,i000554"
u003164,"i000481,i001069,i000909,i001455,i001952,i000695,i001922,i001445,i001663,i000661"
u003169,"i001952,i000481,i000661,i001069,i001455,i000909,i001673,i000342,i000521,i001445"
u003178,"i000481,i000909,i001069,i001952,i001455,i000661,i000324,i000555,i001663,i000521"
u003179,"i001069,i001952,i001445,i000661,i001143,i000554,i001455,i000481,i001673,i000947"
u003180,"i001069,i000481,i000909,i001952,i000555,i001455,i000324,i000661,i001922,i000695"
u003185,"i000481,i001069,i000909,i001753,i001952,i001508,i001663,i000661,i001906,i001455"
u003205,"i001069,i000481,i001952,i000909,i000947,i000661,i000521,i001922,i001663,i001455"
u003214,"i000481,i000909,i001069,i001952,i001922,i000661,i001455,i001663,i000521,i000324"
u003216,"i001445,i000481,i001952,i001069,i000661,i001038,i000909,i001455,i001663,i000342"
u003220,"i001952,i000481,i001069,i000646,i000661,i000909,i001663,i000521,i001046,i001455"
u003221,"i000521,i000342,i000947,i000481,i001069,i001296,i000619,i000563,i000661,i000909"
u003224,"i001875,i001455,i001673,i000618,i001069,i001952,i000481,i001710,i000555,i000947"
u003226,"i000646,i001663,i000481,i001952,i000661,i001069,i001445,i001922,i000554,i000909"
u003227,"i000481,i001069,i001952,i000909,i001455,i000695,i001663,i000661,i001922,i000324"
u003229,"i000481,i000342,i001952,i000661,i001922,i000909,i000521,i001663,i000555,i000324"
u003232,"i001952,i000481,i000661,i001069,i001663,i000646,i000521,i000947,i001038,i000909"
u003233,"i000481,i001922,i001455,i001952,i001445,i000661,i000554,i001673,i001710,i001069"
u003234,"i001952,i000481,i001069,i000661,i001455,i001663,i001673,i000909,i001445,i000554"
u003241,"i001069,i000481,i000909,i001952,i000521,i000947,i000661,i000554,i001949,i000342"
u003243,"i001922,i001455,i001952,i000661,i000999,i001673,i001801,i001914,i001335,i002056"
u003247,"i000931,i001069,i001455,i000695,i000652,i000947,i000842,i000554,i000909,i001952"
u003250,"i001922,i001682,i002009,i000481,i001455,i001952,i001335,i000661,i001914,i000695"
u003253,"i000481,i001069,i000909,i001952,i001455,i000695,i001922,i000661,i001663,i001673"
u003256,"i001455,i000931,i000652,i000554,i001949,i001445,i001673,i001191,i001069,i000909"
u003257,"i001682,i001922,i002009,i001335,i001595,i000200,i001151,i002056,i001240,i001455"
u003259,"i000360,i000282,i001515,i001151,i001462,i001649,i000695,i001584,i001113,i001922"
u003271,"i001151,i000282,i001515,i001026,i001682,i000360,i001922,i001320,i001335,i002009"
u003272,"i001455,i001710,i001673,i001445,i000805,i001914,i000968,i000554,i001952,i000909"
u003279,"i001069,i000481,i001445,i000661,i000947,i000909,i000521,i000646,i001952,i001143"
u003282,"i000282,i001922,i001151,i001515,i002009,i001682,i001335,i001026,i001320,i001113"
u003286,"i000481,i001455,i001952,i000695,i001069,i001673,i000909,i000661,i001922,i001710"
u003288,"i000695,i001584,i000058,i001049,i001688,i001462,i001240,i001922,i000401,i000931"
u003289,"i001455,i001445,i001710,i001673,i001952,i000481,i000554,i000661,i000909,i001949"
u003291,"i000481,i001069,i000909,i001952,i001663,i000947,i000661,i000521,i000646,i001455"
u003298,"i001069,i000909,i000481,i001952,i001455,i001673,i000947,i001445,i001663,i000931"
u003299,"i000481,i001455,i000909,i001952,i001069,i001445,i000661,i000554,i001673,i001914"
u003310,"i001069,i000481,i000947,i001508,i000521,i000909,i001952,i000661,i000555,i001875"
u003325,"i000481,i001069,i000909,i001952,i001663,i000661,i000695,i001922,i001455,i000324"
u003328,"i001949,i000554,i001069,i001455,i000481,i000652,i001952,i001445,i000909,i000931"
u003330,"i001455,i000805,i001710,i001673,i001445,i000968,i000554,i001952,i001949,i000931"
u003338,"i000695,i001240,i000481,i001952,i000554,i001049,i001914,i001922,i001688,i001455"
u003342,"i000481,i001069,i000909,i001952,i000521,i000947,i000661,i001663,i000342,i001455"
u003344,"i000481,i001952,i001069,i001663,i000521,i000661,i000909,i001922,i000342,i000947"
u003358,"i000481,i000661,i001952,i001069,i000521,i001455,i000554,i000947,i000342,i001673"
u003370,"i001069,i000481,i000909,i001952,i000947,i000661,i000521,i000555,i001455,i001663"
u003372,"i001069,i000481,i001952,i000909,i000661,i001663,i000695,i001922,i000947,i000521"
u003379,"i000909,i001069,i000481,i001952,i000947,i000521,i001663,i000661,i001445,i000342"
u003391,"i001922,i001335,i001682,i002009,i001595,i000200,i001801,i001151,i000282,i000006"
u003392,"i001455,i001673,i001710,i001952,i001445,i000661,i001069,i000554,i000481,i000805"
u003393,"i000481,i001952,i001069,i000661,i001455,i000909,i000554,i001663,i000947,i000521"
u003396,"i000324,i000555,i000909,i000898,i000327,i000110,i000481,i001069,i001952,i001455"
u003399,"i001069,i000481,i000909,i001952,i000521,i000661,i001663,i000555,i000947,i000324"
u003401,"i000695,i000058,i001584,i001049,i001688,i000401,i001240,i001462,i001922,i000554"
u003403,"i001049,i000695,i001584,i001688,i001922,i001240,i000058,i001462,i000401,i000842"
u003407,"i001952,i000481,i001069,i000661,i000947,i001663,i001455,i000521,i000646,i001673"
u003409,"i000481,i001069,i001952,i000909,i001455,i000695,i000661,i001922,i001673,i001663"
u003411,"i000481,i001069,i000909,i001952,i000695,i001663,i000661,i000521,i000554,i001240"
u003412,"i001069,i000909,i000481,i000554,i001455,i001445,i000661,i001922,i000521,i001952"
u003414,"i000481,i000909,i001069,i001952,i000695,i001663,i000521,i001240,i001922,i000554"
u003419,"i001682,i001922,i001445,i001952,i000481,i001069,i001455,i002056,i001151,i001335"
u003424,"i002009,i001922,i001335,i001682,i000200,i001595,i000167,i001151,i000282,i000006"
u003427,"i001069,i000481,i001952,i000909,i000661,i000947,i001663,i001455,i000695,i000521"
u003430,"i000327,i000898,i000324,i000110,i001455,i001914,i000555,i000909,i001649,i001673"
u003437,"i001069,i000481,i001952,i001663,i000947,i000909,i000646,i000931,i000661,i001445"
u003440,"i000481,i001069,i000909,i001952,i000695,i001922,i001663,i000521,i000661,i000947"
u003445,"i000554,i001069,i001455,i000931,i001949,i001952,i000947,i000481,i000909,i001143"
u003447,"i000481,i001952,i001069,i001663,i000521,i000661,i000646,i001038,i000909,i000342"
u003451,"i000481,i000909,i001753,i001069,i001952,i001455,i001508,i001906,i001663,i000324"
u003456,"i001069,i001952,i000481,i000661,i000909,i001455,i000947,i000521,i000207,i001445"
u003457,"i000481,i001952,i001069,i000661,i000521,i000909,i001038,i000947,i000207,i001663"
u003458,"i001952,i000481,i001455,i001069,i001673,i000661,i000909,i001710,i000554,i000521"
u003467,"i001069,i000481,i000695,i000909,i001952,i001455,i000324,i001240,i001922,i001049"
u003472,"i000481,i001069,i000909,i001952,i001663,i000695,i000646,i000554,i001455,i001445"
u003475,"i001922,i001682,i002009,i001455,i000282,i000695,i000909,i000167,i001151,i001445"
u003483,"i001069,i000481,i001952,i000909,i000661,i001922,i001663,i000521,i000324,i000947"
u003487,"i001069,i000481,i001952,i000947,i000909,i001663,i000661,i001455,i001445,i000521"
u003489,"i001069,i000481,i000909,i001952,i000947,i000661,i000521,i001663,i000324,i001455"
u003492,"i000481,i001952,i001069,i000909,i001663,i001038,i000521,i000661,i001455,i000554"
u003495,"i001952,i000481,i001069,i001455,i000661,i000909,i001038,i001663,i001673,i000521"
u003499,"i001069,i000481,i001952,i000909,i001922,i000324,i000555,i001455,i000695,i000661"
u003500,"i000481,i001952,i001069,i001663,i000661,i000909,i001445,i001455,i000554,i001922"
u003503,"i000481,i001952,i001069,i000661,i001922,i001455,i001663,i000909,i001673,i001914"
u003507,"i000999,i001069,i000832,i000167,i000720,i000481,i001445,i001649,i000909,i000789"
u003510,"i000481,i001952,i001922,i001069,i000695,i000661,i000554,i001663,i001240,i000909"
u003514,"i001069,i001952,i000481,i000909,i000661,i001455,i001922,i000947,i000324,i000521"
u003515,"i000481,i001069,i001952,i000661,i000909,i000554,i001445,i000521,i001038,i000947"
u003516,"i000646,i000481,i001952,i001069,i000661,i000909,i001663,i000521,i000555,i001455"
u003523,"i000481,i001952,i001069,i000661,i001663,i000695,i000909,i001922,i001240,i001455"
u003528,"i001455,i000481,i001952,i001673,i000909,i001922,i001710,i001445,i001069,i000324"
u003531,"i000481,i001952,i001069,i000909,i001455,i000661,i001922,i001663,i000695,i001240"
u003535,"i001455,i000481,i000909,i001952,i001673,i001445,i000661,i001069,i001663,i001710"
u003539,"i001753,i000481,i001508,i001952,i000909,i001455,i001069,i001906,i001673,i001663"
u003541,"i001455,i001673,i001710,i000805,i001445,i000968,i001914,i000554,i001949,i001952"
u003543,"i000481,i000909,i001069,i001663,i000695,i001952,i000661,i000521,i000554,i000324"
u003548,"i001914,i001649,i001087,i000481,i001069,i000909,i000554,i001455,i001445,i001663"
u003559,"i000909,i001069,i000481,i001952,i000521,i000324,i000661,i000555,i000342,i001663"
u003560,"i001191,i001455,i001673,i000554,i001445,i001949,i001710,i001240,i000805,i000909"
u003561,"i000909,i001069,i001952,i000481,i001922,i000555,i000324,i001151,i000282,i001455"
u003564,"i001922,i002009,i001682,i001335,i001595,i001151,i000200,i000282,i000977,i001113"
u003566,"i000909,i000481,i001663,i001753,i000521,i000555,i001455,i000554,i000661,i000324"
u003570,"i001455,i001952,i001069,i000931,i000481,i001445,i000554,i000909,i000661,i001949"
u003573,"i000481,i000695,i001069,i000909,i001455,i001240,i001952,i001049,i001922,i001663"
u003581,"i000646,i001753,i001663,i000481,i001508,i000518,i000661,i000325,i001922,i000554"
u003582,"i000481,i001069,i001952,i000909,i000661,i001922,i001663,i001455,i000695,i000947"
u003584,"i000661,i001952,i000481,i001069,i001038,i001663,i001455,i000646,i001002,i000521"
u003585,"i001217,i000521,i000342,i001296,i000563,i000253,i000947,i000646,i000661,i000619"
u003589,"i000481,i001069,i000909,i001455,i001952,i001663,i000342,i000947,i000554,i000521"
u003595,"i000481,i001952,i000646,i001069,i001663,i000661,i000521,i001038,i000909,i001046"
u003604,"i001455,i001673,i001710,i000931,i001445,i001952,i001069,i000554,i000909,i001682"
u003605,"i001240,i000695,i001922,i001584,i000909,i001663,i000342,i001049,i000554,i000481"
u003609,"i000481,i001952,i001069,i000909,i000661,i001455,i001663,i000521,i001673,i000646"
u003613,"i000481,i000646,i001663,i001952,i000521,i001069,i000554,i000661,i000342,i000909"
u003617,"i000720,i000999,i001069,i001922,i000789,i001914,i001445,i000661,i001455,i000167"
u003618,"i001663,i000481,i001952,i001069,i000646,i000909,i001038,i001478,i000521,i000947"
u003627,"i000481,i001069,i000909,i001952,i001663,i001455,i000947,i000695,i000661,i000521"
u003629,"i001069,i000481,i001922,i001455,i001952,i000695,i000909,i000324,i001240,i000661"
u003636,"i000521,i001296,i000481,i000947,i001069,i001952,i000342,i000618,i000661,i000563"
u003641,"i000481,i001952,i001922,i001069,i001455,i000555,i000909,i000324,i001710,i001673"
u003650,"i000909,i000481,i000695,i001240,i001922,i000324,i001663,i000554,i001952,i001069"
u003651,"i001952,i000481,i001455,i001710,i001069,i001673,i000661,i000909,i000931,i001663"
u003655,"i001069,i000554,i000481,i001914,i001952,i001143,i001445,i000661,i000909,i001949"
u003661,"i000909,i000481,i000695,i001455,i001922,i001663,i001952,i000554,i000324,i000521"
u003663,"i001049,i000695,i001922,i001584,i000058,i001688,i001240,i001462,i000401,i002009"
u003666,"i000481,i001952,i001069,i000661,i000909,i000521,i000947,i001038,i001663,i001455"
u003676,"i001455,i001445,i001673,i000909,i001191,i001949,i001710,i000554,i001069,i000481"
u003686,"i001069,i001445,i000909,i000931,i001906,i001952,i000947,i002056,i000661,i000342"
u003689,"i001455,i000481,i001952,i001673,i000661,i001069,i000695,i001922,i000909,i001710"
u003698,"i000909,i000481,i001069,i001663,i000521,i001445,i001952,i000554,i000661,i001455"
u003699,"i001508,i001753,i001906,i000325,i000518,i001927,i000481,i001952,i001069,i001065"
u003701,"i000554,i001914,i001069,i000661,i000324,i000909,i001143,i001445,i000481,i001455"
u003703,"i001069,i000481,i000909,i001952,i000947,i000661,i000695,i001455,i000521,i001922"
u003706,"i000909,i000481,i001069,i000521,i001952,i001663,i000342,i000661,i001038,i000207"
u003709,"i001914,i001649,i001087,i000909,i000481,i001445,i001455,i001069,i001673,i001710"
u003710,"i001875,i000618,i001069,i000481,i000947,i001952,i001673,i001455,i000661,i001189"
u003719,"i001508,i001753,i001906,i000325,i000301,i001069,i001927,i000548,i000518,i001065"
u003727,"i001069,i000481,i001952,i001914,i001922,i000909,i001663,i001649,i000554,i000695"
u003730,"i000481,i000661,i000521,i001952,i000342,i001069,i001663,i000909,i000646,i000554"
u003742,"i001455,i001673,i001710,i001445,i001952,i001914,i000661,i000554,i000805,i000968"
u003757,"i000695,i001240,i000058,i001584,i001049,i001688,i001922,i000401,i001191,i000754"
u003762,"i001455,i000481,i001952,i001673,i000695,i000909,i001922,i001069,i000661,i001445"
u003764,"i000481,i001952,i001455,i000661,i001069,i001922,i000695,i001673,i000909,i001663"
u003767,"i001069,i000481,i000947,i000909,i001952,i000521,i000661,i000342,i001663,i001267"
u003768,"i001069,i000481,i001952,i000661,i000521,i000947,i000909,i001663,i000342,i001455"
u003769,"i001875,i001952,i000481,i001069,i000618,i000947,i000661,i001455,i001296,i001673"
u003770,"i001914,i001649,i001087,i001069,i000481,i001673,i000909,i001952,i001455,i001949"
u003780,"i001069,i000481,i001952,i000909,i001922,i000661,i000947,i000521,i000342,i000324"
u003781,"i000521,i000947,i000661,i000342,i000481,i001296,i001952,i000554,i001455,i000619"
u003782,"i001455,i001673,i001710,i001445,i001914,i000695,i000554,i000805,i000968,i001952"
u003787,"i000481,i001069,i001952,i000909,i001663,i000661,i000554,i001445,i001922,i000695"
u003788,"i001069,i000481,i001952,i001663,i000909,i000661,i000695,i001673,i000554,i001455"
u003793,"i000158,i001069,i000481,i001952,i000909,i000661,i000947,i001455,i001663,i000521"
u003794,"i001069,i000481,i000909,i001952,i001663,i000661,i000947,i000521,i001922,i000554"
u003800,"i000481,i000909,i001663,i001069,i001753,i001952,i001478,i000521,i001455,i001445"
u003801,"i000481,i001922,i001455,i001952,i001914,i000661,i001673,i001445,i001663,i001710"
u003802,"i001922,i000481,i001952,i001069,i000695,i001682,i000909,i000661,i001240,i001455"
u003807,"i001151,i000282,i001515,i001026,i000360,i001320,i001922,i002009,i000317,i001682"
u003812,"i001069,i000481,i001952,i001038,i000661,i000521,i000909,i001445,i001663,i000207"
u003814,"i001663,i000646,i001952,i000481,i001069,i000661,i000909,i001445,i000270,i001478"
u003821,"i000481,i001952,i001069,i000661,i001663,i000909,i000695,i001922,i001455,i001240"
u003823,"i000481,i000909,i001069,i001952,i001455,i000695,i001663,i000661,i000947,i000521"
u003830,"i000481,i001952,i001069,i000909,i000521,i000661,i001038,i001663,i000947,i000207"
u003839,"i000909,i001069,i000481,i001952,i001663,i001046,i000661,i000521,i001445,i000646"
u003841,"i001455,i001922,i000481,i001952,i000324,i000909,i001673,i001710,i000555,i000282"
u003847,"i001191,i000554,i001445,i001949,i001240,i000652,i001143,i000956,i000909,i001455"
u003851,"i001445,i000554,i001314,i000931,i000956,i001455,i000805,i001663,i001069,i000251"
u003856,"i000481,i001069,i000909,i001952,i000342,i000521,i000947,i000661,i001663,i000646"
u003863,"i001922,i000481,i001952,i000695,i000661,i001682,i001445,i002009,i001663,i001069"
u003864,"i000481,i001069,i001952,i001663,i000521,i000909,i000661,i000947,i000646,i000342"
u003873,"i000481,i001069,i001508,i000661,i001952,i001922,i001753,i000325,i000947,i001663"
u003881,"i001069,i000481,i001952,i000947,i000661,i000521,i000909,i001663,i000931,i000342"
u003883,"i001069,i000481,i000909,i001952,i001455,i000324,i000555,i000661,i000521,i000947"
u003887,"i000481,i001069,i001952,i000661,i001922,i001663,i000909,i000521,i001445,i001455"
u003888,"i001069,i001952,i000481,i001922,i000661,i000947,i000521,i001455,i001663,i000909"
u003896,"i000909,i001069,i000481,i001952,i000521,i000947,i000324,i000661,i000342,i000555"
u003897,"i001069,i000947,i000481,i000661,i000521,i001952,i000570,i000909,i001663,i001267"
u003900,"i000481,i001069,i000909,i001952,i000947,i001455,i000661,i001663,i000521,i000695"
u003902,"i001952,i001069,i000481,i000909,i001455,i000661,i001673,i001914,i000521,i001710"
u003904,"i001801,i001922,i002056,i001335,i002009,i001021,i001191,i001623,i001914,i001682"
u003912,"i000481,i001069,i000909,i001952,i000695,i000661,i001455,i001663,i000947,i000521"
u003913,"i001682,i001922,i001335,i001455,i001710,i001673,i002009,i001595,i000282,i001445"
u003917,"i000481,i001952,i001069,i000909,i000661,i000947,i001663,i000521,i001922,i001455"
u003918,"i001922,i002009,i001682,i001335,i001455,i001952,i000481,i001673,i001914,i001595"
u003924,"i000909,i000481,i001069,i001478,i001663,i000521,i001952,i000342,i001038,i000947"
u003928,"i000481,i001663,i001952,i001069,i000521,i000646,i000909,i000661,i001478,i000947"
u003937,"i000720,i001455,i001922,i001710,i000282,i001673,i001335,i000324,i001682,i000832"
u003944,"i000481,i001445,i001455,i000554,i001240,i001663,i000695,i000956,i001914,i001952"
u003947,"i000555,i001952,i000481,i001069,i000324,i000661,i000521,i000342,i000909,i001663"
u003952,"i001069,i000481,i001952,i000909,i001455,i000324,i000661,i001922,i000555,i000947"
u003957,"i000481,i001952,i001038,i001069,i000661,i001455,i001663,i000909,i001445,i001046"
u003958,"i001069,i000481,i000947,i000521,i000661,i001952,i001663,i000342,i000909,i000646"
u003959,"i001069,i000481,i000909,i001952,i000521,i000947,i000661,i000342,i001663,i000554"
u003966,"i001922,i000481,i000909,i001952,i000555,i001455,i000324,i000554,i001445,i001682"
u003971,"i001069,i000481,i001952,i000909,i000661,i000947,i001663,i001922,i000695,i000521"
u003989,"i001688,i000695,i001049,i001584,i001462,i000058,i000401,i001240,i001350,i001778"
u003991,"i000481,i001069,i001952,i001663,i000661,i000909,i001922,i001445,i000554,i001455"
u003995,"i000481,i001069,i001952,i000909,i000695,i001455,i001663,i000661,i001922,i001240"
u004004,"i001046,i001952,i000481,i000661,i002146,i000646,i001445,i001455,i001914,i001663"
u004006,"i001069,i000481,i001663,i001952,i001478,i000909,i000646,i001445,i000947,i000521"
u004012,"i001069,i000481,i000909,i001952,i000661,i000521,i000947,i000342,i001455,i000324"
u004014,"i001069,i000481,i000947,i001952,i001663,i000909,i000661,i000521,i001267,i000342"
u004031,"i000481,i001922,i001952,i001663,i000554,i000661,i001445,i000909,i001455,i000521"
u004033,"i001069,i001952,i000481,i000661,i001455,i000909,i000521,i000554,i000947,i001445"
u004037,"i001584,i000695,i001049,i000058,i000401,i001688,i001462,i001240,i001922,i000842"
u004038,"i001069,i000481,i000909,i001952,i000521,i000947,i000661,i000324,i000555,i001663"
u004040,"i001069,i000481,i001952,i000909,i001922,i001151,i000282,i000661,i000324,i000342"
u004042,"i001069,i000481,i001952,i000909,i000661,i001455,i000947,i001663,i000521,i000324"
u004044,"i001069,i000481,i001952,i001663,i000947,i000661,i000909,i001445,i000646,i000554"
u004049,"i000661,i001952,i000481,i001069,i001455,i000521,i000947,i000909,i001038,i001663"
u004052,"i000481,i000521,i000661,i000342,i000947,i000909,i001952,i001069,i001663,i000554"
u004055,"i001069,i000481,i000947,i001952,i000521,i000909,i000342,i000661,i000570,i001663"
u004058,"i001952,i000481,i000661,i000909,i000342,i000521,i002063,i001069,i001455,i000248"
u004060,"i001922,i000481,i001952,i000661,i000521,i000909,i001663,i000342,i001455,i001914"
u004067,"i000909,i000481,i001069,i000521,i001952,i000342,i000324,i000555,i000661,i001663"
u004069,"i000695,i001584,i001049,i000058,i001462,i001688,i000401,i001240,i000842,i001922"
u004070,"i000481,i000521,i001069,i001296,i001952,i000947,i000909,i000342,i001663,i000661"
u004071,"i000481,i001663,i001069,i001952,i000646,i001478,i001038,i000521,i000661,i000909"
u004078,"i000481,i001069,i001952,i000909,i000661,i001922,i001663,i000947,i001455,i000521"
u004084,"i000481,i001952,i001069,i001046,i000661,i000521,i000909,i000646,i001445,i001663"
u004100,"i001069,i000481,i001952,i000909,i000661,i001663,i000947,i000521,i000646,i000324"
u004110,"i001069,i000695,i000481,i001663,i001445,i000661,i000947,i001914,i001049,i000058"
u004114,"i000481,i001069,i000909,i001952,i001663,i000661,i000947,i000521,i000342,i000554"
u004120,"i000481,i001069,i001952,i000909,i001663,i000661,i000947,i001455,i000521,i000695"
u004127,"i000554,i001455,i001240,i000695,i001143,i001673,i001949,i000481,i001191,i001445"
u004128,"i001069,i000481,i001952,i000909,i001663,i000947,i000521,i000661,i000646,i001038"
u004130,"i001455,i001710,i001673,i001952,i001445,i000661,i000028,i001046,i000805,i001914"
u004131,"i001710,i001455,i001673,i001445,i001952,i000805,i000661,i001143,i000909,i000554"
u004137,"i000661,i000481,i001069,i001455,i001952,i000909,i000947,i000521,i001673,i001922"
u004142,"i001069,i000947,i000481,i000342,i000521,i001952,i000909,i000661,i001267,i001663"
u004144,"i000481,i000521,i000342,i001069,i000909,i001952,i001663,i000661,i001478,i000947"
u004149,"i000481,i001069,i001952,i001663,i000909,i001478,i000661,i001046,i000342,i001445"
u004150,"i001914,i001455,i001445,i000909,i000805,i001673,i001069,i001649,i001710,i000554"
u004152,"i001445,i001314,i001455,i000661,i000554,i001710,i001673,i001952,i001922,i000720"
u004153,"i000481,i000521,i001952,i000342,i000909,i001069,i001663,i000947,i000661,i001296"
u004157,"i000481,i001069,i001952,i000909,i000521,i000661,i001922,i000342,i000947,i001663"
u004158,"i000481,i001069,i000909,i001952,i000521,i001663,i000661,i000324,i000555,i001922"
u004167,"i000695,i001584,i000058,i001049,i001688,i001240,i001462,i000401,i001922,i000931"
u004170,"i001069,i000481,i001952,i000909,i000521,i000661,i000324,i000947,i000342,i000555"
u004183,"i000481,i000695,i001240,i000909,i001922,i001049,i001455,i001663,i000554,i001952"
u004186,"i001069,i000481,i001952,i000909,i001663,i000695,i000661,i001922,i000554,i000521"
u004187,"i000481,i001952,i001069,i000909,i000661,i000646,i001038,i001663,i001455,i001046"
u004188,"i001069,i000481,i000521,i000947,i001952,i000909,i000661,i001663,i000342,i000570"
u004194,"i001069,i000481,i000909,i001952,i000947,i000342,i000521,i001663,i000661,i000207"
u004195,"i000481,i000909,i000695,i001069,i001952,i001455,i001663,i001922,i000661,i001240"
u004196,"i000661,i001952,i000481,i000521,i000342,i001455,i001069,i000555,i000248,i000554"
u004197,"i000342,i000909,i000521,i000661,i000481,i001952,i001069,i001663,i000947,i000646"
u004199,"i000909,i000481,i001069,i001663,i000521,i001952,i000695,i000342,i001455,i000661"
u004202,"i001046,i000481,i001952,i001445,i001663,i000661,i000646,i000554,i001478,i001455"
u004204,"i001069,i000481,i000909,i001952,i000947,i001663,i000521,i000342,i001478,i000661"
u004205,"i001069,i000481,i000909,i001952,i000947,i000661,i000521,i001455,i001663,i000324"
u004206,"i001069,i000481,i001952,i000909,i000661,i001663,i000521,i000324,i000646,i000947"
u004211,"i001069,i000481,i001952,i000909,i000661,i000521,i000324,i000555,i001663,i001455"
u004218,"i000327,i000555,i000110,i000481,i001914,i000324,i001952,i001922,i001649,i000360"
u004225,"i001069,i000481,i000947,i001952,i001663,i000521,i000661,i000909,i000646,i001445"
u004227,"i001069,i000554,i000947,i000909,i000481,i000931,i001143,i001952,i000521,i001455"
u004230,"i001688,i000695,i001049,i001584,i000058,i001462,i000401,i001240,i001350,i000646"
u004236,"i000481,i001069,i000909,i001952,i000521,i000324,i001663,i000947,i000342,i000661"
u004240,"i000481,i001069,i000909,i001952,i001663,i000947,i000661,i000521,i000646,i000554"
u004241,"i000481,i001455,i001952,i001673,i001069,i001922,i001445,i000661,i001710,i001914"
u004250,"i001069,i000481,i000909,i001952,i000947,i001663,i000661,i000521,i000554,i000342"
u004252,"i000481,i001952,i001922,i000661,i001663,i000695,i000554,i001240,i001455,i001445"
u004253,"i001069,i000481,i000909,i001952,i000521,i000947,i000661,i001663,i000342,i000554"
u004255,"i000481,i001069,i001952,i000661,i000909,i000521,i000947,i001663,i001922,i001455"
u004258,"i000481,i001069,i001952,i000909,i000521,i001663,i000661,i000947,i000342,i000207"
u004262,"i000481,i001069,i000909,i001952,i001663,i000695,i000521,i000661,i001455,i000554"
u004266,"i001952,i000481,i001069,i000661,i001663,i001455,i001038,i000909,i000947,i001046"
u004271,"i000646,i001069,i000481,i001952,i001663,i000909,i000661,i000521,i001445,i001038"
u004279,"i001952,i001069,i000481,i001663,i000661,i000947,i000521,i000909,i001455,i000554"
u004311,"i000931,i001922,i000554,i001069,i000058,i000695,i001455,i001240,i001952,i001682"
u004313,"i000481,i001952,i001069,i000909,i000661,i001663,i001445,i000646,i000521,i001478"
u004321,"i000481,i001069,i001952,i000909,i000661,i001455,i001663,i000947,i000521,i000554"
u004330,"i001952,i000481,i001069,i001455,i000661,i001673,i000554,i000909,i000947,i000521"
u004338,"i001922,i000481,i001952,i001069,i000695,i000909,i000661,i001240,i000554,i001663"
u004340,"i001663,i000646,i001952,i000481,i001069,i001875,i000947,i000909,i001478,i000521"
u004341,"i001455,i001445,i000481,i000554,i000661,i001952,i001673,i001038,i000909,i002146"
u004342,"i001240,i001922,i000695,i001049,i001584,i002009,i001688,i001191,i001335,i000554"
u004353,"i001069,i000481,i000909,i001952,i000521,i000342,i001663,i000947,i000324,i000554"
u004355,"i000481,i001069,i000909,i001952,i001663,i000521,i000342,i000947,i000661,i001478"
u004369,"i001069,i000481,i000909,i000521,i001952,i000947,i000661,i000554,i001914,i000342"
u004371,"i000481,i001069,i000909,i001952,i000695,i001663,i001455,i000661,i000324,i001445"
u004377,"i000695,i001584,i001049,i000058,i001688,i001462,i001240,i000401,i001922,i000842"
u004379,"i000481,i001069,i000909,i001952,i001663,i000521,i000947,i000695,i000661,i000342"
u004385,"i001875,i001455,i000618,i001952,i001069,i001673,i000481,i000931,i001949,i000554"
u004386,"i000481,i001952,i000909,i001663,i001038,i000661,i001069,i000521,i000646,i001478"
u004393,"i000481,i000521,i001069,i000909,i001952,i000342,i001663,i000661,i000947,i001038"
u004401,"i000481,i001663,i001478,i001952,i000909,i000695,i001445,i000661,i000554,i001038"
u004413,"i001069,i000481,i000909,i001952,i000521,i000342,i000947,i001663,i000661,i000324"
u004417,"i001069,i000481,i000909,i001952,i000521,i000342,i000947,i001663,i000661,i000324"
u004421,"i000481,i000521,i000909,i001922,i000342,i000977,i001663,i000554,i000661,i001952"
u004422,"i000342,i000481,i000661,i001952,i001663,i000521,i001069,i000909,i000646,i001478"
u004438,"i001069,i000481,i001952,i001663,i000909,i000661,i000521,i000554,i000342,i001445"
u004439,"i000481,i001069,i000909,i001952,i001663,i000521,i000661,i000342,i000947,i000646"
u004444,"i000481,i001069,i000909,i001038,i001952,i000646,i002132,i001663,i000521,i001445"
u004451,"i000481,i001069,i000909,i001952,i000521,i001663,i000661,i000554,i000342,i001922"
u004452,"i001455,i001710,i001673,i001445,i001952,i000554,i000661,i000481,i001143,i001046"
u004456,"i000481,i001069,i001952,i000909,i001663,i000521,i000661,i000554,i000342,i000947"
u004459,"i000481,i001455,i000695,i001922,i001952,i000909,i001673,i001445,i001240,i001663"
u004466,"i000481,i000909,i001455,i000695,i001069,i001922,i001952,i001240,i001663,i000324"
u004467,"i001069,i000481,i000909,i001952,i000521,i000947,i000342,i001663,i000661,i000554"
u004473,"i001069,i001949,i001455,i001673,i000931,i001952,i001445,i000481,i000554,i000909"
u004474,"i000481,i001069,i001952,i000661,i001663,i001922,i001455,i000909,i000554,i001914"
u004477,"i000805,i001455,i001445,i001069,i001710,i001673,i000554,i001952,i000931,i000909"
u004483,"i000481,i001069,i000909,i000521,i001952,i000342,i000947,i001663,i000661,i000554"
u004484,"i000481,i001455,i000554,i001952,i000909,i001673,i001663,i001445,i000521,i000661"
u004487,"i000481,i001069,i000909,i001952,i000521,i000342,i001663,i000947,i000661,i000324"
u004494,"i000481,i001069,i001952,i000909,i001663,i000521,i000661,i000947,i000554,i000342"
u004496,"i001455,i001673,i001710,i001445,i000805,i001952,i000554,i000968,i001914,i001949"
u004511,"i001069,i000481,i000909,i001952,i001663,i000661,i000947,i001455,i000554,i001673"
u004513,"i000481,i000909,i001952,i001069,i000695,i001663,i000521,i001922,i000324,i001240"
u004515,"i001069,i000481,i000909,i001952,i000521,i000661,i000947,i001663,i000342,i000324"
u004519,"i000481,i001952,i001663,i000661,i000554,i001069,i000909,i001922,i000521,i001240"
u004522,"i000481,i001952,i001455,i000661,i001663,i001445,i001069,i000909,i001673,i000554"
u004531,"i000481,i001478,i000661,i001445,i001663,i000342,i000554,i001046,i000521,i001952"
u004540,"i000324,i000555,i000327,i000110,i000909,i000898,i001455,i000481,i001952,i001673"
u004541,"i000481,i001069,i001952,i000909,i001922,i001455,i000555,i000661,i000324,i000521"
u004545,"i000481,i001069,i001952,i000909,i000661,i000521,i000947,i001663,i001038,i000207"
u004546,"i001663,i000481,i001952,i001069,i001478,i000646,i000521,i000909,i000342,i001038"
u004547,"i000481,i001069,i000554,i001922,i001663,i001952,i000521,i000661,i000909,i001949"
u004553,"i001069,i000909,i000481,i000947,i001952,i000521,i001663,i000661,i000342,i001713"
u004558,"i000481,i001952,i001069,i001478,i000909,i001663,i001046,i000661,i001038,i000646"
u004565,"i000481,i001069,i000909,i001952,i000661,i001455,i000521,i001663,i000554,i000947"
u004567,"i000909,i000481,i001952,i001069,i000327,i001455,i000661,i001914,i000324,i001713"
u004569,"i001069,i000481,i000909,i001952,i001663,i000695,i000947,i000521,i000324,i001455"
u004570,"i001240,i001922,i002009,i001335,i000695,i001682,i000554,i001191,i001069,i000342"
u004571,"i000481,i000521,i001069,i001952,i000342,i000909,i000947,i000661,i001663,i001922"
u004581,"i000481,i000521,i001069,i000661,i001952,i000909,i001663,i000342,i000947,i000646"
u004582,"i001069,i000481,i001952,i000909,i000661,i000324,i001922,i000555,i001455,i001663"
u004585,"i001455,i001673,i001445,i001710,i001952,i000554,i001949,i000661,i000481,i001914"
u004593,"i001069,i000947,i000481,i001952,i001267,i001663,i000909,i000521,i000342,i000661"
u004594,"i001069,i000481,i000909,i001952,i000947,i000661,i000521,i001663,i001713,i000342"
u004598,"i000481,i000521,i000342,i001069,i001952,i000909,i001663,i000661,i000646,i001038"
u004599,"i001875,i000618,i001455,i001673,i000481,i001952,i001949,i001069,i000661,i000521"
u004605,"i000481,i001952,i000554,i001663,i001914,i001445,i001922,i000661,i001069,i001240"
u004608,"i001069,i001952,i000481,i001663,i000947,i000661,i001445,i000909,i000931,i001455"
u004616,"i001240,i001191,i001922,i000554,i000695,i000956,i001949,i000058,i001801,i001143"
u004621,"i000324,i000555,i000909,i000110,i000481,i000898,i000327,i001455,i000554,i001445"
u004623,"i001069,i000481,i001952,i000661,i000909,i001663,i000554,i000521,i000947,i001445"
u004625,"i001069,i000481,i000909,i000947,i001952,i000521,i001663,i000931,i001713,i000661"
u004627,"i000481,i001952,i001069,i000661,i001663,i001922,i001455,i000909,i000554,i001445"
u004629,"i001952,i001069,i000481,i000661,i001455,i001663,i001673,i000947,i000909,i001710"
u004649,"i001069,i000481,i000909,i001952,i000661,i000521,i001663,i000324,i000947,i000554"
u004657,"i001069,i000481,i000909,i001713,i000947,i001952,i000570,i001663,i000521,i000931"
u004660,"i000481,i000661,i000909,i001069,i001952,i000521,i001663,i000646,i000158,i000342"
u004673,"i001069,i000481,i001952,i000909,i000720,i000999,i000931,i001038,i000947,i001445"
u004677,"i000481,i001922,i001240,i001445,i001663,i001455,i001952,i000554,i000695,i000661"
u004680,"i000481,i001069,i001952,i000909,i001663,i000661,i001455,i001922,i000695,i001445"
u004681,"i000481,i001478,i001069,i000909,i001952,i001663,i001445,i001038,i001046,i000521"
u004684,"i001069,i000481,i000909,i001952,i000521,i000342,i000947,i001663,i000324,i000555"
u004685,"i001069,i000481,i001952,i000661,i001455,i000554,i001445,i000909,i000947,i001663"
u004687,"i000481,i001753,i000518,i001445,i001952,i001069,i001906,i001663,i000661,i000521"
u004696,"i001335,i001922,i001682,i000200,i002009,i001914,i000282,i001595,i001087,i002056"
u004698,"i000481,i000909,i001952,i000521,i001069,i000661,i000342,i001663,i000207,i001038"
u004708,"i000481,i001069,i001952,i000909,i000554,i000521,i001663,i000661,i001949,i000342"
u004711,"i000481,i001069,i000909,i001952,i000521,i000342,i000947,i001663,i000661,i000324"
u004713,"i000342,i000521,i000481,i000661,i001922,i000646,i001663,i000977,i001217,i001069"
u004716,"i001914,i001069,i001649,i001087,i000481,i000999,i000909,i001952,i001455,i001673"
u004717,"i000481,i001069,i000909,i000521,i001952,i001663,i000342,i000947,i000661,i000646"
u004725,"i000481,i000661,i001952,i000342,i001663,i000521,i001069,i000909,i000947,i000646"
u004727,"i001069,i000947,i000931,i000909,i000481,i000251,i001663,i001267,i001952,i000652"
u004730,"i000481,i001069,i001952,i000909,i000661,i001046,i000521,i001663,i000646,i001455"
u004736,"i001069,i000481,i001952,i000909,i000947,i000661,i000521,i001663,i000342,i000324"
u004740,"i001069,i000481,i000695,i000909,i001952,i001455,i001922,i000661,i000947,i001673"
u004742,"i001069,i000481,i001952,i000909,i000661,i000947,i000521,i001455,i001663,i001922"
u004745,"i001069,i000481,i000909,i001952,i001663,i000947,i000521,i000646,i000661,i000342"
u004750,"i000481,i000521,i000909,i001952,i001069,i000342,i000661,i000207,i001663,i000947"
u004752,"i000695,i001584,i000058,i001049,i001688,i001462,i001240,i000401,i001922,i000842"
u004754,"i000481,i001069,i000909,i001952,i001663,i000661,i001455,i000521,i000947,i000342"
u004759,"i001445,i001478,i001455,i001046,i000481,i001952,i000805,i000554,i001710,i001663"
u004765,"i000282,i001151,i001515,i000360,i001069,i001922,i000481,i001335,i001682,i001952"
u004767,"i001240,i000695,i001922,i000058,i001584,i001688,i001049,i001191,i001682,i000554"
u004770,"i001069,i000481,i000909,i000947,i001952,i000521,i000661,i001663,i000342,i000554"
u004787,"i000481,i001069,i000909,i001952,i001663,i000947,i000521,i000661,i000695,i000342"
u004789,"i000481,i001069,i000909,i001952,i001663,i000947,i000521,i000661,i000554,i000646"
u004796,"i000481,i001922,i000909,i001663,i001952,i001069,i001240,i000695,i000661,i001914"
u004799,"i001069,i000481,i001952,i000661,i000521,i001038,i000909,i000947,i000554,i001455"
u004800,"i000481,i001069,i001952,i000909,i000661,i001922,i000947,i001455,i000521,i001663"
u004801,"i001875,i000481,i000618,i001952,i001069,i001455,i000661,i000947,i001673,i001949"
u004803,"i000481,i001952,i001069,i000324,i000909,i000555,i000521,i000661,i000898,i000110"
u004805,"i000481,i001952,i000695,i001069,i001922,i001663,i000661,i001455,i001914,i000909"
u004812,"i000481,i001069,i001952,i000909,i001038,i001663,i000521,i000661,i000342,i000646"
u004819,"i001445,i000554,i001673,i000909,i001069,i001455,i000282,i000661,i001914,i001952"
u004829,"i001069,i000947,i000909,i000481,i001952,i000342,i000521,i000661,i001267,i001663"
u004832,"i000342,i000661,i000253,i000521,i000646,i001069,i000947,i000481,i001952,i001663"
u004839,"i000481,i001069,i000909,i000521,i000342,i001952,i000947,i000661,i000619,i001663"
u004845,"i000481,i001069,i001952,i000909,i001663,i000521,i001038,i000661,i000207,i000646"
u004846,"i000481,i001952,i001069,i000661,i000521,i000909,i001663,i001038,i000554,i000947"
u004850,"i001952,i000481,i001069,i000661,i000646,i000909,i001663,i001455,i000521,i001038"
u004853,"i000646,i001314,i000661,i001445,i001663,i001952,i000481,i001046,i000554,i001922"
u004854,"i001069,i000481,i000521,i000909,i001952,i000661,i000947,i000342,i000554,i000570"
u004857,"i001069,i000481,i001952,i000909,i000521,i000947,i000661,i001663,i000342,i000324"
u004858,"i000661,i000481,i001952,i001069,i000521,i000909,i001663,i000342,i001455,i000947"
u004860,"i001952,i000481,i000909,i000555,i001069,i000282,i000661,i001151,i000324,i000521"
u004864,"i001069,i000481,i001952,i000661,i000909,i001663,i001455,i000947,i000646,i000521"
u004865,"i001069,i000481,i000909,i001952,i001663,i000661,i000324,i000521,i001922,i001455"
u004871,"i001069,i000481,i001952,i000909,i000521,i001663,i000661,i000947,i000342,i000554"
u004883,"i000909,i000481,i001069,i001952,i000661,i000521,i001663,i001455,i001673,i001445"
u004891,"i001069,i000481,i001952,i001922,i000909,i000661,i000521,i000282,i001151,i001663"
u004895,"i000554,i000909,i001069,i000481,i000521,i001191,i001949,i001445,i001143,i000956"
u004899,"i000481,i000695,i001455,i001240,i001922,i001663,i001914,i000554,i001445,i001952"
u004902,"i001069,i000481,i001952,i000909,i000947,i000521,i000661,i001663,i001713,i000931"
u004903,"i001069,i000481,i000661,i001952,i001753,i000521,i000909,i000947,i001143,i000342"
u004923,"i001069,i000481,i000909,i001952,i001663,i000661,i000947,i000521,i000554,i001445"
u004926,"i000481,i001069,i000909,i001952,i001663,i000947,i000695,i000661,i000521,i000554"
u004927,"i000481,i000909,i001069,i000521,i001952,i001663,i000342,i000661,i000947,i000554"
u004939,"i001069,i000481,i001952,i000909,i000521,i000947,i000661,i001663,i000342,i000646"
u004940,"i000909,i000481,i001455,i001952,i001069,i000661,i000554,i001663,i001673,i001445"
u004949,"i001069,i000481,i000909,i001952,i000521,i000661,i000947,i000342,i001663,i000554"
u004958,"i001069,i000481,i000947,i001952,i000909,i001663,i000521,i000646,i000342,i000661"
u004962,"i001069,i000481,i000909,i001952,i000947,i001663,i000521,i000661,i001455,i000342"
u004963,"i002056,i000282,i001801,i001335,i001922,i001151,i001515,i001026,i001682,i001952"
u004968,"i000342,i000521,i000481,i000661,i000909,i001952,i001663,i000554,i000619,i001922"
u004971,"i000481,i001069,i000909,i000521,i001952,i001663,i001038,i000661,i000342,i000207"
u004976,"i000481,i001069,i000909,i001952,i000521,i000342,i000947,i000555,i001663,i000324"
u004979,"i000481,i001069,i001952,i000909,i001455,i001922,i001914,i001445,i000661,i001663"
u004982,"i001663,i000481,i001069,i001952,i000646,i000909,i000521,i001478,i000342,i001038"
u004983,"i000481,i000909,i001952,i000521,i001069,i001663,i000661,i000342,i001922,i000554"
u004985,"i000481,i001069,i000909,i001952,i000661,i001663,i000947,i001455,i000521,i001445"
u004988,"i000481,i000909,i001069,i001952,i001663,i000521,i000661,i000342,i000947,i001038"
u004989,"i000909,i000481,i001069,i001952,i000342,i000521,i001663,i000661,i000207,i000324"
u004991,"i000481,i001069,i000909,i001952,i001455,i001663,i000695,i000661,i000646,i001922"
u004999,"i000909,i001069,i000481,i001952,i000521,i001713,i000342,i000947,i001663,i000661"
u005002,"i000521,i000481,i000342,i000661,i001952,i001069,i000909,i000947,i001663,i000646"
u005018,"i000909,i000481,i001069,i000521,i001952,i001038,i001663,i000661,i000947,i001478"
u005021,"i000481,i000909,i001455,i001069,i001952,i000661,i000521,i001663,i000554,i001445"
u005028,"i000481,i001069,i000909,i000521,i001952,i000342,i001663,i000947,i000661,i000554"
u005029,"i001922,i000481,i000909,i001952,i000521,i001663,i000661,i001455,i000342,i001069"
u005038,"i000481,i001069,i001952,i000909,i000521,i001663,i000661,i000207,i000947,i001038"
u005039,"i001455,i001673,i001710,i001445,i000554,i000805,i001949,i001952,i000481,i001191"
u005041,"i000554,i000956,i001191,i001445,i001143,i001717,i001949,i001240,i000481,i001069"
u005052,"i001069,i000931,i001713,i001445,i000909,i000805,i001952,i000652,i000554,i000947"
u005059,"i001455,i001069,i000931,i000909,i000554,i001914,i001445,i001143,i000481,i001952"
u005063,"i000481,i001069,i001952,i000521,i001663,i000909,i001922,i000342,i000661,i000554"
u005065,"i000481,i001445,i001455,i001952,i001478,i001663,i000554,i001046,i001038,i001673"
u005067,"i000481,i001663,i001952,i001069,i000909,i000661,i001478,i001455,i000554,i001038"
u005072,"i001753,i000481,i001069,i000909,i001508,i001663,i001952,i000661,i001906,i000521"
u005079,"i001922,i001240,i000695,i001688,i000481,i000521,i000909,i000554,i001049,i001584"
u005082,"i000481,i000521,i000342,i000909,i000661,i001663,i000554,i001952,i001069,i001038"
u005084,"i000324,i000555,i000898,i001922,i000327,i000909,i001134,i000760,i000110,i000481"
u005091,"i001069,i000947,i000481,i000909,i001952,i000521,i000931,i000342,i000661,i001445"
u005093,"i000481,i001922,i000909,i001952,i001663,i000661,i000554,i000521,i001069,i001455"
u005122,"i000909,i000481,i000324,i000327,i000110,i001952,i000898,i001069,i000555,i000521"
u005128,"i000661,i001952,i000481,i001069,i001455,i001445,i000521,i001038,i001002,i000909"
u005129,"i001069,i000481,i001952,i000661,i000909,i001922,i001663,i000521,i000947,i000342"
u005132,"i001914,i000481,i001069,i000909,i001952,i001649,i001087,i000521,i000554,i001455"
u005135,"i001922,i000481,i001455,i001663,i000695,i001445,i001952,i001673,i001710,i000909"
u005149,"i001069,i000481,i000909,i000947,i001952,i001663,i000661,i000521,i000342,i001478"
u005150,"i000481,i000909,i001069,i001663,i001952,i000661,i001455,i000695,i000521,i000554"
u005157,"i000481,i000342,i000909,i000521,i001069,i001952,i001663,i000661,i000947,i001478"
u005160,"i000481,i001069,i000909,i001952,i001663,i000661,i001455,i000695,i000646,i001922"
u005161,"i000481,i001069,i001952,i000909,i001663,i000554,i000661,i000646,i000521,i001445"
u005162,"i001922,i000481,i001952,i001455,i000661,i001069,i001673,i000909,i000282,i000324"
u005169,"i000481,i001069,i001952,i000554,i001445,i000646,i001046,i001663,i000661,i000909"
u005175,"i001922,i000481,i000909,i001240,i000695,i001663,i001445,i001455,i000554,i001952"
u005180,"i000909,i000481,i001069,i000324,i000521,i000342,i000555,i001952,i001663,i000661"
u005185,"i001720,i000481,i000521,i000342,i000661,i000646,i000563,i001445,i001663,i001296"
u005186,"i001753,i000481,i001508,i001069,i000909,i001952,i000661,i000521,i001663,i001455"
u005191,"i000481,i001069,i000909,i001952,i001663,i000521,i000947,i000661,i000342,i000554"
u005196,"i000554,i001240,i000956,i001191,i001455,i000481,i001949,i001143,i001445,i000695"
u005202,"i000481,i000909,i001952,i001069,i000521,i000661,i000342,i001663,i000554,i000646"
u005204,"i000481,i001069,i000909,i000521,i001952,i000342,i000947,i001663,i000661,i000324"
u005210,"i001914,i001649,i001087,i001069,i000909,i000931,i001801,i001445,i001949,i001623"
u005211,"i001046,i001952,i001914,i000481,i000909,i000646,i001069,i001663,i001455,i000661"
u005215,"i001069,i000947,i000521,i000661,i000481,i001952,i001189,i000570,i001267,i000342"
u005236,"i000481,i001069,i000909,i001952,i001663,i000947,i000521,i000661,i000695,i000342"
u005237,"i000481,i001240,i000554,i001663,i000956,i000695,i001688,i001191,i000909,i001922"
u005241,"i000481,i001069,i000909,i001952,i000521,i000342,i000947,i000661,i001663,i000324"
u005245,"i001922,i000909,i000481,i000695,i001914,i002009,i001682,i001649,i000554,i000661"
u005254,"i000481,i001069,i000909,i001952,i000521,i001663,i000947,i000342,i000661,i000324"
u005255,"i000481,i001478,i001663,i000909,i001952,i001038,i001445,i001069,i000646,i001046"
u005257,"i001069,i000947,i001952,i000481,i000661,i001445,i000909,i000554,i001663,i000521"
u005265,"i000481,i000695,i001663,i001240,i000554,i001445,i001455,i001952,i001049,i001584"
u005269,"i000481,i000695,i000909,i001240,i001663,i001455,i000554,i001445,i001069,i001952"
u005278,"i000661,i000481,i001445,i000554,i001455,i000521,i001952,i001663,i001949,i001314"
u005284,"i000481,i001952,i001663,i000661,i001069,i000695,i001240,i001455,i001922,i000554"
u005286,"i001949,i000554,i000652,i001069,i000481,i001455,i000909,i000931,i001191,i000947"
u005288,"i001069,i000481,i001952,i000909,i000661,i000947,i001663,i000521,i000342,i000554"
u005289,"i000481,i001069,i000909,i001952,i001663,i000947,i000661,i000521,i000646,i000554"
u005299,"i001069,i000481,i000909,i001952,i001663,i000521,i000947,i000661,i000342,i001455"
u005305,"i001663,i000481,i001952,i001069,i000909,i001478,i000646,i000521,i001038,i000342"
u005310,"i001069,i000481,i000947,i001952,i001663,i000909,i000521,i001267,i000570,i000342"
u005314,"i000481,i001069,i000909,i001952,i001663,i000661,i000521,i000947,i001914,i000342"
u005318,"i000481,i001455,i000695,i001952,i001240,i001922,i001445,i001069,i001663,i001914"
u005351,"i000555,i000481,i000324,i001952,i000898,i001455,i001673,i000909,i001069,i001445"
u005358,"i000481,i000909,i001455,i001922,i000695,i000324,i001952,i000554,i001240,i000555"
u005360,"i001914,i000695,i001649,i001240,i001087,i001949,i001922,i000909,i000554,i000481"
u005361,"i000481,i000909,i001952,i001663,i001914,i001069,i001455,i001038,i000554,i000661"
u005374,"i001922,i001682,i002009,i001335,i000200,i001595,i001240,i000167,i000006,i000977"
u005389,"i001069,i000947,i000481,i001952,i000909,i000521,i000342,i001267,i000661,i001663"
u005391,"i001922,i000909,i000555,i001455,i000324,i001682,i000481,i001673,i001335,i000282"
u005402,"i000481,i000909,i001455,i001069,i001663,i000695,i001952,i001922,i001445,i000661"
u005403,"i000555,i000909,i000324,i000481,i000521,i000342,i001069,i001952,i000554,i000898"
u005404,"i000342,i000521,i000481,i000909,i001069,i001952,i000947,i000661,i000646,i001663"
u005414,"i001069,i000481,i000909,i000521,i000947,i001663,i000342,i001952,i000554,i000661"
u005428,"i000909,i000324,i001069,i000555,i000481,i001952,i001922,i001455,i000661,i000898"
u005437,"i000909,i001069,i000481,i001952,i000521,i000324,i000342,i000661,i000947,i001663"
u005438,"i000481,i001922,i001240,i000554,i000695,i001445,i001952,i001663,i001688,i001455"
u005441,"i001753,i001508,i000909,i001906,i001069,i001455,i001673,i000661,i000481,i000947"
u005446,"i000282,i001151,i001515,i000360,i000481,i001069,i001682,i001922,i000555,i001952"
u005448,"i000481,i001069,i000909,i001952,i001663,i000521,i000661,i000947,i000342,i000554"
u005449,"i000481,i000909,i001069,i000521,i001952,i000947,i000661,i001663,i000342,i000207"
u005454,"i000481,i001069,i000909,i001952,i000521,i001663,i000947,i000342,i000661,i000646"
u005457,"i000481,i001478,i001952,i002146,i001663,i001046,i001314,i001445,i001069,i000661"
u005458,"i000909,i000481,i001478,i001069,i001445,i001952,i001663,i001038,i000661,i000646"
u005461,"i001069,i000481,i000909,i001952,i000521,i000324,i000342,i001663,i000947,i000555"
u005462,"i001914,i001649,i001087,i001673,i001455,i001069,i001710,i001922,i000481,i001445"
u005465,"i000481,i001069,i000909,i000521,i001952,i000342,i001663,i001922,i000554,i000661"
u005467,"i000481,i001069,i000909,i001952,i000521,i001663,i000342,i000947,i000661,i000554"
u005475,"i001069,i000481,i001952,i000909,i000521,i001663,i000661,i000947,i000342,i000324"
u005491,"i000909,i001922,i000481,i001240,i000695,i000521,i000324,i000555,i000554,i000342"
u005492,"i000481,i000909,i001069,i000521,i001952,i001663,i000342,i000661,i001038,i000554"
u005497,"i000947,i001069,i000931,i000481,i001922,i000521,i000342,i001682,i000661,i000909"
u005501,"i000481,i001069,i000909,i001952,i000521,i001663,i000342,i000661,i000947,i000207"
u005506,"i001069,i000481,i001952,i001663,i000661,i000909,i001445,i000554,i000947,i000521"
u005507,"i000481,i001922,i000554,i001240,i001952,i001663,i000661,i001445,i000695,i000909"
u005523,"i000481,i001952,i000661,i001069,i001663,i000909,i001038,i001455,i000521,i001673"
u005530,"i001508,i000481,i001753,i000521,i001069,i001952,i001663,i000661,i000909,i000947"
u005536,"i001069,i000481,i000909,i001952,i000947,i000521,i001663,i000661,i000342,i001713"
u005537,"i001143,i000554,i000481,i001240,i000909,i001455,i001952,i001069,i001949,i000661"
u005541,"i001069,i000481,i000909,i001952,i000947,i001663,i000521,i000661,i000931,i000646"
u005549,"i000481,i000909,i001952,i001069,i000342,i000521,i001663,i000661,i000947,i001478"
u005575,"i000554,i001949,i001191,i000956,i001240,i001455,i001143,i001445,i000481,i000909"
u005577,"i000481,i001922,i000521,i000342,i000909,i000554,i001663,i000661,i001952,i000324"
u005580,"i001069,i000481,i000909,i001952,i000521,i000947,i001663,i000554,i001038,i000661"
u005585,"i000481,i001069,i000909,i001952,i001663,i000521,i000947,i000661,i000342,i001455"
u005587,"i000909,i001069,i000481,i000521,i000342,i001952,i001663,i000947,i000661,i000324"
u005592,"i000555,i000324,i000110,i000327,i000898,i000877,i001134,i001516,i000481,i001952"
u005614,"i000481,i001455,i001445,i000554,i001922,i001952,i000324,i000661,i000909,i000521"
u005621,"i000481,i001069,i001952,i000521,i000909,i000661,i000947,i001663,i001038,i000342"
u005626,"i001455,i001710,i001952,i001673,i000661,i000481,i001445,i001069,i000909,i000248"
u005627,"i001069,i000947,i000481,i001952,i000661,i000521,i000909,i000342,i001663,i001267"
u005628,"i000481,i000695,i001455,i001445,i001240,i001049,i001952,i001663,i001673,i000554"
u005642,"i001914,i001069,i000481,i000909,i001087,i001649,i001952,i001663,i000554,i000521"
u005648,"i000481,i001069,i000909,i001952,i000695,i001663,i001455,i000661,i000521,i000947"
u005655,"i000909,i000481,i000661,i001069,i001952,i000521,i001038,i001445,i001663,i000554"
u005661,"i001914,i001649,i001087,i001922,i000481,i000909,i001455,i001673,i000554,i001663"
u005673,"i001455,i001952,i001069,i001673,i000661,i000481,i001445,i000720,i000554,i001710"
u005679,"i000481,i001949,i001952,i001069,i001455,i000521,i000909,i000554,i001663,i000947"
u005681,"i000481,i001069,i000521,i000909,i001952,i000342,i001663,i000324,i000661,i001922"
u005683,"i001069,i000481,i000909,i000947,i001952,i001663,i000661,i000521,i001038,i001267"
u005684,"i000661,i001952,i001455,i000481,i001710,i001673,i001069,i001445,i000270,i000521"
u005687,"i001069,i000481,i000947,i000521,i000342,i000909,i001952,i000661,i000570,i001267"
u005689,"i000481,i001952,i001069,i000661,i000909,i001663,i001455,i001922,i000695,i000947"
u005690,"i000481,i000909,i001952,i000521,i001069,i000342,i001663,i000661,i001038,i000554"
u005701,"i001069,i001713,i000909,i000481,i001952,i000947,i000661,i001663,i000931,i001445"
u005703,"i000909,i000481,i000324,i000555,i001069,i000521,i001952,i000661,i000342,i000554"
u005708,"i000481,i000909,i001952,i001455,i000324,i000521,i001069,i001673,i000555,i001710"
u005710,"i000481,i001952,i001069,i000521,i001038,i001663,i000646,i000661,i000947,i000909"
u005712,"i000481,i001069,i001952,i000646,i000909,i001663,i000521,i001038,i000661,i000207"
u005718,"i000481,i001069,i000909,i001952,i000947,i001663,i000661,i000521,i001455,i000342"
u005721,"i000909,i000324,i000555,i000481,i001069,i001952,i000521,i000342,i000661,i000898"
u005726,"i000481,i001069,i001952,i000521,i000909,i001663,i000342,i000947,i000661,i000207"
u005731,"i001240,i001922,i002009,i000695,i001682,i001335,i000200,i001801,i000058,i000554"
u005736,"i001952,i000661,i000481,i001069,i000521,i000248,i000947,i001663,i000909,i001455"
u005738,"i001455,i001673,i001445,i001710,i000554,i001952,i001949,i000481,i000909,i001914"
u005740,"i001922,i000481,i000695,i001240,i000661,i001663,i001455,i001952,i000909,i001049"
u005742,"i000481,i001069,i001952,i001663,i000909,i000521,i000661,i000554,i000342,i000947"
u005744,"i000481,i001069,i000909,i000695,i001952,i001663,i001455,i000947,i001240,i000661"
u005753,"i000481,i000521,i001069,i000909,i000342,i001952,i001663,i000554,i000661,i001922"
u005754,"i000481,i000521,i000342,i001952,i000661,i000909,i001069,i001663,i000554,i000646"
u005758,"i000481,i001922,i001455,i000909,i001663,i001445,i001914,i000661,i001952,i000521"
u005760,"i000481,i001069,i000521,i001952,i000342,i000947,i000909,i001663,i000661,i001922"
u005765,"i000481,i001069,i001952,i000909,i000661,i000521,i000947,i000342,i001663,i000646"
u005775,"i000481,i001069,i000909,i001952,i000661,i000521,i000947,i000342,i001455,i001663"
u005780,"i000695,i001688,i001584,i001049,i000058,i001462,i000401,i001240,i001922,i001350"
u005784,"i001069,i000481,i000909,i001952,i001663,i000661,i001922,i001455,i000947,i000554"
u005786,"i000324,i000555,i000327,i000898,i001516,i000110,i001952,i000877,i001134,i000342"
u005788,"i000481,i001069,i001952,i000909,i000521,i000947,i001663,i000661,i000646,i000207"
u005795,"i000481,i001952,i001069,i000909,i000661,i001663,i000521,i001455,i000342,i000947"
u005799,"i000481,i001663,i001952,i001922,i000661,i001069,i001914,i000909,i000554,i001445"
u005805,"i000481,i000909,i001069,i001663,i001952,i000521,i000554,i000695,i000661,i000342"
u005811,"i000947,i001069,i000481,i000521,i001952,i000570,i001267,i000342,i000661,i000909"
u005812,"i000481,i001914,i000909,i000554,i000521,i001663,i001143,i001069,i001649,i001949"
u005828,"i001069,i001922,i000481,i001952,i000909,i000324,i001455,i001682,i000661,i000555"
u005839,"i001240,i000695,i001922,i001584,i000058,i001688,i001049,i002009,i001682,i001335"
u005849,"i000481,i000521,i001069,i001296,i001952,i000947,i001663,i000342,i000909,i001038"
u005854,"i001455,i001673,i001710,i001445,i000805,i000554,i000968,i001949,i001952,i001914"
u005855,"i001069,i000481,i000909,i001952,i000521,i000342,i000324,i001663,i000661,i000947"
u005868,"i000481,i001952,i001069,i000661,i000646,i000324,i000909,i001445,i000521,i001038"
u005869,"i000555,i000324,i000327,i000110,i000909,i000481,i000898,i001952,i001069,i001455"
u005873,"i001875,i000618,i001922,i001673,i001455,i001949,i001240,i002009,i000200,i001508"
u005874,"i000481,i001069,i000909,i000521,i001952,i001663,i000342,i000661,i000947,i000324"
u005878,"i000481,i001069,i000909,i000521,i001952,i001663,i000342,i000947,i000646,i000661"
u005882,"i000481,i001069,i000909,i001952,i000521,i001663,i000342,i000324,i000947,i000555"
u005886,"i001952,i000481,i001455,i000661,i001038,i001663,i001046,i001673,i002146,i001445"
u005889,"i001069,i000481,i000909,i000947,i001952,i001663,i000521,i000661,i000342,i001267"
u005901,"i001069,i000909,i000481,i001713,i000646,i001952,i001663,i000947,i001445,i000661"
u005905,"i001069,i000481,i001952,i000909,i000521,i001663,i000661,i000342,i000947,i000554"
u005914,"i000481,i001069,i001952,i001663,i000909,i000661,i000521,i000342,i000554,i001914"
u005915,"i000481,i001952,i001455,i000554,i001069,i001663,i000909,i000661,i001038,i001949"
u005919,"i001753,i001508,i000481,i000909,i001906,i000518,i000325,i001455,i001069,i000661"
u005940,"i001914,i001649,i001087,i000554,i000909,i001922,i000481,i001445,i001069,i001455"
u005944,"i000481,i001952,i001069,i001663,i000554,i001914,i000661,i000695,i001445,i001455"
u005946,"i000324,i000555,i000898,i000110,i000877,i000327,i001455,i001134,i001673,i001445"
u005951,"i000481,i000909,i001753,i001069,i000342,i000521,i001952,i000661,i001906,i001508"
u005953,"i000481,i001952,i001069,i001663,i000661,i000909,i000521,i001922,i000554,i000342"
u005956,"i000481,i001069,i000909,i001952,i000661,i000947,i001455,i000521,i001663,i001922"
u005967,"i001069,i000481,i000909,i000947,i001952,i001663,i000661,i000521,i001038,i001267"
u005973,"i001952,i000481,i001663,i001069,i000909,i000342,i000661,i000521,i001906,i000646"
u005977,"i000481,i001069,i000909,i001952,i001663,i000521,i000947,i000695,i000661,i000342"
u005980,"i000999,i000720,i000481,i001445,i001038,i001914,i000832,i001922,i001649,i000789"
u005982,"i000695,i000058,i001584,i001049,i001688,i001462,i001240,i000401,i001922,i000842"
u005987,"i001069,i000481,i000909,i000521,i001952,i000947,i001663,i000342,i000661,i000646"
u005988,"i000555,i000324,i000898,i000481,i000327,i001151,i001952,i000342,i000909,i000877"
u005990,"i000481,i001069,i000909,i001952,i001663,i000947,i000661,i000521,i000342,i000554"
u006004,"i000481,i001952,i001069,i000909,i001663,i000661,i000521,i000554,i001922,i001240"
u006006,"i000898,i000324,i000327,i000555,i000110,i000909,i001134,i000481,i001069,i001952"
u006009,"i000481,i000909,i001069,i001952,i001663,i000521,i000947,i001922,i000661,i000342"
u006017,"i001069,i000481,i001952,i000947,i001663,i000909,i000661,i000931,i001267,i000521"
u006020,"i000909,i000481,i001069,i000521,i000342,i001952,i001663,i000324,i000555,i000947"
u006021,"i000481,i001455,i001952,i001069,i001673,i000661,i001663,i001914,i001445,i000909"
u006027,"i000481,i001069,i001952,i000909,i001038,i001478,i000661,i001663,i001445,i001455"
u006030,"i000481,i000909,i001038,i001952,i000646,i000521,i001663,i000554,i000661,i001069"
u006031,"i000481,i000909,i001069,i001952,i000695,i001663,i000661,i001455,i001922,i000521"
u006033,"i001069,i000481,i000909,i001952,i000521,i001663,i000342,i000947,i000324,i000661"
u006037,"i000481,i000909,i001663,i001069,i001952,i001922,i000661,i000554,i000521,i001240"
u006038,"i000481,i001069,i001952,i000909,i000521,i000661,i000947,i001663,i000342,i000207"
u006039,"i001922,i000481,i001952,i001069,i000661,i000909,i001682,i000695,i001455,i000324"
u006046,"i000481,i000909,i000521,i001952,i001069,i001922,i000661,i000342,i001663,i000554"
u006062,"i000909,i000481,i000324,i001922,i000521,i000555,i000342,i001240,i000898,i001952"
u006065,"i000481,i000909,i001952,i001069,i000661,i000521,i001663,i000342,i000554,i000947"
u006068,"i000481,i000661,i001952,i000342,i001069,i000521,i000909,i001663,i000947,i001478"
u006075,"i000481,i001663,i001069,i000646,i001952,i000909,i000521,i001478,i000661,i001038"
u006081,"i000481,i001069,i001952,i000521,i000909,i001663,i000661,i000646,i000342,i000324"
u006082,"i001445,i000661,i001046,i001069,i001952,i000028,i000646,i000270,i000909,i000481"
u006088,"i001069,i000481,i000909,i001952,i000661,i000521,i001914,i000947,i001038,i001663"
u006108,"i001663,i000481,i001069,i001952,i000909,i001478,i000646,i001038,i000521,i000207"
u006113,"i000481,i001952,i000909,i000521,i001069,i000661,i000554,i000342,i001663,i001922"
u006114,"i000481,i001069,i001952,i000909,i001663,i001038,i000521,i000646,i000207,i000661"
u006115,"i000481,i001069,i000909,i001952,i000521,i000324,i000342,i000555,i000661,i000947"
u006133,"i000481,i000909,i001445,i001069,i000521,i001952,i000661,i000554,i000342,i001663"
u006140,"i000554,i001143,i001455,i000956,i001949,i000481,i001914,i001445,i001240,i001191"
u006141,"i000481,i000695,i000554,i001663,i001455,i001240,i001952,i001069,i000661,i000521"
u006144,"i000481,i000909,i000521,i001952,i001069,i001663,i000324,i000661,i000342,i000554"
u006145,"i000720,i001455,i001922,i000481,i000554,i001143,i001952,i000909,i001038,i000661"
u006152,"i001069,i000646,i000481,i001952,i001663,i001508,i001753,i000661,i000947,i000909"
u006156,"i001069,i000481,i000909,i001952,i000947,i001663,i000521,i001713,i000661,i000646"
u006159,"i000931,i000652,i001069,i000695,i000058,i001877,i000842,i001240,i000554,i000251"
u006168,"i000481,i000909,i001069,i000521,i000342,i001952,i001663,i000947,i000646,i000661"
u006172,"i001710,i001455,i001673,i000324,i000720,i001922,i000909,i001445,i001952,i000282"
u006175,"i000481,i000909,i000695,i001069,i001952,i001663,i001455,i001240,i000661,i001922"
u006176,"i000481,i000909,i001952,i000661,i000521,i001663,i001455,i001038,i001069,i000207"
u006186,"i000554,i000956,i001314,i001191,i001717,i001445,i001786,i001240,i001143,i001949"
u006199,"i001069,i000481,i000947,i001922,i000661,i001952,i000342,i000909,i000167,i000521"
u006202,"i001914,i001649,i001069,i000481,i001087,i000909,i001952,i000554,i001455,i001663"
u006207,"i000481,i001952,i001069,i001455,i000661,i000909,i001663,i000521,i001038,i001673"
u006212,"i001952,i000481,i001455,i000554,i000661,i001143,i001673,i001069,i001949,i001445"
u006214,"i000947,i001069,i000481,i000521,i000661,i001952,i001267,i000342,i001663,i000909"
u006216,"i000481,i001069,i000909,i001952,i000521,i001663,i000342,i000947,i000207,i001038"
u006218,"i000909,i000481,i000521,i001069,i000342,i000324,i001952,i000661,i000555,i001663"
u006223,"i000481,i000521,i000909,i001952,i000554,i001663,i000661,i001069,i000342,i000324"
u006224,"i000481,i000521,i001069,i000342,i000909,i001952,i001663,i000554,i000661,i001922"
u006236,"i000481,i001952,i001038,i000909,i001069,i001663,i001478,i001455,i000646,i000521"
u006242,"i001069,i000481,i000909,i001952,i001663,i000947,i000521,i000661,i000342,i000646"
u006253,"i001069,i000481,i000909,i001952,i000521,i000342,i000947,i001663,i000661,i000324"
u006263,"i000521,i000342,i000481,i000661,i000646,i001663,i000947,i001952,i001069,i001922"
u006271,"i000909,i001069,i000481,i000521,i001952,i000947,i000342,i001663,i000661,i000324"
u006281,"i001914,i001455,i001673,i001649,i001087,i001710,i001445,i000481,i000554,i000909"
u006282,"i000481,i001069,i001952,i000909,i001663,i000521,i000661,i001038,i000342,i000646"
u006289,"i000481,i001952,i001922,i001455,i000661,i000695,i001069,i001914,i001663,i001673"
u006290,"i001663,i000481,i001069,i001952,i000646,i000909,i001478,i000521,i001038,i000342"
u006294,"i001455,i001673,i001710,i001952,i001445,i001069,i000661,i000481,i001922,i000909"
u006299,"i000481,i000521,i000342,i001922,i000909,i001663,i000554,i000661,i001952,i000646"
u006302,"i000481,i001069,i000909,i001952,i001663,i000695,i000947,i000521,i000661,i000554"
u006305,"i000481,i001922,i001649,i001914,i000327,i000909,i001069,i000661,i000342,i000324"
u006307,"i000554,i000481,i001949,i000956,i001069,i001952,i001143,i001191,i001663,i001455"
u006334,"i000661,i001914,i000481,i001952,i001455,i001922,i001445,i001663,i001673,i001069"
u006338,"i000481,i001069,i001952,i000909,i001455,i001663,i000661,i000695,i000947,i001914"
u006344,"i001069,i000481,i000909,i000947,i001952,i000521,i001663,i000342,i000646,i000661"
u006348,"i000521,i000342,i001217,i000481,i000646,i000661,i000253,i001663,i000563,i001922"
u006355,"i000481,i000661,i001952,i000521,i001046,i000909,i002146,i001445,i000554,i000646"
u006359,"i001069,i000481,i000909,i001952,i000521,i000342,i000947,i001663,i000324,i000555"
u006362,"i000481,i001952,i001069,i000661,i001455,i001663,i001922,i000695,i000909,i001673"
u006366,"i000909,i000481,i001069,i001952,i001663,i000342,i000521,i000661,i000207,i001478"
u006372,"i001914,i001455,i001046,i001673,i000909,i000481,i001445,i001710,i001952,i001663"
u006385,"i000481,i001952,i000909,i000521,i000661,i001069,i000342,i000619,i002063,i000646"
u006387,"i000481,i001069,i000909,i001952,i000521,i001663,i000661,i000324,i000342,i000947"
u006388,"i002056,i001922,i001801,i001335,i001682,i001623,i001595,i000282,i001455,i000661"
u006390,"i000481,i001069,i001952,i001922,i000909,i000661,i001663,i000521,i000554,i000342"
u006393,"i000481,i001069,i000909,i001952,i000695,i001663,i000661,i000521,i001455,i000947"
u006396,"i000695,i001049,i000481,i001455,i001240,i001445,i001688,i000909,i001922,i000554"
u006400,"i000481,i001952,i000909,i000521,i000661,i001069,i001663,i000342,i000554,i001038"
u006402,"i001069,i000481,i000909,i001952,i000521,i000342,i000947,i000661,i000324,i001663"
u006404,"i000481,i001069,i000521,i000909,i000342,i000947,i001952,i001663,i000661,i000207"
u006406,"i000481,i001069,i000909,i001952,i001663,i000646,i000554,i000521,i000342,i000661"
u006411,"i000481,i001069,i000909,i001952,i001663,i000521,i000661,i000342,i000947,i000646"
u006413,"i000554,i000909,i000481,i001949,i001069,i000521,i001191,i001445,i001922,i001143"
u006416,"i000481,i000909,i001069,i001952,i001922,i001663,i000661,i000947,i000342,i000521"
u006419,"i000521,i000481,i000342,i001069,i000909,i000661,i001952,i000947,i001663,i000554"
u006426,"i000481,i000661,i001663,i001046,i001445,i000909,i001952,i000342,i001038,i000521"
u006435,"i001922,i001682,i002009,i000695,i001240,i000977,i000481,i001049,i000909,i001801"
u006454,"i000481,i001952,i001663,i001240,i000554,i000695,i001445,i000661,i001069,i000909"
u006459,"i001922,i000481,i000977,i000909,i000554,i000661,i000521,i001069,i001049,i001663"
u006461,"i000481,i001069,i000661,i000909,i001952,i000521,i000342,i000947,i000324,i001922"
u006462,"i000481,i001069,i000909,i001952,i000521,i001663,i000342,i000661,i000947,i000324"
u006465,"i000481,i000909,i001952,i001663,i001069,i000521,i000324,i000661,i000555,i000554"
u006476,"i000481,i001069,i000909,i001952,i001663,i000947,i000521,i000661,i001455,i000646"
u006480,"i001914,i000481,i001069,i000909,i001663,i000554,i001649,i001952,i001445,i001087"
u006481,"i000481,i001069,i000521,i000909,i001952,i001663,i000342,i000661,i000554,i000646"
u006483,"i000481,i001455,i001952,i000695,i001922,i000661,i001445,i001673,i000554,i001710"
u006494,"i001455,i000481,i002146,i001445,i000661,i001952,i001673,i001710,i001663,i000909"
u006500,"i001069,i000909,i001713,i000481,i000947,i000521,i000342,i000661,i000167,i001952"
u006506,"i001455,i001673,i001445,i001949,i001710,i000554,i001914,i001952,i000481,i000805"
u006508,"i000695,i001584,i001049,i000058,i001688,i001462,i000401,i001240,i001922,i000554"
u006513,"i000481,i001069,i000909,i001952,i001663,i000947,i000521,i000661,i000342,i000554"
u006522,"i000695,i001584,i000058,i001049,i001688,i001240,i001462,i000401,i001922,i000931"
u006539,"i001069,i000931,i000554,i000909,i000481,i000947,i001952,i001455,i001922,i000661"
u006550,"i001455,i001673,i001710,i001952,i001445,i000805,i000661,i001069,i000554,i000909"
u006555,"i001922,i000977,i000342,i000909,i000521,i000481,i000661,i000554,i001663,i000167"
u006571,"i000646,i000481,i001069,i000909,i001663,i001952,i000521,i000661,i001038,i000342"
u006579,"i000481,i001069,i001952,i000909,i001663,i000521,i000342,i000661,i000554,i000646"
u006584,"i000481,i000909,i000521,i001952,i000342,i001069,i000661,i000324,i001663,i000555"
u006585,"i000481,i000909,i001069,i001663,i000695,i001952,i001455,i000661,i001240,i000554"
u006601,"i000695,i001240,i001688,i001049,i001584,i000481,i001663,i000058,i001455,i000554"
u006612,"i001455,i001710,i001673,i001445,i001952,i000909,i000554,i000661,i000805,i001143"
u006615,"i001922,i000481,i001455,i001682,i000324,i000909,i001952,i000555,i000661,i001673"
u006616,"i000909,i000324,i000555,i000481,i001069,i001952,i000661,i000110,i000521,i000327"
u006617,"i001069,i000481,i000947,i001952,i000909,i000521,i001663,i000342,i001267,i000646"
u006618,"i000481,i001069,i001753,i001952,i000909,i001663,i001455,i000661,i000695,i001478"
u006624,"i001069,i000481,i001952,i000947,i000909,i001663,i000931,i000521,i001445,i000661"
u006625,"i000481,i001069,i000521,i000909,i001952,i000342,i001663,i000947,i000661,i001922"
u006627,"i000481,i000909,i000521,i001952,i001069,i000661,i001663,i001455,i001038,i000554"
u006629,"i001914,i001649,i001087,i000481,i001455,i001952,i001663,i001673,i001069,i000554"
u006632,"i001922,i000481,i000909,i001952,i000324,i000695,i001069,i001914,i000555,i001455"
u006644,"i000909,i000481,i001069,i001952,i001663,i000521,i000661,i001038,i001478,i000342"
u006646,"i001952,i000481,i001455,i000661,i001069,i001673,i000554,i000909,i001445,i001710"
u006648,"i000481,i001069,i000521,i000909,i001952,i001663,i000554,i000956,i000661,i000342"
u006649,"i001914,i001455,i001673,i001649,i000909,i001087,i001069,i000481,i001952,i001445"
u006652,"i000481,i001914,i001069,i001952,i001455,i000661,i001649,i001673,i000909,i001087"
u006654,"i000342,i000481,i000521,i001922,i000661,i001663,i000909,i001952,i000646,i001069"
u006655,"i001069,i000481,i000909,i000947,i001952,i001663,i000521,i000931,i000342,i000661"
u006659,"i001478,i000481,i001663,i000909,i001069,i001952,i001038,i000646,i000342,i000521"
u006660,"i001069,i000481,i001952,i000909,i000521,i000947,i000661,i000342,i000324,i001663"
u006678,"i000481,i001069,i000909,i000521,i001952,i000342,i001663,i000947,i000661,i000646"
u006681,"i000481,i001069,i001952,i000909,i001663,i000661,i001922,i000521,i000342,i001445"
u006687,"i000481,i001069,i000909,i000521,i001952,i001663,i000947,i000342,i000661,i000554"
u006689,"i000554,i001445,i001191,i001801,i001455,i000909,i001949,i001922,i002056,i001240"
u006690,"i000909,i001240,i000481,i001922,i000695,i000554,i000521,i000324,i000555,i000342"
u006694,"i000481,i001069,i001952,i000909,i000521,i000661,i001663,i000947,i001455,i000554"
u006695,"i001922,i001682,i000977,i000481,i001335,i002009,i000342,i000661,i000909,i000646"
u006696,"i001069,i000481,i000909,i000947,i001952,i001663,i000521,i000646,i000931,i001445"
u006698,"i001069,i000481,i000909,i000947,i001952,i000521,i000342,i001663,i001267,i000661"
u006700,"i000481,i000909,i001069,i001952,i001663,i000947,i000521,i000342,i000554,i000661"
u006718,"i001914,i001649,i001087,i001069,i000909,i000481,i000947,i001455,i001952,i000554"
u006719,"i000481,i001455,i001952,i000661,i001663,i001922,i000554,i001914,i001445,i001673"
u006725,"i000909,i000481,i001922,i000521,i000555,i000324,i001952,i000342,i000554,i001663"
u006729,"i000481,i001069,i000909,i000521,i001952,i000342,i000324,i001663,i000661,i000947"
u006735,"i001952,i000481,i001069,i000661,i000909,i000521,i001663,i000947,i001455,i000342"
u006742,"i000695,i001688,i001584,i001049,i000058,i001240,i001922,i001462,i000401,i001350"
u006743,"i000481,i001069,i000909,i001952,i001663,i000521,i000342,i000947,i000661,i000646"
u006749,"i001455,i000695,i000481,i000909,i001673,i001952,i001240,i000324,i001069,i001445"
u006766,"i000909,i000481,i001922,i000521,i001069,i000342,i000555,i000324,i001952,i000695"
u006769,"i001922,i001240,i000695,i001049,i001688,i000909,i000481,i001584,i000554,i000324"
u006777,"i000909,i000481,i000521,i000324,i000342,i000555,i001922,i001952,i000554,i001240"
u006783,"i000324,i001069,i000909,i001455,i000555,i000481,i001914,i001952,i000661,i001922"
u006788,"i000909,i000481,i000521,i000554,i000342,i001949,i000661,i001143,i001922,i000324"
u006794,"i001445,i000805,i001455,i000554,i001069,i001191,i001673,i000909,i001949,i000661"
u006797,"i000909,i000481,i001069,i000342,i000521,i001914,i001952,i000324,i000947,i001649"
u006798,"i000481,i001069,i001952,i000661,i001663,i001922,i000909,i000521,i001455,i000947"
u006801,"i000481,i000909,i000324,i000521,i000555,i001952,i001922,i000342,i000554,i001663"
u006803,"i001922,i001240,i000695,i000909,i001688,i001049,i000481,i001584,i000554,i000324"
u006809,"i001922,i001682,i002009,i000977,i000481,i000909,i000342,i001335,i000521,i001151"
u006814,"i000481,i000646,i001069,i001952,i000661,i000521,i001663,i000909,i000554,i000342"
u006817,"i000909,i000481,i001069,i000521,i000158,i001952,i001663,i001478,i000342,i000661"
u006822,"i000360,i000282,i001515,i001151,i001462,i000317,i001026,i001584,i000695,i001113"
u006834,"i000481,i001952,i001069,i001663,i000661,i001038,i000909,i000646,i000521,i000554"
u006835,"i000481,i001069,i001952,i001663,i000909,i000661,i000554,i000695,i000521,i001240"
u006844,"i000481,i000909,i000521,i000324,i000555,i000342,i000554,i001922,i001240,i000695"
u006853,"i000646,i001069,i000481,i000909,i000521,i001663,i001952,i000661,i001445,i001038"
u006862,"i000909,i000481,i000521,i000324,i000342,i001922,i000555,i001952,i000554,i000898"
u006863,"i000481,i000909,i001069,i001455,i001952,i000695,i001922,i000661,i001663,i001673"
u006868,"i001922,i000481,i000521,i000661,i001663,i001952,i002009,i000342,i001682,i001455"
u006871,"i001455,i001673,i001710,i001445,i001952,i000554,i001663,i000805,i000661,i000481"
u006872,"i001455,i001673,i001710,i001952,i001069,i001445,i000661,i000481,i000909,i000931"
u006877,"i000342,i000253,i000661,i000521,i000947,i000481,i000909,i001663,i001069,i001952"
u006883,"i000481,i000909,i001069,i001952,i001663,i001478,i000661,i000521,i000947,i000342"
u006893,"i001069,i000481,i000947,i000521,i001952,i000661,i001663,i000342,i000909,i000570"
u006894,"i000481,i000909,i001922,i000695,i001240,i001049,i001455,i000554,i001445,i001069"
u006912,"i001914,i000909,i001649,i000481,i001087,i000342,i001922,i000324,i001808,i000521"
u006931,"i000481,i001952,i001069,i001663,i001038,i000909,i001478,i000661,i000521,i000646"
u006935,"i000695,i001922,i001240,i001049,i001688,i001584,i000909,i000481,i000058,i000324"
u006941,"i000909,i000481,i000521,i000342,i000324,i001952,i001069,i000554,i000661,i001663"
u006945,"i000481,i000909,i000342,i000521,i000661,i001663,i001069,i001952,i000947,i001922"
u006948,"i000521,i000481,i000909,i000342,i001296,i001952,i001663,i000661,i001069,i000619"
u006960,"i000931,i000554,i001455,i001069,i001952,i000695,i000652,i000909,i000481,i001445"
u006963,"i001922,i000554,i001191,i001240,i000956,i001786,i001949,i001801,i001717,i000695"
u006978,"i000481,i000909,i000521,i001069,i000342,i001952,i001922,i000324,i000661,i001663"
u006988,"i000481,i000521,i001952,i000661,i001663,i000554,i001069,i000909,i000342,i001949"
u006989,"i000909,i000481,i000555,i000324,i000521,i001069,i001952,i001922,i000342,i001663"
u006992,"i000481,i001952,i001069,i000909,i000661,i001038,i000521,i001455,i001663,i000947"
u006995,"i000481,i000909,i001922,i000324,i000521,i000555,i001240,i000342,i000695,i000898"
u007005,"i001455,i001673,i001710,i000481,i001952,i001445,i000695,i000909,i001069,i001922"
u007007,"i000110,i000324,i000555,i000898,i000909,i000481,i000327,i001952,i000877,i000521"
u007011,"i000909,i001069,i000481,i000521,i000342,i000947,i001663,i001952,i000207,i000661"
u007012,"i000481,i001069,i000909,i000521,i001952,i000342,i000324,i000947,i001663,i000661"
u007013,"i000481,i000909,i001069,i001952,i000695,i000947,i001663,i000661,i000521,i001455"
u007015,"i000481,i001069,i000909,i001952,i000521,i000324,i000342,i001663,i000555,i000646"
u007032,"i001922,i000481,i001914,i001952,i001663,i000661,i000554,i001240,i001445,i000521"
u007033,"i001922,i000977,i000342,i000521,i000481,i002009,i000909,i001240,i001682,i000661"
u007034,"i000481,i001952,i000661,i000695,i001663,i000521,i001069,i000909,i001922,i000554"
u007035,"i000618,i001875,i000481,i001455,i001673,i001952,i001949,i000661,i000521,i000646"
u007036,"i001922,i000481,i000695,i000661,i001952,i001682,i001455,i001445,i001663,i001240"
u007039,"i000481,i000521,i000909,i000342,i001952,i000661,i001663,i001069,i000646,i000555"
u007046,"i000282,i001515,i001151,i000481,i001922,i000360,i001682,i001445,i000554,i001069"
u007050,"i000481,i000909,i001069,i000521,i000342,i001952,i001663,i000324,i000555,i000554"
u007052,"i000481,i001069,i000909,i000521,i001952,i000342,i001663,i000324,i000661,i000207"
u007056,"i000481,i000909,i001952,i001069,i000521,i000324,i000898,i000327,i000555,i000207"
u007059,"i001922,i001240,i002009,i001682,i001786,i000695,i000481,i000342,i001335,i000977"
u007060,"i001455,i001673,i001710,i001445,i000805,i001952,i000554,i001914,i000661,i000481"
u007061,"i000481,i000695,i001455,i000909,i001240,i001049,i001922,i001952,i001663,i000324"
u007066,"i000481,i000342,i000909,i000521,i001952,i000324,i000661,i000555,i001663,i001922"
u007071,"i001069,i000481,i001952,i000947,i000909,i000661,i001663,i000521,i001445,i000646"
u007086,"i001069,i000481,i000947,i001952,i001663,i000909,i001267,i000646,i000570,i000521"
u007088,"i000521,i000481,i000909,i000342,i000554,i001922,i000555,i000324,i000661,i001952"
u007092,"i000481,i001922,i000909,i001663,i001952,i000661,i001914,i001069,i001240,i000695"
u007098,"i001914,i001087,i001649,i001455,i001673,i000909,i001710,i001445,i000481,i001069"
u007105,"i000481,i001069,i000909,i001952,i001455,i000661,i000695,i000324,i001922,i001663"
u007109,"i000481,i000909,i001922,i000324,i001240,i000342,i000521,i001952,i000695,i000554"
u007113,"i000646,i000481,i000521,i000661,i000342,i001663,i000909,i001952,i001046,i000554"
u007116,"i001069,i000481,i001952,i000909,i000947,i000661,i001455,i000521,i001663,i001922"
u007121,"i000481,i000909,i000521,i001069,i001952,i000342,i001663,i000661,i001508,i001753"
u007126,"i000909,i000481,i000521,i001069,i001952,i000342,i000324,i001663,i000554,i000646"
u007129,"i001049,i001922,i001688,i000695,i001462,i000058,i001584,i002009,i000481,i000618"
u007130,"i001922,i001240,i000695,i000909,i001688,i000481,i001049,i000324,i001584,i001786"
u007131,"i000909,i000481,i001069,i001952,i000521,i000324,i000661,i000342,i001663,i000555"
u007135,"i001455,i001673,i001949,i001445,i001710,i000554,i001952,i000481,i000909,i001914"
u007146,"i000481,i000342,i000521,i000909,i001952,i000555,i000324,i001069,i000661,i001663"
u007155,"i000909,i001922,i000481,i000324,i000521,i000554,i001240,i000695,i001682,i000342"
u007159,"i001922,i001240,i000695,i001049,i001682,i002009,i000977,i001688,i000058,i001786"
u007162,"i000481,i000158,i001069,i001952,i001663,i001455,i000909,i000661,i001673,i001914"
u007163,"i000481,i000909,i001922,i001663,i000554,i000342,i000661,i001952,i001914,i000646"
u007165,"i000909,i001069,i000481,i000521,i001952,i000324,i000947,i000661,i000342,i001663"
u007179,"i000481,i001922,i000909,i000554,i000521,i000342,i000661,i001952,i001240,i000695"
u007183,"i000481,i000909,i001069,i000521,i001952,i000342,i000661,i001038,i001663,i000207"
u007186,"i000909,i000481,i000521,i000342,i000324,i001952,i000555,i000661,i001663,i001069"
u007203,"i001069,i000481,i000521,i000947,i001663,i000342,i001952,i000661,i000554,i000909"
u007205,"i001952,i001069,i000481,i001455,i000661,i001673,i001508,i001922,i001710,i000947"
u007209,"i000481,i001069,i001952,i000909,i001663,i000521,i001038,i000661,i000947,i000207"
u007212,"i001069,i000481,i000909,i001952,i000521,i001663,i000947,i000661,i000342,i000554"
u007227,"i000909,i001455,i000661,i000481,i001952,i001710,i001673,i001445,i000342,i000521"
u007233,"i000324,i000110,i000555,i000481,i000909,i000898,i001069,i000327,i001952,i000521"
u007237,"i000481,i001069,i000909,i001952,i000342,i001663,i000521,i000661,i000947,i000554"
u007239,"i001240,i001922,i000695,i001688,i000754,i001584,i001786,i001049,i002009,i001191"
u007240,"i001069,i000481,i000947,i000909,i001952,i000521,i001663,i000342,i000661,i001267"
u007242,"i000481,i000909,i001069,i001952,i001663,i001455,i000661,i000695,i000554,i001445"
u007246,"i001455,i001673,i001445,i001710,i000805,i001191,i000554,i001717,i001949,i001314"
u007247,"i000909,i000481,i001922,i000521,i000555,i001240,i000324,i000554,i001151,i000342"
u007252,"i000481,i000521,i001069,i000909,i000342,i001952,i000947,i000661,i001663,i000207"
u007254,"i000646,i000481,i000521,i001663,i000909,i001952,i001922,i000661,i000554,i000555"
u007255,"i000481,i000909,i000554,i001922,i000661,i000521,i000342,i000555,i001952,i000324"
u007260,"i000481,i001952,i001069,i000909,i000521,i000554,i000661,i001663,i001038,i001455"
u007261,"i000481,i000695,i001922,i001240,i001049,i001688,i000661,i001663,i001952,i000909"
u007262,"i000481,i001952,i000909,i001069,i001663,i000661,i000521,i000554,i000342,i000646"
u007264,"i000909,i000481,i001069,i000324,i001445,i001952,i000661,i000342,i000554,i000521"
u007265,"i000481,i000909,i001069,i001952,i001663,i000521,i000947,i000342,i000661,i000324"
u007266,"i000695,i001584,i000058,i001049,i001688,i001462,i001240,i000401,i001922,i000829"
u007268,"i000481,i001753,i001952,i001663,i001455,i000661,i001069,i000909,i000518,i001508"
u007273,"i000909,i000481,i000521,i000342,i000324,i000555,i001952,i001922,i000661,i001663"
u007276,"i000481,i000909,i001069,i000521,i001952,i000324,i000342,i000555,i000661,i001663"
u007279,"i000481,i001952,i001663,i000646,i000661,i000521,i001038,i001069,i000158,i000909"
u007290,"i000661,i001952,i000481,i001455,i001038,i001046,i001663,i001069,i001445,i000646"
u007310,"i001069,i000481,i000909,i001952,i000521,i000947,i001663,i000342,i000661,i000324"
u007314,"i001952,i000481,i001478,i001663,i000661,i001038,i001069,i001046,i001445,i000909"
u007316,"i000481,i001455,i000695,i000909,i001952,i001922,i001673,i000324,i001445,i001710"
u007321,"i000481,i001069,i000909,i001952,i001663,i000521,i000947,i000342,i000661,i000554"
u007328,"i001455,i001069,i000481,i001952,i000909,i000695,i001922,i001673,i000555,i001710"
u007334,"i001952,i000481,i001069,i001663,i000909,i001455,i001445,i000661,i001914,i001673"
u007340,"i001688,i000695,i001584,i001049,i000058,i001240,i001462,i000401,i001350,i001922"
u007341,"i000481,i000695,i000909,i001069,i001455,i001952,i001240,i001663,i001049,i001922"
u007347,"i000481,i000342,i000521,i001952,i000661,i000909,i000554,i001663,i000646,i000555"
u007348,"i001069,i000481,i000909,i001952,i000521,i000324,i001663,i000342,i000555,i000661"
u007358,"i000324,i000555,i000909,i000110,i000898,i000327,i000481,i000342,i000521,i001134"
u007362,"i000554,i001143,i000481,i000521,i001069,i000956,i001949,i000661,i000909,i001445"
u007364,"i000481,i000909,i000521,i001069,i001952,i000324,i000342,i001922,i000554,i000555"
u007374,"i000481,i000646,i001069,i001663,i001952,i000521,i000909,i000661,i001038,i000554"
u007394,"i000909,i000481,i000521,i000342,i001922,i000324,i000555,i000695,i000554,i000898"
u007402,"i000909,i001922,i001240,i000695,i000481,i000521,i000342,i000554,i001049,i001584"
u007403,"i001688,i000695,i001922,i001240,i001049,i001584,i000058,i000521,i000554,i000909"
u007407,"i001922,i000695,i001240,i001049,i000058,i001584,i001688,i002009,i001682,i000200"
u007408,"i000481,i001069,i001663,i000909,i001952,i001240,i000695,i000521,i000554,i000661"
u007411,"i000909,i000521,i000342,i000481,i000661,i000324,i000555,i001663,i000554,i001952"
u007414,"i000481,i001069,i000909,i001952,i000521,i001663,i000342,i000947,i000661,i000554"
u007415,"i001069,i000909,i000931,i000481,i000554,i000842,i000947,i000695,i001952,i001455"
u007426,"i001240,i000695,i001922,i000324,i000555,i001584,i000554,i001688,i001049,i001335"
u007427,"i000481,i001038,i001952,i000661,i001046,i000646,i001663,i001445,i000909,i001455"
u007435,"i000481,i000909,i000521,i000324,i000555,i001069,i001952,i000110,i000342,i000898"
u007439,"i001922,i000481,i000324,i000909,i000555,i000521,i000342,i000110,i000898,i000695"
u007443,"i000646,i000481,i001069,i001663,i001952,i000909,i000521,i000661,i000342,i001046"
u007444,"i001688,i000695,i001049,i001584,i000058,i001462,i000401,i001240,i001350,i001922"
u007450,"i000324,i000327,i000898,i000909,i000481,i000555,i000110,i001455,i001952,i001914"
u007451,"i001952,i000661,i000481,i001455,i001663,i001673,i000521,i001922,i001914,i001046"
u007456,"i000481,i001922,i001663,i001240,i000554,i001455,i001952,i000695,i000521,i001949"
u007457,"i000282,i001151,i001515,i000360,i002056,i001026,i001320,i001922,i000324,i001335"
u007458,"i000481,i001952,i000909,i001069,i001663,i001478,i001038,i001046,i000521,i000207"
u007464,"i000481,i001069,i000909,i001952,i001663,i000521,i000947,i000661,i000554,i000646"
u007473,"i000481,i000909,i001922,i000521,i001240,i000554,i000342,i000324,i001663,i000555"
u007474,"i000481,i001069,i001952,i000521,i000909,i000661,i001663,i000342,i000554,i001922"
u007477,"i000481,i000909,i001922,i000521,i001240,i000554,i000342,i001663,i000646,i001952"
u007484,"i001151,i000282,i001026,i001515,i001320,i001922,i001682,i002056,i000360,i002009"
u007485,"i000481,i000909,i001069,i001952,i000521,i000324,i000342,i001663,i000555,i000661"
u007486,"i000481,i000909,i001069,i000521,i000342,i001952,i001663,i000324,i000555,i000661"
u007490,"i000695,i000481,i001922,i001455,i001240,i001049,i000909,i001673,i001663,i001688"
u007493,"i001688,i000695,i001049,i001584,i000058,i000401,i001240,i001462,i000554,i001143"
u007500,"i001069,i000481,i000909,i001952,i000521,i000947,i000661,i001663,i000342,i000554"
u007503,"i001922,i001240,i000695,i001049,i001688,i002009,i001682,i001786,i000058,i001584"
u007505,"i000695,i001240,i001688,i001922,i001049,i001584,i000058,i001786,i000754,i000554"
u007507,"i001786,i000754,i000554,i001350,i001922,i001688,i001191,i001240,i001049,i000695"
u007508,"i000481,i001922,i000909,i000695,i001240,i000554,i000521,i000342,i000555,i001952"
u007517,"i000695,i001688,i001584,i001049,i000058,i001462,i000401,i001240,i001350,i000754"
u007518,"i001922,i002009,i001682,i001240,i000977,i001049,i000695,i001335,i001801,i000006"
u007520,"i000695,i001240,i001688,i001049,i001922,i001584,i000058,i001786,i000754,i000554"
u007521,"i001922,i001786,i000754,i001350,i001240,i002009,i000200,i001682,i001049,i001335"
u007523,"i000909,i000481,i000521,i000324,i001922,i000555,i000342,i000554,i001952,i000110"
u007529,"i001240,i000695,i001922,i001049,i001688,i001584,i000909,i000058,i001786,i000481"
u007532,"i000695,i001240,i001922,i001049,i001688,i001584,i000058,i001786,i000754,i000909"
u007540,"i000909,i000481,i001922,i000324,i000555,i000521,i000554,i001952,i000342,i000898"
u007543,"i001069,i000481,i000909,i001952,i001663,i000324,i000661,i000555,i000521,i001922"
u007544,"i000481,i000909,i000521,i000342,i001069,i001952,i000554,i000324,i001663,i000661"
u007548,"i000481,i000909,i000521,i000555,i000342,i000324,i000554,i001952,i001240,i001922"
u007558,"i000481,i000909,i000342,i000521,i001663,i001952,i001949,i000554,i000207,i001069"
u007569,"i000909,i000481,i000342,i000521,i001663,i000324,i000554,i001952,i001922,i000555"
u007570,"i000695,i001049,i001584,i001688,i000058,i001240,i001462,i001922,i000401,i001786"
u007577,"i001922,i000695,i000481,i001952,i001049,i000909,i000661,i001455,i000521,i001673"
u007583,"i000909,i000481,i000521,i000324,i000342,i001922,i000555,i001952,i000554,i001663"
u007598,"i000521,i000342,i000481,i000909,i000661,i000554,i001922,i001952,i000646,i001663"
u007607,"i001753,i000909,i001906,i001922,i001508,i000481,i000342,i000325,i000324,i000521"
u007610,"i000909,i000481,i000521,i000342,i000324,i000555,i001663,i000554,i001922,i001952"
u007621,"i001240,i001922,i000695,i001688,i001584,i000754,i001049,i002009,i001786,i000058"
u007624,"i000481,i000909,i001952,i001069,i000521,i000661,i000555,i000324,i000342,i001663"
u007632,"i001240,i001922,i000695,i001049,i002009,i001688,i001584,i001682,i000058,i001335"
u007634,"i001922,i000695,i001049,i001688,i001584,i001240,i000058,i000481,i002009,i000521"
u007637,"i001875,i000618,i000481,i001069,i001455,i000947,i001952,i001673,i000521,i001753"
u007640,"i000909,i000324,i000481,i000521,i000342,i000555,i000554,i001949,i000327,i001143"
u007642,"i001922,i000909,i000695,i001240,i000481,i000521,i001688,i000324,i000554,i000555"
u007643,"i001922,i001240,i001049,i000695,i002009,i001682,i001688,i001786,i000058,i001335"
u007645,"i000695,i001240,i001688,i001922,i001049,i001584,i000481,i000058,i000554,i000754"
u007648,"i000481,i000695,i001455,i001952,i001922,i001445,i001673,i001069,i001663,i000661"
u007651,"i001049,i000695,i001688,i001584,i001922,i001240,i000058,i001462,i000401,i001786"
u007653,"i001240,i000695,i001922,i000481,i001688,i000554,i001786,i000754,i001049,i000909"
u007656,"i000695,i001584,i001049,i001688,i000058,i001240,i001462,i001922,i000401,i001786"
u007661,"i000695,i001688,i001240,i000481,i001922,i001049,i000554,i000521,i000909,i001584"
u007673,"i000909,i000481,i001922,i001240,i000324,i000695,i000521,i000555,i000554,i000342"
u007677,"i001240,i001922,i000754,i000695,i001786,i001688,i001191,i001049,i001584,i000554"
u007679,"i001151,i000282,i001515,i002009,i001682,i001922,i001026,i001320,i000555,i000481"
u007680,"i001922,i000977,i000342,i000481,i000521,i000661,i000909,i001663,i000324,i000554"
u007683,"i000909,i000481,i000324,i000521,i001922,i000342,i000555,i000898,i001952,i000554"
u007684,"i001922,i001682,i002009,i001335,i001240,i000200,i001151,i001595,i000695,i001049"
u007687,"i000695,i001240,i001922,i001688,i001049,i001584,i000058,i000481,i000909,i001786"
u007695,"i000481,i000521,i001069,i000342,i001952,i000909,i001663,i000947,i000661,i000207"
u007700,"i000909,i000481,i000324,i001922,i000521,i000555,i000342,i001240,i001151,i000695"
u007707,"i000695,i001240,i001688,i000481,i000521,i000909,i001049,i000554,i001922,i001584"
u007708,"i001949,i000554,i001240,i001191,i001445,i000909,i001455,i000481,i001922,i000695"
u007713,"i001049,i000695,i001688,i001584,i000058,i001922,i001240,i001462,i001786,i000401"
u007714,"i000695,i001240,i001922,i001049,i001688,i001584,i000058,i000481,i000554,i000327"
u007719,"i000324,i000342,i000555,i001922,i000977,i000110,i000521,i000898,i001134,i000481"
u007721,"i001786,i000754,i001350,i001922,i001240,i001688,i000554,i001049,i001191,i000695"
u007727,"i000695,i001584,i001049,i001688,i000058,i001240,i001462,i001922,i000401,i001786"
u007730,"i000909,i001922,i001240,i000481,i000695,i000324,i000555,i000554,i000521,i001786"
u007733,"i000342,i000521,i000554,i000661,i001922,i000481,i000909,i000253,i001143,i001455"
u007734,"i000695,i001240,i001688,i001922,i001049,i001584,i000058,i000481,i000554,i000754"
u007738,"i000481,i001069,i000909,i001952,i000521,i001663,i000342,i000661,i000324,i000554"
u007744,"i001914,i001649,i001087,i001455,i001673,i000481,i001445,i000554,i000695,i001710"
u007745,"i000695,i001584,i001049,i001688,i000058,i001240,i001922,i001462,i000401,i001350"
u007747,"i000481,i000909,i001952,i001663,i000521,i001069,i000554,i000342,i001949,i001445"
u007758,"i000481,i000909,i001922,i000342,i000521,i001663,i000555,i000324,i001240,i000554"
u007765,"i000909,i000481,i001922,i000324,i000521,i001240,i000555,i000695,i000342,i000554"
u007778,"i001240,i001922,i000695,i001786,i001688,i001801,i000754,i001191,i001049,i000058"
u007785,"i000481,i001952,i001069,i001663,i000909,i001478,i001046,i001445,i000554,i000661"
u007806,"i000661,i000481,i000521,i001952,i000909,i000342,i001038,i001663,i000646,i001922"
u007807,"i001240,i001922,i000695,i001786,i000754,i001049,i001688,i001584,i001191,i002009"
u007808,"i000695,i001240,i001688,i001922,i001049,i001584,i000058,i000481,i000909,i000754"
u007810,"i001049,i000695,i001584,i001688,i000058,i001922,i001240,i001462,i000401,i001786"
u007814,"i000909,i000481,i000521,i000342,i001922,i001240,i000554,i000555,i000324,i001949"
u007819,"i000481,i000909,i001240,i001922,i000695,i000324,i000521,i000342,i000554,i000555"
u007820,"i000695,i001922,i001688,i001240,i001049,i001584,i000058,i000909,i000481,i000554"
u007821,"i001663,i000481,i000646,i001952,i001478,i001069,i001038,i000909,i001046,i000521"
u007829,"i000695,i001584,i001688,i001049,i000058,i001240,i001462,i001922,i000401,i001786"
u007835,"i000481,i000909,i000521,i001663,i001069,i000554,i000342,i001952,i000661,i000646"
u007842,"i001069,i000481,i000909,i000521,i000947,i001952,i001663,i000342,i000661,i000207"
u007854,"i001240,i000695,i001922,i001584,i001049,i002009,i001191,i000058,i001688,i001801"
u007855,"i001240,i000695,i001922,i001049,i001688,i001584,i000058,i000554,i001786,i002009"
u007858,"i001240,i001922,i000695,i001688,i001049,i001584,i000481,i000554,i001786,i000909"
u007860,"i001688,i000695,i001049,i001584,i001240,i000058,i001462,i000401,i001922,i001350"
u007879,"i000481,i001069,i000909,i000521,i001952,i001663,i000342,i000947,i000661,i000324"
u007883,"i000909,i001922,i000481,i000324,i001753,i001240,i000521,i000555,i000342,i000695"
u007887,"i001922,i001240,i000695,i000909,i001049,i000481,i001688,i000324,i001584,i000554"
u007890,"i001922,i001240,i000909,i000695,i000481,i000324,i000521,i001688,i000342,i000554"
u007892,"i000695,i001688,i001240,i001049,i001922,i001584,i000058,i001786,i000754,i000554"
u007893,"i000282,i001515,i001151,i000360,i002056,i001026,i000555,i001320,i000324,i001673"
u007894,"i000481,i000909,i000661,i001952,i001922,i000521,i001663,i000695,i000554,i001914"
u007897,"i001922,i000481,i000909,i001455,i001952,i000661,i000521,i001663,i000554,i001069"
u007900,"i001786,i001949,i001240,i000554,i001191,i000754,i000695,i001922,i001350,i001688"
u007903,"i001922,i001682,i002009,i001335,i001240,i001595,i000200,i001151,i001786,i002056"
u007907,"i000898,i000324,i000327,i000110,i000555,i001134,i000909,i000760,i000877,i001151"
u007908,"i000481,i000909,i000324,i000521,i000555,i001952,i000342,i001069,i001922,i000898"
u007919,"i001445,i001455,i001314,i001673,i000805,i001710,i000661,i001952,i001922,i000554"
u007923,"i000521,i000481,i000342,i000909,i001663,i000661,i001952,i000554,i001069,i000947"
u007925,"i001922,i001682,i001240,i001335,i002009,i000200,i001786,i000695,i001801,i000554"
u007928,"i000909,i000481,i000324,i001922,i000521,i000898,i001240,i000342,i000555,i001949"
u007931,"i001455,i001673,i001710,i001445,i001952,i001922,i000805,i000661,i000554,i001914"
u007937,"i000481,i001069,i000521,i000947,i000661,i001663,i001949,i001952,i000554,i001455"
u007942,"i000754,i001786,i001350,i001240,i000554,i001688,i001314,i001922,i001191,i000200"
u007947,"i000481,i000521,i000342,i000909,i000661,i001663,i001952,i001922,i000554,i000646"
u007952,"i000282,i001151,i001515,i000360,i000555,i000324,i001922,i000909,i001026,i002056"
u007960,"i001049,i000695,i001688,i001584,i000058,i001462,i001240,i001922,i000401,i001877"
u007962,"i000909,i000481,i000521,i000324,i001922,i000342,i000555,i001663,i001952,i000554"
u007966,"i001922,i000695,i001688,i001240,i000481,i000521,i001049,i000909,i000554,i000058"
u007967,"i000695,i001240,i001688,i001922,i001049,i001584,i000058,i000481,i001786,i000909"
u007970,"i001069,i000481,i001952,i000909,i000661,i001455,i001445,i000947,i000521,i001663"
u007989,"i000909,i001922,i000481,i000324,i000521,i001240,i000695,i000342,i000554,i001949"
u007996,"i000521,i000481,i000342,i000909,i001952,i001663,i000661,i001922,i000554,i000555"
u007997,"i000909,i000481,i000521,i000342,i001952,i000555,i000207,i000324,i001069,i001663"
u008008,"i001240,i001922,i000695,i001688,i000754,i001786,i001049,i001584,i000554,i000058"
u008009,"i000521,i000481,i000342,i000909,i000555,i000977,i000661,i000518,i001753,i000324"
u008011,"i000481,i001952,i000661,i001069,i001663,i000521,i000909,i000646,i000342,i000554"
u008024,"i000909,i000481,i000324,i000521,i000342,i001663,i001069,i001952,i000555,i000898"
u008025,"i000327,i000324,i000909,i000555,i000110,i000481,i001922,i000898,i000554,i000342"
u008031,"i000342,i000521,i000481,i000909,i000661,i001663,i001952,i000646,i000619,i000253"
u008033,"i001949,i000481,i000554,i000521,i001663,i000909,i000342,i001952,i000646,i001191"
u008038,"i000909,i000481,i000324,i000521,i000342,i000555,i001952,i001922,i000110,i000898"
u008055,"i001922,i001240,i000695,i000481,i000324,i000327,i001049,i000554,i000909,i001584"
u008060,"i001240,i001922,i000695,i001688,i000554,i000481,i001786,i001049,i000754,i000909"
u008067,"i000695,i001584,i000058,i001049,i001688,i001462,i001240,i000401,i001922,i000931"
u008068,"i000110,i000324,i000555,i000898,i000481,i000877,i000521,i000909,i000327,i000342"
u008074,"i000481,i000909,i001069,i001952,i001663,i000521,i000695,i000661,i001240,i000554"
u008099,"i001922,i000909,i001240,i000481,i000324,i000695,i000521,i000555,i000554,i001786"
u008104,"i001069,i000947,i000481,i001952,i000661,i000909,i000931,i000521,i001663,i001455"
u008106,"i000481,i000521,i001069,i001952,i000909,i000661,i000947,i001038,i001663,i000342"
u008117,"i000481,i000521,i000909,i000342,i001922,i000554,i001663,i001949,i001240,i000977"
u008122,"i000909,i000481,i000521,i000342,i001069,i001663,i000554,i001952,i001949,i000324"
u008124,"i001069,i000481,i000947,i000909,i001952,i001663,i001267,i000646,i000342,i000521"
u008127,"i001069,i000481,i000909,i000947,i001952,i000521,i001663,i000342,i000646,i001038"
u008129,"i000481,i000521,i000909,i000324,i000555,i001952,i000661,i000554,i001922,i001069"
u008143,"i001922,i002009,i001682,i001240,i000977,i001335,i000006,i001049,i000695,i001801"
u008155,"i001069,i000481,i000909,i000947,i001952,i000521,i001663,i000342,i000661,i000931"
u008159,"i000695,i001584,i000058,i001688,i001049,i001462,i001240,i000401,i001922,i000829"
u008164,"i000481,i000342,i000521,i001663,i000661,i001952,i001240,i000646,i001922,i000947"
u008167,"i000481,i000909,i000521,i001038,i001663,i001952,i000342,i000646,i000554,i001922"
u008168,"i000909,i000481,i001922,i000695,i001240,i000521,i000342,i000324,i000554,i001049"
u008170,"i001069,i000481,i001952,i000909,i001455,i000324,i000555,i000661,i001922,i001673"
u008176,"i000695,i001584,i000058,i001688,i001049,i001240,i001462,i001922,i000401,i000829"
u008188,"i000481,i000909,i001952,i001663,i001069,i000661,i000521,i000342,i000555,i000554"
u008190,"i000521,i000342,i000481,i000909,i000661,i001952,i001663,i000555,i000619,i000646"
u008191,"i001240,i001191,i000956,i000554,i000695,i001717,i001143,i001922,i001786,i001801"
u008193,"i000324,i000909,i000555,i000898,i000481,i000327,i000110,i000342,i000521,i001952"
u008201,"i000481,i001038,i001952,i000909,i000646,i001069,i001663,i001478,i000521,i000342"
u008203,"i001455,i001673,i000661,i001445,i001753,i001710,i000481,i000554,i001952,i001922"
u008204,"i000481,i001069,i001952,i000661,i000909,i001922,i001663,i000342,i000947,i000521"
u008234,"i000481,i001069,i000521,i000661,i000909,i000554,i001952,i001038,i000947,i001922"
u008237,"i001922,i000481,i001682,i000695,i001952,i002009,i001445,i001240,i000661,i000554"
u008239,"i000481,i000661,i001922,i001663,i000521,i000909,i001952,i000342,i000554,i001069"
u008240,"i000695,i001584,i001049,i000058,i001688,i001240,i000401,i001462,i000842,i001877"
u008248,"i001151,i001320,i001515,i000360,i000282,i002009,i001922,i001682,i000317,i001113"
u008255,"i000931,i000554,i001455,i000695,i001069,i000909,i000058,i000652,i001949,i001682"
u008256,"i000481,i000521,i001952,i000342,i001663,i000661,i000909,i001069,i000554,i000646"
u008257,"i000481,i000521,i000661,i001952,i000342,i001663,i000909,i001069,i001922,i000554"
u008262,"i001922,i000695,i000481,i001688,i001240,i000909,i000521,i000342,i000554,i001049"
u008272,"i001922,i000977,i000493,i001682,i000342,i001217,i002009,i000521,i001151,i001049"
u008276,"i000481,i001952,i000661,i001663,i000646,i001069,i001038,i001478,i001455,i000909"
u008284,"i000481,i001952,i000909,i000661,i001922,i000521,i001663,i000555,i000554,i001069"
u008286,"i001922,i001682,i002009,i001335,i001240,i000977,i000006,i001049,i000695,i001801"
u008287,"i001069,i000481,i000909,i001952,i000342,i000521,i001922,i000947,i000661,i000324"
u008288,"i000481,i001069,i000909,i001952,i000947,i000661,i001455,i001663,i000521,i000695"
u008293,"i001069,i000481,i001952,i000909,i000661,i001663,i000521,i001922,i000947,i000342"
u008296,"i000909,i000324,i001069,i000481,i001952,i000555,i000661,i000521,i000342,i000110"
u008298,"i001069,i000481,i001952,i000909,i000661,i001455,i001922,i001663,i001673,i000947"
u008301,"i001069,i001952,i000999,i000481,i001914,i000720,i001445,i000661,i000909,i001455"
u008308,"i000481,i000909,i001952,i001069,i001663,i000695,i001455,i000661,i001240,i000554"
u008309,"i000481,i001952,i001069,i000661,i000909,i000342,i000521,i001663,i001455,i000947"
u008312,"i001069,i001663,i000947,i001952,i000481,i000661,i000646,i001267,i000342,i000521"
u008323,"i001069,i000481,i001952,i000909,i001455,i001922,i000324,i000661,i000555,i001673"
u008324,"i000695,i001455,i000481,i001922,i000909,i001240,i001049,i001673,i001952,i001069"
u008335,"i000481,i000909,i001952,i001069,i001663,i000661,i001455,i000695,i001240,i000324"
u008337,"i000481,i001069,i001952,i000661,i000909,i001663,i001922,i000554,i001455,i001445"
u008343,"i000481,i001952,i001663,i001069,i000909,i000695,i000661,i001455,i001240,i001445"
u008344,"i000481,i001069,i001952,i000661,i000909,i001663,i001455,i001922,i001673,i000695"
u008349,"i001069,i000481,i000947,i001952,i001663,i000909,i000646,i000661,i001267,i000521"
u008350,"i000481,i001069,i001952,i000909,i000521,i000342,i001663,i000661,i000554,i001922"
u008360,"i001663,i000481,i000646,i001952,i001069,i000661,i001445,i001478,i000909,i001038"
u008362,"i000324,i000555,i001455,i001753,i001710,i001673,i000898,i000518,i000327,i001508"
u008365,"i001069,i000481,i001952,i000909,i000661,i001663,i001922,i001914,i001455,i001445"
u008367,"i000481,i000909,i001069,i001952,i001663,i000695,i000661,i000521,i001922,i001455"
u008368,"i000481,i000661,i001952,i001508,i001069,i001455,i001753,i000909,i000521,i000947"
u008374,"i000481,i001952,i000661,i001663,i001455,i001478,i000909,i001038,i000554,i001069"
u008375,"i000481,i001069,i001952,i000909,i001663,i000661,i000521,i000947,i000695,i000342"
u008376,"i001069,i000481,i000909,i001952,i000947,i001663,i000521,i000661,i000342,i000554"
u008377,"i000481,i001069,i001952,i001663,i000661,i000909,i000695,i001455,i001922,i001445"
u008379,"i001914,i001087,i001649,i001952,i000481,i001455,i001069,i001673,i000909,i001710"
u008381,"i000481,i001952,i000661,i001069,i001663,i000521,i001753,i000909,i001508,i000342"
u008385,"i000481,i001069,i001952,i000909,i001663,i000947,i000521,i000661,i001038,i000207"
u008399,"i000720,i001455,i001673,i001952,i001922,i000661,i001710,i001069,i000481,i000947"
u008404,"i001069,i000481,i001952,i000909,i000661,i001663,i000947,i001455,i001922,i000521"
u008407,"i001069,i000481,i000909,i001952,i000521,i000947,i000661,i000342,i001663,i001922"
u008410,"i000661,i001069,i001455,i001952,i001445,i000947,i001673,i000554,i000931,i000909"
u008411,"i001069,i000481,i001952,i001663,i001478,i000661,i000947,i001445,i000342,i001314"
u008416,"i001069,i000481,i000909,i000947,i001952,i000521,i000342,i001663,i000661,i001267"
u008418,"i001455,i001673,i001952,i001710,i001069,i000661,i000481,i001445,i000554,i000909"
u008431,"i001069,i000481,i001952,i000661,i000947,i001922,i000695,i001663,i001455,i000521"
u008443,"i001952,i001069,i000481,i000661,i000909,i000521,i001455,i001663,i000947,i001038"
u008444,"i001335,i001922,i001682,i002009,i000200,i001595,i001801,i001113,i001649,i002056"
u008450,"i000481,i001069,i001952,i000521,i001663,i000909,i001038,i000661,i000646,i000947"
u008452,"i000481,i001952,i001069,i000661,i001663,i000909,i000521,i000646,i001038,i000207"
u008453,"i000554,i001952,i000661,i000481,i001455,i001445,i001069,i001673,i001663,i000521"
u008455,"i001069,i000481,i001952,i000909,i000521,i000947,i000342,i000661,i000555,i000324"
u008457,"i000481,i001069,i001952,i001663,i000909,i000521,i000661,i001038,i000207,i000646"
u008459,"i001069,i000909,i000661,i001952,i000481,i001445,i001914,i000646,i000028,i001046"
u008462,"i000481,i001069,i001952,i000661,i001663,i000909,i000521,i001922,i001455,i000554"
u008464,"i001069,i000481,i001952,i000909,i001455,i000695,i000661,i001922,i001673,i000324"
u008469,"i000909,i001069,i001952,i000481,i000661,i000342,i001445,i001455,i000947,i000521"
u008470,"i000481,i001069,i001952,i000661,i000909,i000521,i001663,i000947,i001038,i001455"
u008486,"i001069,i000481,i001952,i000909,i000661,i001455,i000947,i000521,i001663,i001922"
u008488,"i000909,i000282,i000481,i001069,i001151,i000521,i001515,i001663,i001952,i000554"
u008489,"i001038,i000481,i001952,i001069,i000661,i001663,i001445,i000646,i000720,i000521"
u008496,"i001069,i000661,i000481,i001445,i001952,i000947,i001455,i000521,i000909,i001002"
u008499,"i001949,i001455,i000554,i001673,i001445,i001191,i001914,i001240,i001143,i000652"
u008500,"i000554,i000481,i001952,i001455,i001069,i000661,i001949,i001673,i000909,i001663"
u008511,"i001069,i000481,i000909,i001952,i000661,i000947,i000521,i000324,i001663,i001455"
u008514,"i000481,i001952,i001069,i000661,i000909,i001663,i000521,i001455,i001922,i001038"
u008527,"i001455,i001673,i001710,i001952,i001445,i001069,i000661,i000554,i000481,i000909"
u008540,"i000481,i001922,i000695,i000909,i001069,i001952,i001240,i001455,i000661,i001049"
u008546,"i001508,i001753,i001069,i000481,i001906,i001952,i000325,i000661,i000909,i001455"
u008550,"i001455,i001673,i001069,i001952,i001710,i001445,i000909,i000931,i000661,i000481"
u008551,"i001922,i000554,i001335,i001682,i001240,i002009,i001649,i001801,i001786,i000977"
u008552,"i000481,i001069,i000661,i001952,i000909,i001663,i000521,i001455,i000342,i001445"
u008555,"i000481,i001952,i001069,i001922,i001455,i000661,i000909,i000695,i001673,i001663"
u008557,"i000481,i001069,i000909,i001952,i000324,i001455,i000555,i000695,i001922,i001663"
u008564,"i001922,i002009,i001682,i001335,i000200,i000977,i001595,i001801,i001151,i000006"
u008567,"i001922,i000554,i000909,i000282,i000521,i001949,i000481,i001191,i001335,i001682"
u008571,"i000481,i001952,i001922,i001069,i001455,i000661,i000909,i000695,i000324,i001663"
u008575,"i001508,i001753,i000325,i000481,i000518,i001952,i001069,i001663,i000661,i001922"
u008591,"i001069,i001952,i000481,i000947,i000661,i001663,i000909,i001455,i000521,i001267"
u008592,"i000481,i001069,i001952,i001038,i001663,i000646,i000947,i000661,i000207,i000521"
u008593,"i001952,i001455,i000481,i000661,i001673,i001710,i001445,i001663,i001046,i001002"
u008596,"i000481,i001922,i000909,i001663,i001240,i000695,i001952,i000554,i000661,i000521"
u008601,"i001069,i000481,i000909,i001952,i000947,i001663,i000661,i000521,i000695,i001455"
u008614,"i000481,i001952,i000661,i001069,i000521,i000909,i001663,i000342,i000947,i001455"
u008618,"i001455,i001143,i001710,i001673,i000554,i001952,i001914,i000661,i001445,i001949"
u008629,"i001069,i000947,i000661,i001952,i000481,i001663,i000931,i001267,i000909,i000521"
u008633,"i001069,i000481,i000909,i001952,i000947,i000521,i001663,i000342,i000661,i001713"
u008637,"i000481,i001952,i001069,i000909,i001455,i001445,i001663,i001038,i000554,i000931"
u008642,"i002009,i001922,i001335,i001595,i001682,i001113,i000200,i001320,i001151,i000282"
u008647,"i000282,i001151,i001515,i000360,i001682,i001922,i001026,i001320,i001335,i002009"
u008651,"i001455,i000661,i001952,i001069,i001445,i001673,i001710,i000554,i000481,i001922"
u008662,"i001922,i001682,i002009,i000977,i001335,i000167,i000006,i001151,i001049,i000661"
u008664,"i001922,i000481,i000661,i001952,i000909,i001914,i000324,i001455,i000521,i001663"
u008666,"i001069,i000481,i001952,i000909,i000661,i001455,i001663,i000947,i001922,i001673"
u008667,"i001046,i001952,i000909,i001445,i000481,i000661,i002146,i001455,i001069,i000646"
u008668,"i000898,i000324,i000327,i000481,i001952,i000555,i000877,i000110,i001455,i000909"
u008669,"i000481,i001455,i000909,i001445,i001663,i001952,i001922,i000695,i001673,i001914"
u008670,"i000909,i001455,i000481,i000324,i001952,i000521,i001673,i000661,i001922,i000555"
u008675,"i001069,i000947,i000481,i001952,i000931,i000909,i000661,i001455,i001663,i000521"
u008682,"i001922,i001952,i000481,i001455,i000909,i000324,i000555,i001069,i001673,i001914"
u008683,"i000481,i001455,i000909,i000695,i001069,i001922,i001663,i001952,i001240,i001673"
u008689,"i000481,i001069,i001663,i000521,i000158,i000909,i001952,i000661,i000646,i000947"
u008691,"i000481,i000661,i001069,i000521,i001038,i001952,i000947,i000909,i000646,i001663"
u008695,"i000481,i000521,i000947,i001069,i001952,i000909,i000342,i000661,i000570,i000554"
u008702,"i000481,i001069,i000909,i001952,i001663,i000661,i001455,i001922,i000695,i000521"
u008705,"i001049,i000695,i001688,i001584,i001462,i000058,i000401,i001922,i001240,i000842"
u008709,"i001069,i000481,i001663,i001952,i000947,i000646,i000661,i000521,i001445,i001038"
u008731,"i000909,i000481,i001069,i000661,i001952,i000521,i000947,i001663,i000342,i000554"
u008732,"i000481,i000695,i001922,i001455,i000909,i001240,i001952,i001049,i000324,i001445"
u008737,"i000909,i000481,i001069,i001952,i000661,i000521,i001455,i000324,i001663,i000554"
u008738,"i000481,i001069,i001952,i000909,i000661,i001663,i001922,i001455,i001445,i000521"
u008744,"i001922,i001682,i002009,i001335,i000695,i001240,i001049,i000200,i001595,i001801"
u008745,"i000158,i000481,i001455,i001069,i001952,i001673,i000909,i001663,i000554,i001445"
u008748,"i000481,i001069,i001952,i000909,i000661,i001663,i001455,i000947,i001922,i000521"
u008751,"i001952,i001455,i000481,i001069,i001673,i000661,i000909,i001710,i001445,i000521"
u008752,"i001455,i001710,i001673,i001445,i001952,i000554,i000805,i000661,i001069,i000909"
u008757,"i001069,i000481,i000909,i001952,i001663,i000695,i000947,i000661,i000521,i001455"
u008759,"i000481,i001952,i001069,i001455,i000909,i000661,i000695,i001922,i001663,i001673"
u008761,"i000481,i001069,i000909,i001952,i001663,i000521,i000661,i000342,i000554,i001922"
u008774,"i000931,i001069,i000554,i001455,i000947,i000481,i001952,i000909,i000661,i001143"
u008777,"i001069,i000481,i001952,i000661,i000909,i001663,i001922,i000947,i000521,i001455"
u008783,"i000481,i001069,i000909,i001952,i001663,i000695,i000646,i000554,i000661,i000521"
u008790,"i000481,i001952,i001069,i000521,i000661,i001922,i000909,i001663,i000342,i000947"
u008792,"i001069,i000481,i001952,i000909,i001455,i000661,i001663,i000947,i000324,i001922"
u008794,"i000342,i000661,i000481,i000521,i001952,i001720,i001663,i000619,i000947,i000646"
u008797,"i000947,i001069,i000521,i000661,i000481,i001952,i001875,i000570,i000342,i001267"
u008805,"i000481,i001922,i001952,i000661,i001663,i001069,i001445,i000554,i000909,i001240"
u008813,"i001069,i000481,i000909,i001952,i000661,i001455,i001663,i000947,i001922,i000324"
u008820,"i000481,i001038,i001069,i001952,i000207,i002132,i000521,i001663,i000661,i001131"
u008824,"i000695,i001455,i000481,i001049,i001922,i001673,i001445,i001952,i001710,i001584"
u008835,"i001069,i000481,i001952,i000947,i000909,i000661,i001663,i001445,i001455,i000931"
u008837,"i000481,i001069,i001952,i000909,i001663,i000661,i000521,i000554,i001922,i000342"
u008839,"i000909,i001069,i000481,i001952,i000521,i000661,i000947,i000342,i001663,i000324"
u008842,"i001069,i001952,i000481,i000661,i000909,i000947,i000521,i001455,i000554,i001663"
u008846,"i001151,i000555,i000324,i001515,i000282,i002009,i001922,i001682,i001320,i000360"
u008852,"i001069,i000481,i001952,i000661,i000909,i001922,i001663,i000521,i000947,i001455"
u008860,"i000554,i000956,i001949,i001143,i001240,i001191,i001445,i001455,i001922,i001914"
u008861,"i000481,i001069,i001952,i001922,i001663,i000909,i000695,i000661,i001240,i000554"
u008865,"i000481,i001952,i001069,i000661,i001663,i000909,i000695,i001922,i001455,i001240"
u008871,"i001875,i000618,i001069,i000521,i001296,i000481,i001952,i000947,i001455,i001189"
u008878,"i001952,i000481,i001069,i000661,i001455,i001663,i001673,i001445,i000909,i001478"
u008879,"i001069,i000481,i001952,i000909,i000661,i001663,i000947,i001922,i000324,i001455"
u008887,"i001922,i000481,i001455,i000695,i001673,i000909,i001952,i001710,i000661,i001508"
u008888,"i000481,i001069,i001952,i000661,i000909,i000554,i000521,i001663,i000947,i000342"
u008892,"i001922,i001335,i001682,i002009,i000554,i000200,i000282,i001151,i001649,i002056"
u008898,"i000481,i000521,i000661,i001069,i000342,i001952,i000909,i001663,i000947,i000554"
u008899,"i001240,i001922,i000695,i001335,i001682,i002009,i000554,i001191,i000200,i000931"
u008900,"i001069,i000481,i001952,i000909,i000661,i000521,i000947,i000342,i001455,i000554"
u008902,"i001069,i000947,i000481,i001952,i000909,i001663,i001267,i000570,i000931,i001713"
u008906,"i000481,i001069,i000909,i001952,i000521,i000947,i001663,i001038,i000661,i000207"
u008917,"i000481,i000909,i001069,i001663,i001952,i000521,i000342,i000554,i000661,i000695"
u008918,"i000481,i001455,i001952,i001922,i000661,i001069,i001673,i001663,i001445,i000909"
u008923,"i001069,i001952,i000481,i000947,i000909,i000661,i001663,i000931,i001455,i000521"
u008926,"i000481,i001069,i000909,i001952,i001663,i000521,i000661,i000947,i000695,i000554"
u008927,"i001069,i000481,i001952,i000909,i000661,i000521,i000947,i001455,i000554,i000931"
u008930,"i001069,i000481,i000909,i001952,i000947,i001713,i000661,i001663,i000521,i000931"
u008934,"i001069,i000947,i000481,i001952,i000909,i001267,i000570,i001663,i000661,i000521"
u008938,"i001508,i001753,i000325,i000518,i001906,i001927,i000481,i001069,i001673,i001455"
u008939,"i000481,i001069,i000695,i000909,i001952,i001455,i001240,i001663,i001049,i001445"
u008944,"i001069,i000481,i000909,i001952,i000947,i001663,i000521,i000661,i000342,i000646"
u008949,"i000481,i000695,i001069,i001952,i000909,i001663,i000661,i001240,i001584,i001455"
u008951,"i001455,i001069,i001673,i001952,i000481,i001710,i000909,i001445,i000661,i000554"
u008958,"i000481,i001069,i000947,i000521,i001952,i000661,i000909,i000342,i001663,i000619"
u008970,"i001922,i001682,i002009,i000695,i001240,i001335,i001049,i001801,i000977,i000200"
u008971,"i001069,i000481,i000909,i001952,i000661,i001663,i000324,i000947,i001455,i000521"
u008972,"i000481,i000909,i001663,i001922,i001240,i000554,i001952,i001445,i000661,i001455"
u008988,"i000481,i001952,i001069,i001663,i001508,i000661,i000521,i000518,i000909,i000342"
u008991,"i000481,i001952,i000661,i000521,i001069,i000909,i001922,i000342,i001663,i000554"
u008996,"i000521,i000481,i001069,i000661,i000342,i000554,i001952,i000947,i001663,i000646"
u008997,"i001069,i000481,i000661,i000554,i000521,i001445,i000947,i001952,i001914,i000956"
u009002,"i000481,i001069,i001952,i001663,i000909,i000695,i000661,i001922,i001445,i001240"
u009003,"i001455,i001673,i001710,i001445,i001952,i000554,i000661,i001069,i000805,i000481"
u009006,"i001069,i001455,i000931,i001875,i000251,i000947,i001673,i000652,i001445,i001952"
u009009,"i001069,i000481,i001952,i000661,i001663,i000909,i000695,i001455,i001922,i000947"
u009014,"i001952,i000661,i001455,i000481,i001069,i001673,i001710,i000909,i001445,i000521"
u009020,"i001508,i001753,i000481,i001455,i001069,i000518,i001673,i001952,i001663,i000909"
u009024,"i000695,i001922,i000481,i001049,i001240,i001688,i001952,i000554,i000661,i001069"
u009027,"i000481,i001069,i001952,i000661,i000909,i001663,i001445,i001455,i000554,i000521"
u009043,"i001069,i000481,i001952,i000909,i000661,i000521,i000947,i000342,i001663,i001455"
u009046,"i000481,i001069,i000909,i001952,i000521,i001663,i000947,i000661,i000342,i000695"
u009054,"i002056,i001335,i000282,i001682,i001952,i001922,i001069,i001801,i000661,i000909"
u009065,"i001952,i000481,i001069,i001046,i000661,i001455,i001663,i001445,i000646,i000909"
u009076,"i001069,i000481,i000909,i001952,i001663,i000947,i000521,i000661,i000342,i000324"
u009092,"i001151,i000282,i001515,i001026,i001320,i000360,i001922,i001682,i002056,i000317"
u009095,"i002056,i001801,i001922,i001335,i001682,i002009,i001240,i001623,i001021,i001595"
u009096,"i001069,i000481,i001952,i000909,i001663,i000947,i000661,i001038,i001455,i000646"
u009114,"i001922,i000481,i001952,i000661,i001445,i001455,i000554,i001663,i001682,i000695"
u009120,"i000481,i001069,i000909,i001952,i000695,i001663,i000661,i000947,i000521,i001240"
u009123,"i001922,i000481,i001952,i001069,i000695,i001455,i000661,i001682,i001673,i001710"
u009125,"i001069,i000481,i001914,i001952,i000909,i001649,i000661,i000554,i001663,i001455"
u009128,"i000554,i001455,i001445,i001952,i000481,i001673,i001069,i000661,i001753,i000909"
u009138,"i001069,i000481,i000909,i001952,i000324,i000521,i001922,i000661,i000342,i001663"
u009139,"i000695,i001584,i000058,i001049,i001688,i001462,i001240,i000401,i001922,i000931"
u009141,"i001069,i000481,i000909,i001952,i001663,i000947,i000521,i000661,i001445,i000646"
u009142,"i001335,i000200,i001922,i001682,i002009,i001595,i001240,i001801,i002056,i001786"
u009143,"i001069,i000481,i001952,i000931,i000695,i000554,i001049,i001663,i001584,i000058"
u009150,"i000481,i001038,i001952,i001069,i000661,i000909,i000521,i001663,i000646,i001046"
u009152,"i001455,i001445,i000805,i000554,i001673,i001046,i001710,i001952,i000661,i000968"
u009159,"i000481,i001069,i000909,i001952,i000947,i000521,i001663,i000661,i000342,i000554"
u009164,"i001069,i000481,i001952,i000909,i000661,i000947,i001663,i001922,i000521,i001914"
u009172,"i000282,i001515,i000909,i001151,i000360,i001069,i000324,i001914,i000555,i001673"
u009180,"i001069,i000481,i000909,i001952,i000947,i000661,i001663,i001455,i000521,i000646"
u009206,"i001455,i001673,i001445,i001710,i001952,i000805,i000554,i001069,i000661,i000909"
u009207,"i000481,i001069,i001952,i000909,i001478,i001663,i001038,i001445,i000661,i001906"
u009209,"i001314,i001445,i001922,i001455,i000661,i000999,i000554,i001688,i001710,i001682"
u009215,"i000481,i001952,i000661,i001663,i001069,i000909,i001455,i000695,i001922,i001240"
u009225,"i001069,i000481,i001952,i001151,i001922,i000909,i000282,i000324,i000555,i001682"
u009231,"i002009,i001922,i001682,i001335,i001595,i000200,i001151,i000006,i001113,i001801"
u009239,"i000481,i001069,i000909,i001952,i001663,i000947,i000521,i000661,i000342,i000646"
u009247,"i000481,i001952,i001069,i001455,i000661,i000909,i001663,i001673,i000207,i001445"
u009250,"i000481,i001069,i001952,i001922,i000661,i000909,i001663,i001914,i000554,i000695"
u009256,"i000327,i000898,i001455,i000324,i000110,i001673,i001914,i000555,i001952,i001710"
u009264,"i000481,i001069,i000909,i001952,i000947,i000521,i001663,i000661,i000342,i000554"
u009266,"i001069,i001753,i000481,i000909,i001952,i001906,i000661,i001455,i001508,i001445"
u009270,"i000481,i001478,i001952,i000909,i000661,i001663,i001069,i000342,i001445,i001046"
u009275,"i001069,i000481,i000947,i000909,i001952,i001663,i001267,i000570,i000931,i000521"
u009279,"i000481,i001952,i001663,i000661,i000554,i001069,i000909,i000521,i001240,i001445"
u009282,"i001455,i001673,i001710,i001445,i001952,i000805,i000554,i000909,i001949,i000661"
u009300,"i001240,i000554,i000909,i001143,i001191,i001445,i001922,i001949,i001914,i001069"
u009303,"i000554,i001143,i000481,i001952,i001455,i001949,i001069,i000661,i001445,i000521"
u009306,"i000481,i000909,i001069,i001952,i000695,i001663,i000661,i001240,i000554,i001455"
u009319,"i000327,i000324,i000555,i000898,i000110,i000909,i000481,i001455,i000877,i001952"
u009322,"i001069,i000481,i001952,i000947,i001663,i001267,i000909,i000661,i000570,i000521"
u009323,"i001688,i000695,i001049,i001584,i000058,i001462,i000401,i001240,i001350,i001922"
u009329,"i000481,i001069,i000695,i000909,i001952,i001455,i001922,i000661,i001663,i001673"
u009347,"i000481,i000695,i001455,i000909,i001952,i001069,i001663,i001445,i001240,i000661"
u009348,"i000481,i001952,i000661,i000521,i001663,i000909,i000342,i001069,i000554,i001922"
u009350,"i000481,i001069,i000909,i001952,i001663,i000661,i001455,i000695,i000646,i001922"
u009351,"i000481,i000521,i001069,i001952,i000909,i001296,i000342,i000947,i001663,i000661"
u009354,"i001508,i000481,i001952,i001753,i001663,i000325,i001069,i000518,i000661,i001906"
u009355,"i002009,i001682,i001151,i001922,i000282,i001335,i001515,i001595,i001113,i001320"
u009356,"i000251,i001069,i001445,i000931,i000220,i000947,i000554,i000652,i001267,i000570"
u009365,"i001455,i001922,i000324,i000555,i001673,i001952,i000481,i001710,i001069,i000909"
u009367,"i001069,i000481,i001952,i001508,i001753,i001922,i000909,i000661,i001455,i000555"
u009369,"i001753,i001906,i001508,i000518,i000481,i000325,i001445,i001455,i000909,i001952"
u009375,"i000909,i000481,i001069,i001952,i000661,i001663,i000342,i000521,i001455,i001478"
u009387,"i001445,i001069,i000481,i001952,i000909,i001455,i001663,i001478,i000554,i000661"
u009404,"i001455,i001922,i001673,i000324,i000555,i000481,i001710,i000909,i001952,i000695"
u009409,"i001922,i001335,i001682,i002009,i000200,i001649,i000167,i001240,i001595,i000282"
u009416,"i000481,i001952,i001069,i000909,i000646,i000521,i000661,i001046,i001914,i001663"
u009423,"i001069,i000481,i001952,i000909,i000661,i001663,i000521,i000947,i001455,i000646"
u009429,"i001069,i000481,i001952,i000909,i000324,i000521,i000342,i001663,i000661,i000554"
u009441,"i000481,i001069,i000695,i001455,i000909,i001952,i001663,i001240,i001673,i000661"
u009453,"i000481,i001038,i001952,i000646,i001663,i001069,i000661,i001478,i000207,i000521"
u009466,"i000481,i001069,i000909,i001952,i000521,i000324,i000661,i001663,i000342,i000947"
u009467,"i001069,i000481,i001952,i000661,i000909,i001663,i001922,i000947,i000521,i001445"
u009468,"i001069,i000947,i000481,i001952,i000909,i000521,i000661,i000342,i001663,i001267"
u009472,"i000324,i000555,i000898,i000909,i000327,i000110,i000481,i001151,i001134,i000877"
u009474,"i000481,i001069,i000909,i001663,i001952,i000695,i000646,i001914,i001922,i000342"
u009475,"i000481,i000661,i001069,i001952,i001455,i000909,i000521,i000554,i001445,i001673"
u009480,"i001922,i000555,i000481,i001952,i000324,i000909,i001455,i001069,i001151,i000282"
u009483,"i000481,i001069,i000909,i001952,i000695,i001663,i000521,i001922,i000646,i000324"
u009484,"i000481,i001069,i000909,i001952,i000521,i000661,i001663,i000342,i000554,i000947"
u009494,"i001753,i001508,i000481,i000909,i001069,i000518,i001663,i001906,i001455,i000661"
u009512,"i000158,i000481,i000555,i001952,i001663,i000909,i001069,i000521,i000554,i000661"
u009516,"i000324,i000555,i000110,i000909,i000898,i000327,i001069,i000481,i001952,i001134"
u009518,"i000661,i000342,i000521,i000481,i001952,i001296,i000619,i000646,i000248,i000563"
u009519,"i000909,i001069,i000481,i000521,i001952,i000342,i000947,i001663,i000661,i001478"
u009520,"i000481,i000909,i001952,i001069,i000324,i000521,i000555,i000661,i001663,i000342"
u009522,"i001069,i000481,i001952,i000909,i001455,i000661,i000947,i001663,i001445,i001922"
u009523,"i000282,i001515,i001151,i000360,i001069,i000555,i001682,i000481,i000909,i001335"
u009527,"i001069,i000481,i001952,i000909,i001663,i000661,i000521,i000947,i000554,i000342"
u009528,"i000909,i000481,i001069,i000554,i000342,i000521,i001143,i001952,i000324,i001663"
u009532,"i001069,i000481,i000947,i001952,i000909,i001663,i000521,i001713,i001267,i000570"
u009536,"i000481,i001952,i001069,i000521,i000909,i000661,i000947,i000342,i001038,i001455"
u009537,"i001069,i000481,i000521,i000661,i001952,i000342,i000947,i000646,i001663,i000909"
u009538,"i000481,i001069,i000947,i001455,i001445,i001952,i000521,i000554,i000661,i000563"
u009543,"i000481,i001952,i001069,i001445,i001455,i000909,i000661,i000521,i000554,i000324"
u009545,"i000481,i000909,i001069,i000521,i001952,i000342,i000324,i000555,i000661,i000947"
u009547,"i000481,i001952,i000661,i001663,i001069,i000695,i001922,i001455,i001914,i001445"
u009548,"i000481,i001069,i000909,i001952,i001663,i000521,i000947,i000695,i000661,i000342"
u009549,"i001069,i000481,i001952,i000661,i000909,i001663,i000554,i000521,i000342,i000947"
u009558,"i000282,i001151,i001515,i000360,i001069,i000555,i000909,i000481,i001952,i000324"
u009562,"i000481,i001069,i001952,i000521,i000909,i000661,i001663,i000947,i000342,i000207"
u009564,"i000555,i000324,i000909,i000481,i001069,i001952,i000898,i000110,i000342,i000521"
u009581,"i001069,i000481,i001952,i000909,i000661,i000521,i000947,i001455,i000342,i000555"
u009597,"i000481,i001952,i001069,i000661,i000909,i000342,i001663,i000521,i000947,i000554"
u009604,"i001682,i001922,i001335,i002009,i000200,i001595,i001151,i002056,i001240,i000282"
u009607,"i001069,i000481,i000947,i001952,i000909,i001663,i000661,i000521,i001267,i000931"
u009611,"i001069,i000481,i001952,i000909,i000661,i001663,i000521,i000947,i000342,i000554"
u009616,"i000481,i000909,i001069,i000521,i001952,i001663,i000342,i000661,i000207,i001038"
u009619,"i001069,i000947,i000481,i000570,i000909,i001952,i001267,i000521,i001713,i000342"
u009631,"i001952,i000481,i001069,i000909,i000661,i001663,i001038,i000521,i001455,i000646"
u009636,"i000481,i001069,i000909,i001952,i000521,i001663,i000342,i000324,i000947,i000661"
u009638,"i001922,i000481,i001952,i001455,i000695,i001673,i000661,i000909,i001069,i001682"
u009639,"i000481,i001952,i000661,i001069,i001663,i000695,i000909,i001922,i000554,i001688"
u009640,"i000481,i000909,i001914,i001069,i001663,i000554,i001952,i000661,i001649,i000695"
u009641,"i001906,i001753,i000481,i001069,i001508,i001952,i001663,i000518,i000325,i000909"
u009646,"i000481,i001952,i000661,i001455,i001922,i000909,i001710,i001069,i001663,i000207"
u009656,"i000481,i001069,i000909,i001952,i000521,i001663,i000661,i000342,i000947,i000207"
u009660,"i000481,i000521,i001069,i000909,i001952,i001663,i000947,i000342,i000661,i000554"
u009662,"i001069,i000481,i000909,i001952,i000342,i000521,i000324,i000947,i000555,i000661"
u009663,"i001069,i000481,i001952,i000909,i000661,i001663,i000521,i000947,i001922,i000342"
u009666,"i000909,i000481,i001069,i001952,i001663,i000661,i000521,i000342,i000947,i001445"
u009668,"i001069,i000481,i001952,i000909,i000661,i001663,i000521,i000342,i000947,i001922"
u009672,"i000481,i000909,i001069,i001663,i001952,i000521,i000342,i000661,i000646,i001038"
u009676,"i001069,i000481,i000909,i001952,i001663,i000947,i000521,i000661,i000554,i000695"
u009677,"i000661,i001952,i000481,i001455,i001069,i001445,i001663,i001673,i000947,i000909"
u009685,"i000909,i000481,i000661,i001952,i001069,i000342,i000521,i001663,i000646,i001922"
u009688,"i001952,i000481,i000661,i000521,i000909,i001663,i001069,i000554,i001455,i000342"
u009689,"i000481,i001069,i001952,i000909,i000521,i001455,i000661,i001038,i001445,i000947"
u009695,"i000481,i001455,i001240,i001922,i001952,i000554,i001445,i001663,i000661,i001914"
u009696,"i002009,i001922,i001682,i001335,i001595,i000200,i000006,i001240,i001320,i001151"
u009698,"i001952,i001069,i001455,i000661,i001445,i000481,i001663,i000554,i000521,i001046"
u009699,"i001069,i000481,i001952,i000909,i000521,i000324,i000661,i000555,i001663,i000947"
u009705,"i000661,i000270,i001445,i001069,i001455,i001673,i001952,i000481,i000646,i000909"
u009715,"i001922,i000481,i000909,i001952,i001069,i000324,i001240,i001663,i000661,i000555"
u009716,"i001069,i000909,i000481,i000947,i001952,i001713,i000521,i000931,i000342,i001663"
u009719,"i000909,i001069,i000481,i001663,i001952,i000324,i000521,i000554,i000695,i001445"
u009730,"i001069,i000909,i000481,i000720,i000947,i001952,i000521,i000661,i001455,i000554"
u009731,"i000481,i001069,i000909,i001952,i001663,i000521,i000661,i001038,i000947,i000646"
u009732,"i000646,i000909,i000481,i001952,i001663,i000521,i000661,i001069,i001046,i001038"
u009734,"i000481,i001069,i001952,i000909,i001663,i000521,i001038,i000661,i000207,i000646"
u009736,"i000481,i001069,i001952,i001663,i000661,i000521,i000909,i001038,i000342,i000554"
u009738,"i000481,i001069,i001952,i000695,i000661,i000909,i001922,i001663,i001455,i000554"
u009742,"i001922,i000481,i000909,i001952,i000661,i001455,i000554,i000324,i001445,i001069"
u009750,"i000481,i001069,i001952,i001663,i000909,i000661,i001445,i001922,i000554,i000695"
u009756,"i000646,i001952,i000481,i001069,i001663,i000521,i000661,i000909,i000554,i001445"
u009759,"i000481,i001069,i001952,i000909,i000521,i001663,i000661,i001038,i000342,i000947"
u009764,"i001069,i000481,i001952,i000909,i000661,i000521,i000947,i001455,i000554,i000324"
u009767,"i000481,i001069,i001952,i000909,i000661,i001922,i001455,i001663,i000521,i000555"
u009768,"i000898,i001952,i000481,i000324,i001455,i000327,i000909,i001069,i001906,i001445"
u009771,"i000695,i001240,i000058,i001584,i001049,i001688,i001922,i001462,i000401,i000554"
u009778,"i000481,i001069,i001952,i000909,i001663,i000661,i000695,i000554,i000521,i001914"
u009780,"i001069,i000481,i001952,i001478,i000909,i001663,i000661,i000947,i001445,i000521"
u009785,"i001049,i000695,i001584,i001688,i000058,i000401,i001462,i001240,i001922,i000842"
u009789,"i000909,i000481,i001069,i001952,i000521,i000661,i000342,i001663,i000554,i000324"
u009790,"i000481,i000909,i000521,i001069,i000342,i001663,i001952,i000661,i000947,i001478"
u009792,"i000481,i001952,i001069,i001663,i000661,i000521,i000909,i001038,i000646,i000947"
u009793,"i000909,i000481,i001455,i001069,i000661,i000324,i001663,i000554,i000521,i001952"
u009800,"i001069,i000481,i001952,i000909,i000661,i000947,i001663,i000521,i000931,i001914"
u009806,"i000909,i001069,i000481,i001952,i001663,i000661,i000342,i000521,i001445,i001914"
u009812,"i001069,i001445,i000931,i000251,i000554,i000909,i001663,i001455,i000481,i000947"
u009819,"i001069,i000481,i000554,i000661,i001952,i000909,i000947,i001445,i001455,i000521"
u009820,"i000554,i001455,i001445,i000481,i001949,i000909,i001240,i001143,i001191,i001069"
u009825,"i000342,i000481,i000521,i000661,i001952,i000909,i001663,i000947,i001069,i000619"
u009827,"i000481,i001069,i000909,i001952,i001663,i000661,i000521,i001455,i000342,i000947"
u009832,"i000481,i001952,i001922,i000661,i001445,i001455,i001069,i001663,i001673,i000909"
u009840,"i001069,i000481,i001952,i000909,i000661,i001663,i000521,i000947,i000342,i000646"
u009845,"i000481,i001455,i000909,i001922,i001240,i000695,i001952,i001445,i000554,i001069"
u009849,"i000282,i001151,i001515,i001069,i000481,i000909,i000360,i000555,i001952,i001026"
u009856,"i000481,i001069,i001952,i001478,i001663,i000909,i000661,i001445,i001046,i000342"
u009857,"i001069,i001455,i000909,i001952,i000481,i001445,i001673,i000661,i000947,i000720"
u009859,"i000324,i000555,i000898,i000909,i000481,i000327,i000110,i001069,i001952,i001455"
u009861,"i000481,i001069,i001952,i000646,i000909,i001663,i000521,i000661,i001038,i000207"
u009863,"i000200,i001922,i001335,i002009,i001682,i001595,i001786,i001240,i000829,i001350"
u009866,"i000481,i001069,i000909,i001952,i000521,i000661,i000646,i000947,i001046,i001663"
u009884,"i000481,i001069,i001952,i000909,i001663,i000661,i000521,i000947,i000342,i000554"
u009888,"i001069,i000481,i001952,i000521,i000947,i000661,i000909,i001663,i000342,i000554"
u009892,"i000324,i000110,i000555,i000898,i000327,i000481,i001952,i001069,i000877,i000909"
u009894,"i001069,i000481,i000521,i000947,i001952,i000909,i001663,i000342,i000661,i000646"
u009897,"i000481,i001069,i000909,i001952,i000521,i000661,i001663,i000342,i000947,i000207"
u009898,"i000909,i000481,i001069,i000521,i000342,i001952,i000661,i001663,i000947,i001445"
u009906,"i000909,i000481,i001069,i001952,i000521,i000324,i000342,i000661,i001663,i000947"
u009920,"i000481,i001069,i001952,i001663,i000521,i000909,i000661,i000554,i000646,i000342"
u009923,"i001922,i001069,i001049,i000481,i001914,i001649,i001508,i000999,i000695,i001087"
u009927,"i000481,i000909,i001952,i001069,i000555,i001922,i000521,i000324,i001663,i000661"
u009931,"i001069,i000481,i001952,i000661,i001663,i001922,i000909,i000521,i000947,i000554"
u009955,"i001949,i000554,i000481,i000909,i000521,i001952,i001069,i001455,i001445,i001191"
u009963,"i001478,i000481,i001952,i001663,i001069,i000909,i001038,i001046,i001445,i000661"
u009967,"i001952,i000481,i001069,i001455,i000909,i000327,i000661,i000324,i000554,i000898"
u009968,"i001922,i001682,i002009,i001335,i001801,i000282,i001595,i002056,i000977,i000200"
u009988,"i000481,i001069,i001952,i001663,i000661,i000909,i001445,i001455,i000554,i001914"
u009992,"i000695,i001584,i000058,i001049,i000401,i001688,i001462,i001240,i001922,i001151"
u009994,"i001914,i001649,i001087,i001455,i001069,i000909,i000481,i001673,i001952,i000554"
u009995,"i000342,i000481,i000909,i000521,i001069,i001952,i000661,i001663,i000947,i001478"
u009999,"i000481,i001069,i001952,i000909,i001663,i000947,i000661,i000521,i000342,i000646"
u010003,"i000481,i001952,i001069,i000909,i000661,i001922,i000555,i000324,i000521,i001151"
u010005,"i001069,i000909,i000481,i001713,i001952,i000521,i000947,i001663,i001038,i000207"
u010010,"i001069,i000481,i001952,i000909,i000661,i000947,i000521,i001663,i000554,i000646"
u010013,"i001455,i001673,i001710,i001445,i001952,i000661,i000481,i000805,i001069,i001663"
u010016,"i001922,i001682,i000481,i000977,i002009,i000909,i000342,i000521,i001335,i000646"
u010019,"i001069,i000481,i001952,i000909,i000947,i000661,i000521,i001713,i001663,i000207"
u010023,"i001445,i001069,i000481,i001663,i001478,i001952,i000909,i001455,i000646,i000554"
u010025,"i000909,i001069,i000481,i000521,i000342,i000554,i001663,i001952,i000661,i000947"
u010030,"i000481,i001952,i000661,i001663,i000646,i001038,i000521,i000342,i001445,i000563"
u010032,"i000481,i001069,i001952,i000909,i000661,i001922,i001455,i000324,i001663,i000521"
u010035,"i000909,i000481,i001455,i000661,i001069,i001445,i001922,i001914,i000554,i001952"
u010042,"i001069,i000481,i000909,i001952,i000947,i000521,i001663,i000661,i000342,i001455"
u010046,"i000481,i001952,i000661,i001455,i000909,i001069,i001673,i001445,i001710,i001663"
u010053,"i001069,i000481,i001952,i000909,i000661,i001922,i000324,i000947,i001663,i000521"
u010055,"i000554,i001240,i001949,i000342,i000956,i001143,i001191,i000253,i001717,i000646"
u010060,"i000909,i001922,i001649,i001069,i000481,i000521,i001914,i000342,i000554,i000977"
u010061,"i000481,i000909,i001069,i001952,i001663,i000521,i000947,i000661,i000342,i000554"
u010066,"i001069,i000481,i000909,i001952,i000661,i001455,i000947,i000521,i001663,i000324"
u010069,"i001069,i000481,i000909,i001952,i000342,i000521,i000661,i001663,i000947,i001922"
u010078,"i001069,i000481,i001952,i001663,i000909,i000661,i000947,i000521,i000695,i001455"
u010082,"i000481,i001069,i001952,i001922,i000909,i000695,i001663,i001240,i000661,i000554"
u010092,"i000481,i001069,i000521,i001952,i000909,i000342,i000661,i000947,i001663,i000646"
u010117,"i001069,i000481,i001952,i000909,i000521,i000324,i000947,i000661,i001663,i000555"
u010120,"i000324,i000327,i000898,i000110,i000555,i000909,i000481,i001134,i000877,i001952"
u010123,"i001069,i000481,i001952,i000661,i000909,i000521,i000947,i000342,i001663,i000646"
u010124,"i000481,i001069,i000521,i001952,i000909,i000661,i000947,i001455,i000342,i001663"
u010129,"i001069,i000481,i000909,i001952,i001663,i000521,i000661,i000947,i000342,i000324"
u010130,"i000481,i000909,i000695,i001240,i001922,i000521,i001952,i000554,i001688,i001069"
u010133,"i001922,i002009,i001682,i000977,i000481,i001335,i001240,i000342,i000909,i000661"
u010134,"i001914,i001649,i001087,i001455,i001673,i001922,i001710,i001445,i000481,i001952"
u010140,"i001914,i001649,i001087,i000481,i001069,i001143,i000909,i001952,i000342,i001949"
u010143,"i001069,i000481,i000909,i001952,i000521,i000947,i001663,i000661,i000554,i000342"
u010145,"i001069,i000481,i001952,i000909,i000661,i001663,i000947,i001922,i001455,i000521"
u010147,"i001069,i000481,i001952,i000909,i000661,i001455,i000521,i000554,i000947,i000324"
u010148,"i001922,i000481,i000909,i001952,i001455,i000324,i000661,i000555,i000521,i000554"
u010149,"i001069,i000481,i000909,i001952,i000947,i000521,i001663,i000661,i000342,i000646"
u010155,"i001952,i000481,i001069,i001046,i001038,i000661,i001663,i000909,i000646,i000521"
u010159,"i000481,i001069,i000909,i001952,i001663,i000661,i000521,i000947,i001455,i000554"
u010166,"i000481,i000909,i001069,i001952,i000521,i000661,i000342,i001663,i000324,i000554"
u010176,"i000481,i000909,i001952,i001069,i001663,i000521,i000661,i001038,i000695,i000207"
u010192,"i000909,i000481,i001069,i001952,i000342,i000521,i000661,i000324,i001663,i000947"
u010196,"i000554,i000481,i000909,i000342,i000521,i001952,i000646,i001069,i000661,i000555"
u010210,"i000481,i000909,i001069,i001952,i001663,i000521,i000661,i001038,i001478,i000342"
u010215,"i000481,i001069,i000909,i001952,i001663,i000947,i000521,i000342,i000661,i000554"
u010221,"i001069,i000481,i001952,i000909,i000521,i001663,i000661,i000947,i000342,i000554"
u010223,"i000909,i000481,i001069,i001753,i000342,i001663,i001952,i000521,i001478,i001508"
u010225,"i001069,i000931,i000652,i001949,i000554,i001445,i001952,i001455,i000481,i000947"
u010247,"i001914,i001069,i001649,i001087,i000909,i000481,i001952,i000947,i000324,i000661"
u010267,"i001069,i000481,i000909,i001952,i000521,i001663,i000947,i000342,i000661,i000324"
u010271,"i000481,i001069,i000661,i000909,i000521,i001922,i001663,i000554,i000695,i001952"
u010275,"i001069,i000481,i001952,i000909,i000521,i000661,i001663,i000947,i001922,i000342"
u010276,"i001069,i001952,i000481,i000661,i000947,i000554,i001455,i000909,i000521,i001445"
u010285,"i001069,i000481,i000909,i000947,i001952,i000521,i000661,i001663,i000342,i000570"
u010300,"i000555,i000324,i000110,i000327,i000481,i000909,i001069,i000898,i001952,i000521"
u010303,"i000481,i000909,i001069,i001952,i001663,i000342,i000521,i000324,i000661,i001478"
u010304,"i000481,i001069,i001952,i000909,i000521,i000661,i000342,i000947,i001663,i001922"
u010314,"i001069,i000481,i001952,i000909,i000661,i000695,i001922,i001663,i000947,i001455"
u010317,"i001069,i000481,i000909,i001952,i000947,i000521,i001663,i000661,i000342,i000646"
u010328,"i001914,i001649,i001087,i000909,i001455,i001673,i000481,i001069,i001445,i001663"
u010329,"i000481,i001069,i000909,i001952,i001663,i000695,i000947,i000521,i000661,i000342"
u010334,"i000481,i001069,i000909,i001952,i001663,i000521,i000947,i000661,i000554,i000646"
u010338,"i000909,i000481,i001069,i000521,i001952,i001663,i000342,i000947,i000554,i000661"
u010344,"i000481,i001455,i001445,i001478,i000909,i000554,i000661,i001952,i000695,i001663"
u010346,"i000481,i001069,i000909,i001952,i001663,i000521,i000661,i000947,i001038,i000207"
u010348,"i000481,i001069,i001952,i000909,i000521,i000661,i000555,i001455,i000342,i000324"
u010349,"i000481,i001069,i000909,i000342,i001663,i001906,i001952,i000521,i001753,i000947"
u010352,"i001069,i001952,i000909,i001906,i001455,i001753,i000481,i001445,i000661,i001710"
u010357,"i001069,i000481,i001952,i000909,i000661,i000947,i001663,i001455,i000324,i001922"
u010358,"i001455,i001673,i000805,i001445,i001710,i000968,i001914,i000931,i001952,i002056"
u010362,"i000481,i001952,i001069,i001663,i000661,i001478,i001455,i000521,i000646,i001445"
u010376,"i001046,i000646,i000481,i001445,i001663,i001952,i001455,i001478,i001038,i000661"
u010380,"i000481,i001069,i001952,i000909,i000521,i001949,i001663,i000342,i001038,i000947"
u010385,"i000909,i000481,i001069,i000521,i000342,i001952,i001663,i000324,i000661,i000554"
u010396,"i001069,i000481,i000909,i001952,i001663,i000521,i000947,i000695,i000646,i000554"
u010405,"i001069,i000947,i000481,i001952,i000342,i001663,i000521,i000661,i001267,i000909"
u010407,"i001069,i000646,i001952,i000481,i000661,i000909,i001663,i001046,i001445,i000028"
u010422,"i000481,i001069,i000909,i001952,i001663,i000695,i000947,i000521,i000661,i000554"
u010423,"i000481,i001952,i001922,i001455,i000661,i001914,i001673,i000521,i001069,i000342"
u010432,"i001069,i000481,i000521,i000947,i000909,i001952,i000342,i001663,i000661,i001267"
u010439,"i001069,i000481,i000909,i001952,i000521,i000947,i000342,i001663,i000324,i000661"
u010443,"i000521,i000342,i000661,i001952,i000481,i000909,i000619,i000554,i001069,i000646"
u010446,"i001455,i001673,i001710,i000805,i001445,i000968,i001952,i000554,i001949,i001143"
u010447,"i000481,i001922,i001455,i001952,i000554,i001240,i000661,i001663,i001445,i001914"
u010448,"i001069,i000481,i000909,i001952,i000947,i001663,i000521,i000695,i000661,i001455"
u010450,"i001922,i000909,i001240,i001151,i000695,i000555,i002009,i000481,i000324,i000282"
u010453,"i000342,i000521,i000481,i000909,i000661,i001069,i001952,i000947,i000619,i001663"
u010454,"i000481,i000521,i000342,i000554,i001952,i000909,i001922,i001240,i000695,i000661"
u010464,"i000661,i000481,i001952,i000521,i000342,i001922,i001069,i000646,i001663,i000909"
u010466,"i001069,i000481,i001952,i000947,i001038,i001663,i000521,i000909,i000661,i000646"
u010483,"i000324,i000555,i000909,i000898,i000110,i000327,i000481,i000521,i000342,i001922"
u010493,"i001922,i001240,i002009,i000695,i001682,i001049,i001786,i001335,i000977,i001688"
u010498,"i001069,i000481,i001952,i000909,i000661,i001922,i001455,i001663,i000947,i000695"
u010505,"i000481,i001069,i000909,i001663,i000158,i001952,i001478,i001038,i000646,i000554"
u010510,"i001240,i000554,i000695,i001191,i000058,i000956,i001922,i001143,i001584,i001949"
u010521,"i000555,i000324,i000909,i000481,i000521,i000342,i000554,i001663,i000110,i001952"
u010522,"i000481,i000521,i001952,i001069,i001663,i000342,i000909,i000661,i001038,i000646"
u010523,"i001455,i001673,i001710,i001445,i001952,i000554,i000805,i000481,i001069,i000661"
u010525,"i001069,i000481,i000909,i001952,i000521,i000947,i000324,i000342,i000555,i000661"
u010535,"i000481,i001069,i000646,i001952,i001663,i000521,i000909,i000661,i001478,i001038"
u010538,"i000481,i000909,i001069,i000521,i001952,i001663,i000342,i000947,i000646,i000554"
u010541,"i000481,i000695,i001922,i001240,i001049,i000909,i001688,i000521,i000554,i001584"
u010550,"i000909,i000481,i001069,i001952,i000521,i000661,i001455,i000342,i001663,i001445"
u010556,"i001069,i000481,i001952,i000909,i000521,i000947,i001663,i000661,i000342,i000554"
u010558,"i000481,i000521,i000909,i001952,i000342,i001663,i001069,i000554,i000661,i000646"
u010559,"i000481,i001069,i001952,i000521,i000661,i001663,i000909,i000947,i001038,i000646"
u010560,"i001455,i000481,i001952,i001673,i000554,i001914,i001710,i000909,i000661,i001069"
u010567,"i000481,i000909,i001663,i000554,i001952,i000521,i001240,i001069,i000646,i001922"
u010572,"i000481,i000909,i000521,i000342,i001952,i000661,i000324,i001663,i000554,i000646"
u010576,"i000481,i001952,i001069,i000521,i000909,i000342,i000661,i000947,i000207,i000619"
u010584,"i000695,i001584,i000058,i001049,i001688,i001240,i001462,i000401,i001922,i000829"
u010586,"i000481,i001663,i000695,i001240,i001952,i001069,i000554,i001445,i000909,i000661"
u010600,"i000695,i000481,i001069,i000909,i001240,i001049,i001663,i001455,i001952,i001688"
u010604,"i001069,i000481,i000909,i000521,i000947,i000342,i001952,i000661,i001663,i000207"
u010608,"i000481,i000521,i000909,i001952,i000554,i001069,i001663,i000661,i001922,i000342"
u010612,"i000805,i001455,i000968,i001445,i001673,i001710,i000554,i001949,i000251,i001191"
u010615,"i001455,i001673,i001445,i001710,i000481,i000661,i001952,i000554,i001663,i000909"
u010620,"i000909,i000481,i000324,i000521,i001922,i000342,i000555,i000554,i001240,i000898"
u010622,"i001922,i001240,i000909,i000695,i000481,i001786,i000754,i001688,i000554,i001049"
u010630,"i000481,i000695,i001922,i001240,i000521,i000909,i001688,i000342,i000554,i001952"
u010631,"i001688,i000695,i001049,i001584,i001240,i000058,i001350,i000754,i000401,i001786"
u010632,"i000481,i000909,i001922,i000521,i000324,i000555,i001240,i000342,i001952,i000898"
u010633,"i001049,i000695,i001688,i001584,i000058,i001240,i001462,i001922,i000401,i001877"
u010634,"i001952,i000481,i001455,i000661,i001069,i001922,i001673,i000695,i001445,i001710"
u010640,"i000481,i000695,i001952,i001455,i001922,i000661,i001069,i001240,i001663,i001688"
u010644,"i000909,i000481,i000521,i000342,i000324,i001922,i000555,i001952,i000554,i001069"
u010647,"i000481,i001069,i001952,i001663,i000909,i000661,i000342,i000554,i000521,i001914"
u010650,"i000909,i000481,i001069,i001952,i001663,i000521,i000342,i000661,i001914,i000554"
u010654,"i001455,i000481,i000661,i001952,i001710,i001922,i001673,i001753,i001445,i001663"
u010655,"i000481,i000646,i001663,i001922,i001069,i001038,i000661,i000554,i001952,i000956"
u010665,"i000481,i000342,i000521,i000554,i000909,i000661,i001922,i001663,i001952,i000646"
u010668,"i000481,i000909,i001952,i001455,i001069,i001663,i000554,i000661,i001445,i001673"
u010671,"i000481,i001069,i001952,i000909,i000521,i000661,i000947,i001038,i001663,i000342"
u010682,"i001069,i000481,i000909,i001952,i000521,i000947,i000342,i000324,i001663,i000555"
u010683,"i001922,i001240,i000695,i001049,i001688,i000909,i001584,i000481,i000058,i000521"
u010685,"i000909,i000481,i000521,i001069,i000342,i000324,i001952,i000646,i001663,i001038"
u010690,"i000661,i001445,i001952,i000481,i001455,i000646,i001710,i001046,i001314,i001673"
u010696,"i000481,i000909,i000324,i000521,i000555,i001922,i000342,i001240,i001952,i001069"
u010701,"i001922,i000481,i000661,i001952,i001069,i001663,i000521,i000947,i000909,i001455"
u010704,"i000481,i001914,i001922,i001952,i001455,i000661,i001673,i001663,i000554,i000909"
u010706,"i000481,i001952,i001663,i001069,i000521,i000342,i000661,i000909,i000947,i000646"
u010710,"i000909,i000481,i001922,i000324,i000521,i001240,i000695,i000555,i000342,i000554"
u010714,"i000909,i000481,i001922,i001240,i000324,i000521,i000695,i000555,i000342,i000554"
u010717,"i001455,i001673,i001710,i001445,i000805,i001952,i000554,i001914,i001949,i000481"
u010720,"i001922,i000909,i000342,i000521,i000481,i000977,i000324,i000554,i001240,i000555"
u010731,"i000695,i001455,i000481,i001673,i001069,i001952,i001584,i001049,i001688,i001710"
u010739,"i000909,i000481,i000521,i000324,i000342,i001922,i000555,i001952,i001069,i000554"
u010740,"i000481,i001069,i000909,i001952,i001663,i000521,i000661,i000947,i000342,i001455"
u010745,"i000481,i001046,i001952,i001445,i001663,i001478,i000646,i000909,i001069,i000661"
u010752,"i000555,i000324,i000909,i000481,i000898,i000327,i000110,i000521,i000342,i001952"
u010763,"i000481,i001069,i001046,i001952,i000521,i000646,i001663,i000661,i000909,i002132"
u010765,"i000481,i001069,i000909,i001952,i000521,i000661,i000342,i001663,i000324,i000555"
u010776,"i000481,i001069,i000909,i001952,i001663,i000695,i000947,i000521,i000661,i000554"
u010781,"i000481,i000909,i000521,i001069,i000342,i001922,i000324,i001952,i000555,i001663"
u010783,"i000481,i001069,i001952,i001922,i000661,i000909,i001663,i001914,i000554,i000695"
u010785,"i000909,i000481,i000324,i000521,i001922,i000555,i000342,i001952,i001240,i000554"
u010787,"i000695,i000481,i001049,i000554,i001240,i001688,i001584,i001069,i001952,i000909"
u010788,"i001663,i000481,i001069,i001952,i000646,i001478,i000909,i000521,i001038,i000947"
u010797,"i000481,i001663,i001952,i000909,i001038,i000521,i001478,i000661,i000646,i000554"
u010804,"i001445,i001455,i001922,i001682,i001314,i000554,i000481,i001949,i001673,i001952"
u010809,"i000909,i000342,i000481,i000521,i001069,i001952,i000661,i001663,i000947,i000646"
u010812,"i001952,i000481,i001069,i000661,i000909,i000521,i001455,i000947,i001673,i000342"
u010826,"i001455,i001673,i001952,i000481,i000554,i001710,i001445,i000661,i001069,i001949"
u010831,"i000481,i000909,i001069,i001663,i000521,i000342,i001952,i000554,i000555,i000661"
u010832,"i000909,i001922,i000481,i000324,i001240,i000555,i000521,i000342,i000554,i000695"
u010834,"i000481,i000909,i001952,i001069,i000661,i000521,i001922,i001663,i001455,i000342"
u010835,"i000324,i000909,i000555,i001069,i001906,i000481,i001753,i000898,i001508,i001952"
u010852,"i000481,i001069,i000909,i001952,i001663,i000554,i000646,i000947,i000521,i000661"
u010861,"i000481,i001952,i001069,i000909,i000661,i000646,i000521,i001663,i001046,i000342"
u010865,"i001952,i000481,i000661,i001455,i001663,i001673,i001069,i001046,i001914,i001922"
u010867,"i001151,i000282,i001026,i001515,i001922,i001320,i000360,i002009,i001682,i002056"
u010868,"i001455,i000481,i000695,i000909,i001922,i001673,i000324,i001952,i000555,i001710"
u010877,"i000481,i001952,i001069,i001478,i000909,i001663,i000646,i001046,i001038,i000661"
u010878,"i000481,i000909,i001663,i001069,i000521,i001952,i000342,i000661,i001478,i000554"
u010884,"i000909,i000481,i000521,i000324,i000342,i001922,i000555,i000554,i001952,i001663"
u010892,"i001663,i001952,i000481,i001069,i000646,i001478,i000521,i001038,i000661,i000909"
u010906,"i000481,i000909,i000521,i001922,i001914,i000554,i001663,i001649,i000342,i001069"
u010907,"i001069,i000481,i000909,i001952,i000521,i000342,i000947,i001663,i000324,i000555"
u010908,"i000481,i001069,i000695,i000909,i001663,i001455,i001952,i001240,i000554,i001445"
u010915,"i001952,i000481,i001069,i000661,i001455,i000947,i000521,i001038,i001663,i001673"
u010920,"i000481,i001069,i000909,i000521,i001952,i000342,i001663,i000661,i000324,i000646"
u010929,"i000481,i000909,i000521,i000555,i000324,i000342,i001952,i001922,i001663,i000661"
u010931,"i000481,i001069,i000909,i000521,i001952,i001663,i000342,i000947,i000661,i000554"
u010934,"i000695,i001584,i000058,i001049,i001688,i001462,i001240,i000401,i001922,i000829"
u010938,"i000481,i001069,i000909,i001663,i001952,i001922,i000661,i000695,i000521,i001240"
u010940,"i001922,i001682,i002009,i001240,i001335,i001151,i000200,i000695,i000282,i000977"
u010941,"i000909,i000481,i000521,i000342,i000324,i001922,i001952,i001069,i000555,i000554"
u010944,"i000695,i000058,i001049,i001584,i001688,i001462,i001240,i000401,i001922,i000842"
u010958,"i000481,i000909,i001069,i000695,i001952,i001663,i000521,i001240,i000947,i000661"
u010959,"i000481,i001069,i001952,i000898,i000909,i001038,i001445,i001455,i000931,i000947"
u010960,"i001922,i001240,i000695,i002009,i001682,i001049,i000977,i001688,i000481,i001786"
u010971,"i000481,i000909,i001069,i001663,i001952,i000521,i000661,i000342,i000695,i001478"
u010974,"i000909,i000481,i000521,i001922,i000342,i000554,i000646,i001663,i000661,i000324"
u010980,"i001455,i000554,i001445,i001673,i000481,i001952,i001710,i001949,i000661,i001143"
u010986,"i000324,i000555,i000898,i000909,i000110,i000327,i000481,i001134,i000521,i001922"
u010991,"i000481,i000909,i001069,i000521,i001663,i000554,i001952,i000342,i000661,i001914"
u010995,"i000695,i000481,i001922,i001455,i001952,i001240,i001069,i001049,i000909,i001688"
u010997,"i000481,i001952,i001069,i000909,i001663,i000661,i001038,i000521,i001455,i000646"
u011007,"i000481,i001663,i001952,i000909,i001478,i000646,i000521,i001069,i000342,i000207"
u011017,"i000481,i000909,i000521,i000342,i001922,i000554,i001952,i000661,i000324,i001663"
u011022,"i001922,i002009,i001682,i001335,i001240,i000977,i000481,i001801,i000909,i000200"
u011035,"i000909,i000481,i000521,i000342,i000324,i001952,i001922,i000554,i001069,i001663"
u011040,"i001952,i000646,i000481,i001046,i001038,i000661,i001663,i002132,i001445,i001455"
u011042,"i000481,i001069,i000909,i001952,i000521,i000324,i000555,i000342,i000661,i000947"
u011043,"i000342,i000481,i000521,i000909,i000554,i001663,i001922,i000661,i001240,i001952"
u011054,"i000481,i000909,i001069,i000521,i001952,i000342,i000947,i001663,i000324,i000661"
u011057,"i000481,i001069,i000909,i000521,i001952,i001663,i000947,i000342,i000661,i000554"
u011063,"i000324,i000110,i000555,i000909,i000898,i000327,i000877,i000481,i001134,i001952"
u011072,"i000342,i000481,i000909,i000521,i001922,i000554,i001240,i000555,i000324,i001949"
u011076,"i000909,i001922,i000481,i000521,i000324,i000555,i001952,i000342,i001240,i000554"
u011078,"i000695,i000058,i001049,i001584,i001688,i001462,i001240,i001922,i000401,i000931"
u011079,"i001240,i001922,i002009,i000695,i001682,i001335,i000200,i001688,i001049,i001801"
u011091,"i000481,i000909,i001069,i001952,i000695,i001663,i000661,i000521,i001240,i000554"
u011093,"i000695,i001049,i000058,i001584,i001688,i001462,i001240,i000401,i001922,i000623"
u011094,"i001688,i000695,i001049,i001584,i000058,i000931,i000652,i000554,i001462,i001240"
u011095,"i000481,i001922,i000521,i000909,i000342,i000554,i001240,i000324,i001952,i000695"
u011096,"i000481,i000521,i001069,i001952,i000947,i000661,i000646,i000909,i001663,i000554"
u011097,"i001949,i000554,i001455,i001143,i001191,i001914,i000652,i001673,i001445,i000931"
u011100,"i000481,i001069,i000909,i001952,i001663,i000521,i000661,i000947,i000342,i001455"
u011103,"i001663,i001240,i001952,i001069,i001478,i000481,i001445,i001688,i000695,i000661"
u011108,"i001151,i000282,i001515,i000360,i001026,i001320,i000555,i000317,i001922,i001682"
u011116,"i000695,i001688,i001584,i001049,i000058,i001462,i001240,i000401,i001350,i001922"
u011121,"i000909,i000481,i000521,i000342,i001952,i000324,i001069,i000555,i001663,i001922"
u011126,"i000554,i000521,i001143,i000481,i001949,i000956,i000909,i001191,i000342,i001445"
u011138,"i000695,i001922,i001240,i001049,i000909,i001688,i000481,i001584,i000324,i000058"
u011144,"i001069,i000481,i000909,i001952,i000521,i000324,i000555,i001663,i000661,i000342"
u011152,"i000481,i001069,i000909,i001952,i001663,i000947,i000521,i000661,i000342,i000646"
u011158,"i001240,i000695,i001922,i001786,i001688,i000754,i000554,i001584,i001049,i001191"
u011159,"i000481,i001922,i000909,i000521,i000324,i001952,i000342,i000661,i001069,i001663"
u011166,"i000481,i001952,i001069,i000661,i000909,i001663,i001455,i001914,i001046,i001038"
u011171,"i000554,i000481,i000521,i001143,i001952,i001069,i001949,i000909,i000956,i001922"
u011174,"i001922,i001240,i000909,i000695,i000481,i000324,i000521,i001688,i000554,i000555"
u011179,"i001688,i001049,i000695,i001584,i001240,i000058,i001350,i001462,i000401,i001922"
u011184,"i001069,i000481,i000909,i001952,i001663,i000661,i000947,i000521,i000554,i000646"
u011185,"i000909,i000481,i000342,i000521,i000324,i001663,i000555,i001952,i001069,i000646"
u011207,"i000909,i000481,i000324,i001922,i000521,i000342,i000555,i000695,i001952,i001240"
u011222,"i001240,i000695,i001922,i001049,i001786,i001688,i000754,i001584,i000058,i000554"
u011223,"i000661,i001952,i000481,i000248,i000342,i001069,i001455,i000521,i001663,i000909"
u011232,"i000481,i001663,i001952,i000521,i000661,i001478,i000909,i001069,i001038,i000646"
u011233,"i000909,i000481,i000324,i000521,i000555,i000342,i001922,i001952,i001069,i000554"
u011234,"i000481,i001952,i001069,i000909,i001455,i001663,i000695,i000661,i001922,i000521"
u011235,"i000324,i000898,i000555,i000327,i000110,i001922,i001240,i000909,i000481,i000695"
u011237,"i001069,i000481,i000909,i000947,i000521,i001952,i000342,i000661,i001267,i001663"
u011238,"i001952,i000481,i001069,i000521,i000909,i001663,i000661,i000947,i000342,i000207"
u011243,"i000481,i001952,i001069,i000909,i000661,i000521,i000555,i000324,i000342,i001922"
u011244,"i001922,i001240,i000695,i000909,i001049,i000481,i000324,i001584,i001688,i000554"
u011253,"i000324,i000327,i000898,i000110,i000909,i000695,i000555,i001240,i000481,i001049"
u011258,"i001753,i000909,i000481,i000646,i000521,i000324,i001508,i000342,i001922,i001663"
u011261,"i001240,i001922,i001191,i000695,i001786,i000754,i001688,i001801,i000554,i000058"
u011262,"i000909,i000481,i000324,i001922,i000521,i001240,i000555,i000554,i000342,i000695"
u011265,"i000909,i000481,i001922,i001240,i000324,i000342,i000521,i000555,i000695,i000554"
u011273,"i001922,i000481,i000521,i000909,i000342,i000977,i000324,i000695,i000661,i001663"
u011283,"i000481,i000909,i001143,i001069,i001952,i000521,i000554,i000342,i000661,i001663"
u011284,"i000646,i000481,i001688,i000554,i000521,i001663,i001922,i000661,i000909,i000695"
u011285,"i000695,i001688,i001240,i001922,i001049,i000058,i001584,i000481,i000554,i000521"
u011288,"i000481,i001952,i000909,i001069,i001663,i001455,i000521,i000661,i001673,i001478"
u011296,"i000324,i000555,i000898,i000110,i000909,i000327,i000481,i000521,i000877,i000342"
u011298,"i000695,i001584,i000058,i001688,i001049,i001922,i001240,i001462,i000401,i001350"
u011309,"i001688,i001049,i000695,i001584,i001240,i000058,i001462,i000401,i001350,i001922"
u011314,"i000481,i000521,i001069,i000342,i000661,i001508,i000977,i000909,i001952,i001663"
u011315,"i001038,i000481,i000646,i000909,i001952,i001663,i000521,i000661,i001478,i000207"
u011316,"i000695,i001922,i001240,i001688,i001049,i001584,i000058,i000481,i000909,i000554"
u011326,"i001922,i001240,i000909,i000481,i000324,i000521,i000695,i001786,i000554,i000555"
u011328,"i001922,i000909,i001240,i000481,i000695,i000554,i000521,i000555,i000324,i001688"
u011336,"i000342,i000521,i000481,i001663,i000661,i000646,i000909,i000554,i001952,i000253"
u011341,"i000695,i001688,i001240,i001049,i001922,i001584,i000058,i000481,i000909,i001786"
u011342,"i000695,i001922,i001240,i001049,i001688,i001584,i000058,i001786,i000909,i000754"
u011343,"i000695,i001240,i001049,i001584,i000058,i001688,i001462,i001914,i000481,i000909"
u011353,"i001922,i000481,i000661,i001663,i000521,i000342,i000909,i000554,i001240,i001914"
u011376,"i000481,i000909,i001069,i001952,i001663,i001922,i000521,i000342,i000554,i000661"
u011379,"i000909,i000481,i000521,i000342,i001922,i000324,i000555,i000554,i001240,i001952"
u011384,"i000481,i001455,i001952,i000909,i000695,i000661,i001673,i001710,i000324,i001663"
u011387,"i000481,i001922,i000327,i000554,i001649,i000521,i001240,i000695,i001914,i000342"
u011397,"i001922,i000481,i000695,i000521,i001240,i000554,i001688,i000909,i000342,i000324"
u011407,"i001240,i001922,i000695,i000754,i001688,i001786,i001049,i001584,i002009,i000058"
u011408,"i001922,i002009,i000006,i001049,i001682,i001786,i001801,i001240,i000695,i001688"
u011421,"i000909,i000481,i000521,i001069,i001952,i000342,i000661,i000554,i000324,i001663"
u011422,"i001069,i000481,i001952,i000909,i001663,i000521,i000661,i000947,i001922,i000342"
u011423,"i000481,i001069,i001952,i000909,i000661,i001922,i001455,i000521,i001663,i001673"
u011428,"i001922,i001240,i000695,i000909,i000481,i001049,i001688,i001786,i000554,i000754"
u011429,"i001922,i000481,i000695,i000521,i000909,i001240,i000661,i000342,i001663,i000646"
u011433,"i001922,i001240,i002009,i000695,i001049,i001682,i001688,i001786,i001335,i000058"
u011452,"i001922,i002009,i001240,i001682,i000695,i001049,i001335,i000200,i000977,i001801"
u011466,"i000324,i000555,i000909,i001922,i000327,i000481,i000342,i000898,i000521,i000110"
u011476,"i000481,i000909,i001922,i000342,i000521,i001240,i001663,i000554,i001949,i000695"
u011478,"i001455,i001952,i000481,i000554,i000661,i001673,i001445,i001069,i001710,i001663"
u011483,"i001922,i001240,i000695,i000909,i000481,i001688,i000324,i000555,i001049,i000521"
u011485,"i000909,i000481,i000521,i000342,i001922,i000324,i000555,i000554,i001663,i000661"
u011486,"i000481,i001038,i001952,i000909,i001663,i000521,i001069,i000661,i000646,i000207"
u011495,"i000909,i000898,i000481,i000324,i000554,i000521,i000327,i001952,i000342,i000110"
u011502,"i001786,i000754,i001350,i000554,i001922,i001688,i001240,i001191,i001049,i000695"
u011503,"i000481,i000909,i000521,i000554,i000695,i001663,i000342,i001240,i001922,i001952"
u011522,"i000481,i000909,i001952,i000695,i001069,i000521,i001922,i000324,i001240,i001663"
u011525,"i000324,i000555,i000110,i000898,i000877,i000481,i000327,i000909,i001952,i000521"
u011532,"i000481,i000909,i000521,i001038,i001952,i001663,i000342,i000661,i000646,i000207"
u011540,"i000481,i000909,i001952,i000521,i000661,i000324,i001069,i001038,i000342,i000555"
u011558,"i000695,i001584,i001688,i000058,i001049,i001462,i000401,i001240,i001922,i001350"
u011561,"i000909,i001922,i000481,i000695,i001240,i000324,i000521,i000555,i000342,i001049"
u011562,"i000481,i000909,i000521,i000554,i001922,i001240,i000342,i000324,i001952,i001949"
u011564,"i001240,i001922,i000695,i001688,i001786,i001584,i001049,i000058,i001191,i002009"
u011565,"i001069,i000481,i000947,i000909,i001952,i000521,i001267,i001663,i000570,i000342"
u011577,"i000695,i001584,i000058,i001049,i001688,i001240,i001462,i000401,i001922,i001350"
u011585,"i000909,i001922,i000521,i000342,i000695,i000481,i001240,i000554,i000324,i001949"
u011590,"i000695,i001240,i001688,i001922,i001049,i001584,i000481,i000058,i000909,i000521"
u011591,"i000481,i001952,i000909,i000661,i000521,i001663,i000342,i000554,i001038,i001949"
u011592,"i000481,i000695,i000909,i001240,i001922,i000554,i000521,i000342,i001688,i000324"
u011609,"i001922,i002009,i001682,i001335,i000200,i001240,i001151,i001595,i000977,i000282"
u011611,"i000909,i000481,i001069,i001952,i001663,i000521,i000661,i001455,i001445,i001478"
u011614,"i000909,i000481,i000521,i000342,i001663,i001922,i001952,i000554,i000324,i000646"
u011615,"i000481,i000909,i001069,i001952,i001663,i001455,i000554,i000661,i001445,i001922"
u011621,"i000282,i001151,i001922,i001515,i001320,i001026,i001335,i001682,i000360,i002009"
u011623,"i000481,i000521,i000909,i000342,i001952,i000661,i001069,i000646,i001663,i000619"
u011628,"i000521,i000481,i000342,i001922,i001240,i000554,i000695,i001688,i000909,i001949"
u011634,"i000481,i000909,i000695,i001240,i001922,i000521,i001688,i000554,i000342,i001663"
u011636,"i000695,i001688,i001240,i001584,i001049,i001922,i000058,i000909,i000481,i000554"
u011644,"i001673,i001455,i001710,i001914,i001445,i001952,i000554,i001949,i000661,i001069"
u011648,"i000481,i000646,i001663,i001952,i001038,i000521,i000909,i000661,i001069,i001478"
u011651,"i001445,i001455,i000646,i000481,i000661,i001952,i000554,i001673,i000909,i001710"
u011656,"i000947,i000481,i001069,i000342,i000521,i000661,i001952,i000909,i001914,i001663"
u011657,"i000481,i001069,i001952,i000909,i001922,i000661,i000695,i001455,i000521,i000947"
u011661,"i001922,i000977,i002009,i001682,i001240,i000481,i001335,i000521,i000342,i001801"
u011662,"i001922,i002009,i001682,i001335,i000200,i000006,i000977,i001801,i001595,i001151"
u011666,"i000481,i001952,i000661,i001478,i001069,i001038,i001455,i000909,i001046,i001663"
u011667,"i000481,i001952,i001038,i000661,i001069,i001663,i000646,i000207,i001046,i001478"
u011676,"i001922,i001240,i000695,i000481,i001688,i000909,i001049,i000554,i001584,i000521"
u011678,"i000324,i000327,i000555,i000898,i000110,i000909,i001455,i001134,i001914,i000877"
u011684,"i000481,i000909,i000695,i001240,i001069,i001952,i000521,i001663,i001922,i000661"
u011690,"i000481,i001952,i001069,i000909,i000661,i001663,i000521,i000554,i001922,i000342"
u011692,"i000481,i000695,i001922,i001240,i000909,i001952,i001753,i001663,i000661,i001049"
u011698,"i000481,i000909,i000521,i000324,i000555,i001952,i000342,i001663,i000554,i000661"
u011703,"i000481,i000695,i001069,i000909,i001952,i001240,i001663,i001049,i001922,i000521"
u011705,"i000909,i001046,i000646,i000481,i001952,i001069,i000661,i000521,i001663,i000342"
u011713,"i000481,i001952,i001455,i001069,i000695,i000661,i001663,i001445,i001673,i001922"
u011721,"i000909,i001914,i001649,i001922,i000695,i000554,i001069,i001455,i000481,i001949"
u011725,"i001049,i000695,i001688,i001584,i000058,i001240,i001922,i001462,i000401,i001877"
u011730,"i000909,i000481,i001922,i000324,i001240,i000554,i000695,i000521,i000555,i000342"
u011736,"i001922,i000909,i001240,i000481,i000695,i000554,i000521,i000646,i000342,i001949"
u011741,"i000661,i000481,i001952,i000521,i001038,i001069,i000909,i001663,i001046,i001455"
u011746,"i000481,i001069,i001952,i000909,i001663,i000661,i000521,i000947,i001038,i001455"
u011749,"i001922,i000481,i001952,i001455,i000661,i001914,i001682,i000695,i002009,i000521"
u011751,"i001649,i001914,i000909,i001087,i000481,i001455,i000554,i001240,i001663,i001710"
u011763,"i000481,i001922,i001069,i001952,i000909,i000661,i000554,i000521,i001455,i001682"
u011769,"i000481,i001069,i000909,i001952,i001663,i001455,i000661,i001922,i000324,i000521"
u011770,"i001922,i001335,i001682,i002056,i002009,i001801,i001595,i000282,i001151,i000200"
u011778,"i001952,i000481,i001069,i001455,i000661,i001663,i001038,i001046,i001673,i001445"
u011789,"i000360,i001515,i000282,i001151,i001320,i001462,i000317,i001113,i000327,i001026"
u011799,"i001069,i000481,i001952,i000947,i001663,i000909,i000661,i000521,i001267,i001445"
u011803,"i001069,i000481,i000909,i001952,i000947,i000661,i001663,i000521,i000342,i000324"
u011804,"i001914,i001649,i001087,i000695,i000829,i000554,i001949,i000058,i000360,i001922"
u011808,"i001922,i000481,i001952,i000695,i001455,i001682,i000555,i001069,i001151,i001335"
u011816,"i001922,i001455,i000481,i001673,i001445,i001952,i001710,i000661,i001682,i001914"
u011818,"i001069,i000481,i001455,i000661,i001445,i001952,i000554,i000695,i001663,i000521"
u011819,"i001069,i000481,i000947,i001952,i000909,i001663,i000521,i000661,i001267,i000342"
u011823,"i000999,i000720,i001922,i001069,i000832,i000282,i000789,i000481,i000342,i000909"
u011834,"i001922,i000481,i000695,i000909,i001049,i000661,i001069,i000521,i000554,i001240"
u011848,"i000481,i000909,i001069,i001663,i001952,i001914,i001922,i000554,i001445,i000661"
u011851,"i000481,i001455,i000909,i001922,i000324,i001952,i000555,i000661,i001445,i001673"
u011865,"i001952,i000481,i001069,i000661,i001455,i000909,i001663,i001673,i001038,i000554"
u011867,"i001069,i000481,i001952,i000947,i000909,i001663,i000661,i000521,i001455,i000931"
u011873,"i000481,i001069,i001952,i000909,i000661,i000521,i001455,i000554,i001663,i000947"
u011875,"i000695,i001584,i001049,i000058,i001688,i001462,i001240,i000401,i001922,i000842"
u011891,"i001069,i001952,i000481,i000909,i001922,i000661,i001455,i000324,i001663,i000555"
u011899,"i001069,i000554,i000481,i001143,i001952,i001455,i001445,i000931,i001949,i000661"
u011900,"i000661,i001952,i000481,i001069,i000521,i001922,i000947,i001455,i001663,i001038"
u011901,"i000481,i000909,i001069,i001478,i001663,i000158,i001952,i000521,i001046,i000661"
u011914,"i000481,i001069,i000909,i001952,i001455,i000661,i000947,i001663,i000695,i000521"
u011919,"i000481,i001069,i001952,i000909,i000661,i000521,i001663,i001038,i000947,i000342"
u011921,"i000481,i001069,i000909,i001952,i001663,i000521,i000646,i000695,i000554,i000661"
u011938,"i000909,i000481,i001069,i001663,i001478,i001952,i000521,i000661,i000646,i000342"
u011940,"i000481,i001069,i001952,i001663,i000521,i000909,i000554,i000342,i000661,i000947"
u011942,"i000481,i000521,i001069,i000342,i000661,i001952,i000947,i000909,i000619,i000646"
u011943,"i001069,i000947,i001952,i000481,i000931,i000661,i001663,i000909,i000554,i000521"
u011946,"i000481,i001952,i001069,i000661,i001922,i001455,i001663,i000909,i001673,i001445"
u011947,"i000481,i001069,i000909,i001952,i000521,i000342,i000324,i001663,i000947,i000661"
u011949,"i000481,i001952,i001069,i000661,i001038,i000909,i000521,i001663,i001455,i000646"
u011953,"i000481,i001478,i000909,i001663,i001445,i001952,i000342,i000521,i001455,i000661"
u011970,"i000695,i000058,i001584,i001049,i001462,i001688,i000401,i001240,i000931,i001922"
u011974,"i001069,i000481,i000554,i001952,i000661,i000909,i001455,i001143,i000931,i000947"
u011976,"i001445,i001455,i001710,i001314,i001673,i000805,i000554,i000481,i001952,i001906"
u011978,"i000481,i001952,i001069,i000661,i000909,i001455,i001922,i000324,i000521,i001663"
u011985,"i001069,i000947,i000481,i000909,i001952,i001663,i000931,i001267,i000661,i000570"
u011989,"i000481,i001952,i001069,i000661,i000909,i001663,i000695,i000554,i001455,i000521"
u011992,"i001069,i000481,i000909,i001952,i000661,i001663,i000947,i001455,i000521,i000342"
u011996,"i000695,i000481,i000909,i001240,i001069,i001455,i001049,i001663,i001952,i001584"
u012009,"i000481,i001952,i001069,i000909,i000521,i000661,i000342,i000947,i001455,i001038"
u012012,"i000909,i001069,i001445,i000661,i000646,i000481,i001753,i001952,i000270,i001663"
u012025,"i001455,i001673,i001952,i001710,i000909,i001445,i001922,i000554,i001949,i000481"
u012027,"i000481,i001069,i000909,i001952,i001663,i000661,i000521,i000947,i000342,i001455"
u012033,"i000661,i000270,i001445,i001069,i001952,i000646,i001455,i001673,i000481,i000909"
u012035,"i000481,i001952,i001922,i000661,i001455,i001663,i001445,i001069,i001673,i000554"
u012042,"i001069,i000481,i001952,i001922,i000909,i000661,i001445,i001455,i001673,i001663"
u012043,"i001069,i000481,i000909,i001952,i000947,i000521,i001663,i000342,i000661,i001455"
u012046,"i001151,i001026,i001682,i000282,i002009,i001320,i001515,i001922,i001314,i001335"
u012052,"i000481,i001069,i001952,i000909,i000661,i000521,i001038,i000947,i000342,i000207"
u012057,"i001049,i000695,i001688,i001584,i001922,i000058,i001240,i001462,i000401,i000842"
u012061,"i000481,i001069,i001952,i000909,i000661,i000324,i001922,i000555,i000521,i001663"
u012062,"i001069,i000481,i001952,i000661,i000909,i000521,i000947,i001663,i000554,i000342"
u012064,"i001914,i001649,i001087,i001455,i000909,i001069,i000481,i001673,i001445,i001710"
u012066,"i000481,i001952,i001069,i000909,i001455,i000695,i001663,i000661,i001240,i001914"
u012070,"i001069,i001952,i000481,i000909,i000324,i001455,i000661,i000555,i000947,i000521"
u012076,"i000324,i000555,i000909,i000327,i000481,i000898,i000110,i001069,i000342,i000521"
u012078,"i001922,i002009,i001682,i001335,i000977,i001240,i000695,i000200,i001801,i001049"
u012084,"i001069,i000481,i001952,i000661,i000909,i001663,i000947,i000521,i001922,i000554"
u012087,"i000342,i000661,i001952,i000521,i000947,i001069,i000481,i000563,i002063,i000646"
u012090,"i000481,i001069,i000909,i001952,i001663,i000661,i001922,i000521,i000324,i000342"
u012097,"i001069,i000947,i001949,i001952,i000661,i001455,i001143,i000554,i000909,i000481"
u012106,"i001240,i001922,i000695,i002009,i001191,i000058,i000554,i001682,i001049,i001584"
u012116,"i001455,i000909,i001673,i001753,i001952,i001445,i001069,i001710,i000481,i000554"
u012125,"i000481,i001922,i001663,i001240,i000695,i001952,i000909,i001069,i001445,i000661"
u012127,"i001069,i001952,i000481,i000661,i000909,i001445,i001455,i001663,i001002,i000947"
u012129,"i001069,i000481,i001952,i000909,i000661,i001663,i000947,i001455,i000521,i000207"
u012134,"i001455,i000481,i000695,i000909,i001673,i001445,i001922,i001069,i001240,i001952"
u012138,"i001455,i000481,i000695,i000909,i001922,i001673,i001952,i000554,i001069,i001240"
u012144,"i000481,i001069,i001952,i000661,i001455,i000909,i000554,i000521,i001445,i000947"
u012152,"i001069,i000481,i000947,i001952,i000909,i001038,i001663,i001267,i000521,i000646"
u012154,"i001455,i001673,i001710,i001445,i000805,i001952,i000554,i001949,i000968,i000898"
u012159,"i000481,i001069,i000909,i001952,i001663,i000521,i001445,i000646,i000554,i000661"
u012160,"i000481,i001069,i001952,i000909,i000521,i000661,i001663,i000342,i001922,i000947"
u012168,"i001455,i000481,i001952,i001069,i000909,i001673,i000695,i001710,i000661,i001922"
u012174,"i001952,i000481,i001069,i000661,i000947,i000909,i001455,i000521,i000342,i001663"
u012191,"i000646,i000481,i001663,i001069,i000909,i001952,i000521,i001038,i000661,i000554"
u012195,"i000481,i001952,i001069,i001663,i000695,i001455,i000661,i000909,i001240,i001445"
u012200,"i001069,i000481,i001952,i000909,i000947,i001663,i000661,i000521,i001478,i001445"
u012203,"i000481,i001069,i000909,i001952,i000521,i000342,i000661,i000947,i001663,i000646"
u012206,"i001049,i000695,i001584,i001688,i001240,i000058,i001462,i000401,i001922,i000842"
u012208,"i001069,i000481,i001952,i001508,i001753,i000909,i000947,i001455,i000661,i001673"
u012214,"i000481,i001069,i001952,i000909,i000947,i000521,i000661,i001663,i000342,i001455"
u012219,"i001455,i001673,i001445,i001710,i001952,i001069,i000909,i000481,i000805,i000554"
u012229,"i001069,i000481,i000909,i001952,i000521,i001663,i000947,i000661,i000342,i000646"
u012231,"i001069,i000481,i000909,i001952,i000947,i001663,i001455,i000661,i000521,i001445"
u012233,"i001069,i000481,i001952,i000661,i001663,i000909,i001922,i000695,i001455,i000554"
u012236,"i001069,i001952,i000481,i000909,i001455,i000931,i001445,i000324,i000720,i000947"
u012238,"i000909,i001713,i001069,i000481,i000947,i001007,i000167,i001952,i000931,i001663"
u012243,"i000661,i001069,i001952,i000481,i000909,i000270,i000521,i000646,i001455,i000947"
u012246,"i000695,i001584,i000058,i001688,i001049,i001462,i001240,i000401,i001922,i000829"
u012251,"i000481,i001069,i001663,i001914,i000521,i000554,i000695,i001649,i001952,i000661"
u012252,"i000481,i001952,i001069,i000909,i000661,i001663,i000521,i001038,i000947,i000207"
u012255,"i001069,i000481,i001952,i000909,i001922,i000695,i000947,i000661,i001455,i001663"
u012265,"i000695,i001455,i000481,i000909,i001069,i001952,i001240,i001673,i001049,i001710"
u012267,"i000481,i001069,i000909,i001952,i000695,i001663,i000947,i001240,i000521,i001455"
u012270,"i000481,i000695,i001663,i000909,i001952,i001914,i001455,i001069,i001240,i001922"
u012271,"i000554,i000481,i000909,i001069,i001455,i001143,i001445,i001952,i001949,i000661"
u012272,"i001069,i000947,i001455,i000931,i000481,i001952,i000661,i000909,i001663,i001673"
u012278,"i001455,i001673,i001710,i001952,i001445,i001069,i000554,i000805,i000909,i000481"
u012291,"i000481,i001038,i001952,i001069,i000909,i001663,i000207,i000646,i000661,i001478"
u012296,"i000481,i001069,i000909,i001952,i001663,i000521,i000947,i000661,i000342,i000554"
u012298,"i001914,i001649,i000909,i001069,i001087,i000481,i001952,i001455,i001673,i000554"
u012303,"i000481,i001952,i001069,i001663,i000661,i000909,i000521,i000695,i000554,i001455"
u012312,"i000481,i001069,i000947,i000521,i001952,i000342,i000909,i001267,i000570,i000661"
u012316,"i000481,i001069,i000909,i001952,i001663,i000661,i000947,i000521,i000342,i001455"
u012333,"i001069,i000481,i001952,i000909,i000661,i001663,i001922,i000521,i000947,i000554"
u012335,"i001069,i000481,i001952,i000661,i000947,i001663,i000521,i000554,i000909,i001445"
u012342,"i000481,i001069,i001952,i000909,i000661,i000521,i000947,i001663,i001455,i001922"
u012343,"i000481,i000695,i000909,i001069,i001240,i001455,i001952,i001049,i001663,i000554"
u012344,"i000909,i001191,i000554,i001445,i001069,i000481,i001949,i001455,i000661,i001914"
u012345,"i001922,i000481,i001952,i001455,i000909,i000661,i001673,i000324,i001682,i000282"
u012347,"i000646,i000481,i001663,i001952,i001069,i001046,i000661,i001445,i001038,i000521"
u012354,"i000481,i001069,i001952,i000521,i000947,i000909,i000661,i000342,i001663,i000619"
u012364,"i000481,i000909,i001663,i001069,i001952,i000695,i000554,i001455,i001240,i000661"
u012371,"i000481,i001069,i001952,i000909,i000661,i000947,i000521,i001663,i001455,i001038"
u012373,"i001069,i000481,i001952,i000909,i000661,i001455,i000947,i001922,i000521,i000555"
u012375,"i000481,i001069,i000909,i001952,i000521,i001663,i000947,i000342,i000661,i000554"
u012378,"i001069,i000947,i000521,i001952,i000481,i000661,i000342,i000570,i001445,i000563"
u012380,"i001069,i000909,i001952,i000481,i001038,i000661,i001445,i001663,i000521,i000947"
u012381,"i001069,i000481,i000909,i001952,i000521,i000661,i001663,i000947,i000342,i000324"
u012384,"i000481,i001455,i000909,i001922,i001445,i001952,i001663,i001069,i000554,i001914"
u012386,"i001455,i001710,i001673,i001445,i001952,i000481,i000554,i000661,i001914,i000720"
u012387,"i000481,i001069,i001922,i001952,i001663,i000661,i000909,i000521,i000554,i000342"
u012388,"i001455,i001445,i001673,i001710,i000554,i000661,i001952,i001069,i000931,i001949"
u012394,"i000481,i001069,i001952,i000909,i000661,i000947,i001455,i001663,i000695,i001922"
u012402,"i000481,i001952,i001069,i000909,i000661,i001455,i000521,i001663,i000554,i000555"
u012403,"i001688,i000695,i001049,i001584,i001462,i000401,i000058,i001240,i001350,i001314"
u012407,"i000481,i001069,i001952,i000909,i000521,i000324,i000555,i000554,i000661,i000342"
u012412,"i000481,i001069,i001952,i000909,i000521,i000947,i001663,i000661,i000342,i000554"
u012418,"i001069,i000481,i000947,i000909,i001952,i000521,i001663,i000661,i000342,i001267"
u012419,"i000481,i000909,i001069,i001663,i001952,i000695,i000342,i001478,i000521,i000661"
u012426,"i000481,i001069,i001952,i001663,i000521,i000661,i000909,i000554,i000342,i000646"
u012428,"i000481,i001069,i001952,i000521,i000909,i000661,i000342,i001663,i000947,i001046"
u012430,"i000481,i001663,i000342,i000521,i000909,i001069,i001952,i000661,i001478,i000646"
u012431,"i000481,i000909,i001952,i001069,i000521,i001663,i000661,i001038,i000342,i001478"
u012437,"i001069,i001952,i000481,i000947,i000661,i000909,i001663,i000521,i001455,i001002"
u012445,"i001069,i000947,i001267,i001952,i000521,i000570,i000342,i000481,i000661,i001663"
u012448,"i000481,i001952,i001069,i000661,i000909,i000342,i000248,i000521,i001663,i000947"
u012449,"i001952,i000481,i000661,i001069,i000909,i000521,i000342,i001455,i000554,i001663"
u012450,"i000481,i001069,i001952,i000521,i000661,i000909,i001663,i000554,i000342,i000947"
u012451,"i000481,i001069,i000909,i001952,i000521,i001663,i000947,i000342,i000661,i000646"
u012465,"i000481,i001069,i000909,i001663,i001952,i000521,i000342,i000661,i001914,i000554"
u012492,"i001069,i000481,i000909,i001952,i000521,i000661,i001663,i000947,i000342,i000554"
u012496,"i001922,i002009,i001682,i001335,i001240,i000977,i000481,i000006,i001801,i001049"
u012503,"i001069,i000481,i001952,i000909,i001508,i001906,i001753,i001663,i000521,i000342"
u012504,"i001069,i000481,i000909,i001952,i000521,i000342,i000947,i001663,i000324,i000555"
u012506,"i000481,i001069,i001952,i001663,i000661,i001922,i000909,i000695,i001455,i001914"
u012519,"i001922,i001952,i001069,i001455,i000481,i001673,i001710,i000661,i000909,i001914"
u012536,"i001143,i000554,i001069,i001949,i000956,i000842,i001455,i001445,i000947,i000931"
u012558,"i000481,i000909,i001952,i000521,i001069,i000554,i001663,i000661,i000342,i001949"
u012560,"i000481,i000661,i001069,i001952,i000521,i000342,i001046,i001445,i000909,i000646"
u012566,"i000909,i000481,i001069,i000521,i001952,i000661,i001663,i000342,i000947,i000554"
u012568,"i001069,i000481,i000554,i000909,i000521,i000661,i001663,i001445,i000947,i000342"
u012573,"i000481,i000661,i001952,i001069,i000521,i001455,i001445,i000646,i001038,i001663"
u012576,"i000554,i000481,i001143,i001455,i001069,i000661,i000521,i000909,i000947,i001445"
u012580,"i001143,i000554,i000481,i000909,i001069,i000521,i000342,i001952,i000947,i000661"
u012581,"i001069,i000481,i001952,i000909,i000521,i001663,i000661,i000554,i000947,i000646"
u012583,"i000481,i001069,i001952,i000661,i000521,i000947,i000909,i001663,i000342,i001455"
u012586,"i000909,i001069,i000481,i001952,i000521,i000661,i000947,i001663,i000324,i000342"
u012591,"i000481,i000646,i001952,i000909,i000661,i000521,i001663,i001069,i001038,i000342"
u012594,"i001710,i001455,i001673,i001445,i001952,i000661,i000805,i000554,i001143,i001069"
u012596,"i001069,i000481,i001952,i000947,i000909,i001663,i000661,i000931,i000521,i001445"
u012597,"i001949,i000554,i000481,i001143,i001069,i001455,i000909,i000521,i001952,i000661"
u012610,"i001069,i000931,i000554,i001952,i000947,i001455,i000481,i001143,i000909,i000661"
u012611,"i000481,i000521,i001069,i001952,i000909,i000342,i001663,i000661,i001038,i000646"
u012617,"i000481,i001069,i001952,i001663,i000909,i000521,i000661,i000554,i000342,i000947"
u012621,"i001069,i000481,i000909,i001952,i000947,i000521,i000661,i001663,i001455,i000342"
u012628,"i000481,i001069,i000909,i000521,i001952,i001663,i000947,i000342,i000661,i000554"
u012631,"i000481,i000909,i001069,i000521,i001952,i000342,i001663,i000661,i000555,i000324"
u012637,"i000481,i001069,i000909,i000521,i001952,i000947,i000342,i000661,i001663,i001038"
u012638,"i000481,i000909,i001069,i000521,i001952,i000324,i000342,i000661,i000555,i001663"
u012639,"i001069,i000481,i001952,i000909,i000661,i001455,i000947,i001922,i000695,i000521"
u012648,"i001875,i000618,i001455,i001673,i000481,i001069,i001952,i000661,i001949,i000521"
u012658,"i000554,i000956,i001143,i001949,i001240,i001191,i001922,i000481,i001445,i001455"
u012659,"i000909,i000554,i000481,i001069,i001143,i000521,i001952,i000342,i000947,i001949"
u012660,"i000324,i000555,i000909,i000110,i000898,i000481,i001069,i001134,i001952,i000342"
u012662,"i001069,i000481,i001952,i001663,i000661,i000909,i000947,i000521,i001478,i000342"
u012665,"i001069,i000167,i000554,i000481,i000909,i001922,i001445,i000931,i001143,i000842"
u012671,"i000481,i001069,i001952,i000909,i000661,i001663,i001455,i000554,i001922,i000521"
u012677,"i001455,i001673,i000554,i001445,i001710,i001952,i000661,i001914,i001949,i000805"
u012680,"i000481,i001069,i000909,i001952,i001663,i000521,i000661,i000947,i000342,i000695"
u012682,"i000481,i001069,i001952,i001663,i000661,i000909,i000947,i000521,i001914,i000342"
u012687,"i000481,i001069,i001753,i000909,i001508,i001952,i001906,i000521,i001663,i000947"
u012707,"i000555,i000324,i000909,i000110,i000898,i000481,i000327,i000521,i000342,i000554"
u012718,"i001069,i000481,i001952,i000947,i000909,i001663,i000661,i000521,i000931,i001455"
u012719,"i000931,i001069,i000909,i000947,i000652,i001455,i000695,i000481,i000554,i000842"
u012720,"i001713,i001069,i001007,i000909,i001908,i000947,i000931,i000167,i000842,i001753"
u012725,"i000481,i001069,i000909,i001952,i000521,i001663,i000342,i000947,i000661,i000554"
u012732,"i001151,i000282,i001515,i002056,i001026,i002009,i001682,i001922,i001335,i001320"
u012740,"i001069,i001038,i000481,i001952,i001663,i000661,i000646,i000947,i000909,i000521"
u012746,"i001922,i002009,i001682,i001335,i001595,i000200,i001151,i001801,i001240,i000282"
u012752,"i001455,i000324,i001673,i001710,i001952,i001445,i000909,i001069,i000661,i000481"
u012756,"i001069,i000481,i001952,i001663,i000661,i001038,i000521,i000947,i000909,i000646"
u012769,"i001069,i000947,i000481,i001952,i000931,i000909,i000570,i001713,i001267,i001663"
u012771,"i000481,i001952,i001069,i000909,i000646,i001046,i000521,i000661,i001663,i001038"
u012774,"i000481,i001069,i001952,i001663,i000661,i000909,i000521,i000947,i001455,i000554"
u012777,"i001069,i000481,i001952,i000909,i001663,i001455,i000661,i000695,i001922,i000947"
u012779,"i000481,i001069,i000521,i001952,i000661,i000909,i000947,i000342,i001663,i000554"
u012788,"i000481,i000909,i001069,i001922,i000695,i001952,i001455,i001240,i001663,i000646"
u012792,"i000554,i000481,i001069,i000909,i001952,i000521,i001949,i001143,i001663,i001455"
u012796,"i001069,i001143,i000481,i000909,i001949,i000947,i001952,i000554,i000956,i000661"
u012797,"i000481,i000909,i001952,i001455,i000521,i000661,i001663,i000554,i001069,i001673"
u012798,"i000909,i001143,i001949,i000554,i000481,i001069,i001455,i001952,i001914,i000931"
u012801,"i000327,i000898,i000110,i000324,i000555,i000909,i000481,i001134,i001952,i000695"
u012815,"i000898,i000324,i000555,i000327,i000481,i000909,i000110,i001952,i000342,i001069"
u012824,"i000909,i001069,i000481,i000521,i000947,i000342,i001952,i001663,i000661,i000646"
u012826,"i001069,i000481,i001952,i000909,i000947,i001663,i000521,i000646,i000661,i002132"
u012829,"i000481,i001069,i001952,i000909,i000661,i001663,i000521,i000947,i000342,i000646"
u012831,"i001069,i000481,i000909,i001478,i001952,i000947,i001663,i001713,i000342,i000521"
u012837,"i000909,i000481,i001069,i000521,i000342,i001952,i000661,i001663,i000554,i001922"
u012849,"i001922,i001682,i001335,i002009,i001595,i002056,i000200,i001240,i001801,i001049"
u012856,"i000481,i001069,i001952,i000661,i000521,i000909,i000342,i000947,i001663,i000554"
u012859,"i000481,i001069,i000909,i001952,i000521,i000342,i000947,i000661,i001663,i000555"
u012878,"i000481,i001069,i001952,i000661,i001455,i000909,i001663,i000646,i001914,i001673"
u012882,"i001069,i000947,i000931,i000481,i000909,i001922,i001952,i001713,i001663,i001445"
u012883,"i001069,i000481,i000947,i001952,i000909,i000661,i001663,i000521,i001267,i000342"
u012889,"i000481,i001952,i000661,i001663,i001069,i000554,i001038,i000521,i000909,i001914"
u012891,"i000481,i001069,i001952,i000661,i001663,i000909,i000521,i000646,i000554,i000947"
u012902,"i000481,i001069,i001952,i000521,i000661,i001663,i000342,i000947,i000909,i001922"
u012910,"i001922,i001151,i000282,i001515,i002009,i001320,i001682,i001026,i001335,i000360"
u012913,"i000909,i001069,i000481,i001952,i000521,i001663,i000947,i000342,i000661,i000646"
u012919,"i001069,i000481,i001952,i000521,i000947,i000554,i000661,i000909,i001267,i000342"
u012920,"i000481,i001069,i001952,i000909,i000521,i000661,i001663,i000947,i001038,i001455"
u012924,"i000481,i001069,i001952,i001663,i000909,i000521,i000661,i000342,i000554,i000947"
u012927,"i000481,i001069,i000909,i001952,i000521,i000342,i000661,i001663,i000947,i000554"
u012928,"i001314,i001445,i001069,i000646,i000661,i000481,i001663,i000554,i001952,i000956"
u012929,"i000661,i000481,i001952,i000248,i000342,i001069,i000909,i001663,i000521,i000947"
u012932,"i000481,i001069,i000909,i001952,i001663,i000661,i000695,i000947,i000521,i000554"
u012933,"i000481,i000909,i001069,i001952,i000695,i001663,i000661,i001455,i001240,i000521"
u012941,"i000282,i001151,i001515,i000360,i001320,i001069,i001026,i000555,i000909,i000317"
u012948,"i000481,i000521,i001952,i000909,i001922,i000661,i001663,i000207,i001038,i000646"
u012970,"i001069,i000481,i000909,i001952,i000521,i000342,i000947,i001663,i000324,i000661"
u012973,"i001069,i000481,i000909,i001952,i001663,i000521,i000947,i000661,i000554,i000342"
u012983,"i000481,i001952,i000909,i001069,i000521,i000324,i000555,i000661,i001663,i000898"
u012990,"i001069,i000481,i000909,i000947,i001952,i001663,i000646,i000521,i000661,i001445"
u012992,"i001069,i000481,i000947,i000909,i001952,i001663,i000521,i000661,i001267,i000646"
u012996,"i000909,i000481,i001069,i001478,i001952,i001663,i000521,i000342,i001445,i001038"
u013005,"i000481,i001069,i001952,i000909,i000521,i000947,i000661,i000554,i001663,i000931"
u013011,"i000324,i000481,i000909,i000521,i000555,i001069,i000342,i001952,i000661,i000898"
u013030,"i000481,i001952,i001069,i000909,i000661,i001663,i000521,i000947,i001455,i001038"
u013035,"i001069,i000481,i000909,i001952,i000947,i001663,i000521,i000931,i000661,i001713"
u013037,"i000481,i001069,i000909,i001952,i000521,i001663,i000342,i000947,i000661,i000554"
u013038,"i000481,i000661,i001455,i001952,i001069,i000521,i001673,i000909,i001445,i001922"
u013042,"i000481,i001914,i001069,i001649,i001663,i001952,i001087,i000554,i000661,i000909"
u013050,"i000481,i001069,i000909,i001952,i000661,i000521,i000947,i001038,i001663,i000207"
u013054,"i001069,i000481,i001952,i000909,i001922,i000661,i000947,i000521,i001663,i000324"
u013059,"i000481,i001069,i000661,i000521,i001445,i001663,i001952,i001922,i000554,i000646"
u013060,"i000481,i001069,i001952,i000909,i001663,i000661,i001455,i000947,i000695,i001914"
u013062,"i000481,i001069,i001952,i000661,i001663,i000521,i001922,i000909,i000342,i000554"
u013064,"i000481,i000909,i001952,i001445,i001069,i001046,i001663,i001949,i000521,i001455"
u013067,"i000909,i001069,i000481,i001952,i001663,i000521,i000554,i001914,i000695,i000661"
u013069,"i001875,i000618,i001069,i000481,i001455,i001952,i000947,i001673,i001949,i000661"
u013074,"i000898,i000324,i000555,i000327,i000909,i000481,i000110,i001952,i001069,i001455"
u013077,"i001069,i000481,i000909,i001952,i001455,i000661,i000324,i000947,i000555,i000521"
u013081,"i001922,i000481,i000661,i001663,i001455,i001952,i000521,i001673,i000342,i000646"
u013085,"i000481,i001952,i001069,i000661,i001663,i000695,i001455,i001240,i001922,i000554"
u013091,"i000481,i001952,i001069,i000661,i001663,i001455,i000909,i001673,i000521,i001508"
u013099,"i001069,i000909,i000481,i001952,i000555,i000324,i001922,i000282,i001151,i000661"
u013102,"i001069,i000481,i000947,i001952,i000521,i000909,i000661,i001663,i000570,i000342"
u013107,"i001069,i000481,i000909,i001952,i000521,i000947,i000661,i001663,i000342,i000324"
u013111,"i001069,i000481,i000909,i001952,i000521,i000342,i000947,i001663,i000661,i000324"
u013117,"i001069,i000909,i001952,i001922,i000481,i001455,i000555,i000324,i001710,i001673"
u013124,"i000481,i001069,i000909,i000695,i001952,i001663,i001455,i000554,i000661,i001240"
u013132,"i000481,i000909,i001069,i001952,i001663,i001455,i000695,i000661,i000521,i000554"
u013135,"i000646,i000481,i001663,i001069,i000554,i001046,i001952,i000661,i001445,i000521"
u013137,"i001069,i000481,i000909,i000521,i001952,i000947,i000661,i000646,i001663,i000554"
u013138,"i001069,i000481,i000947,i000521,i001952,i000661,i000342,i000909,i000570,i001922"
u013148,"i000646,i000481,i001663,i000909,i001069,i001046,i001952,i000661,i001445,i001038"
u013152,"i000481,i001069,i000909,i001952,i001663,i000521,i000661,i000554,i000342,i000646"
u013155,"i000481,i001922,i001952,i001069,i000661,i000521,i001663,i000909,i000342,i000646"
u013166,"i001069,i000481,i000909,i001952,i000947,i001663,i000521,i000342,i000661,i000207"
u013168,"i000695,i000058,i001584,i001049,i001462,i001688,i001240,i000401,i001922,i000931"
u013169,"i000481,i000909,i001069,i000695,i001663,i001952,i000661,i001240,i000521,i001455"
u013170,"i001069,i000481,i000909,i001952,i000521,i001663,i000947,i000661,i000342,i001455"
u013171,"i000481,i001069,i000909,i001952,i001663,i000521,i000947,i000661,i000342,i000695"
u013172,"i000909,i000481,i001069,i000521,i000342,i001952,i000947,i001663,i000207,i000324"
u013173,"i000481,i000909,i001069,i000342,i000521,i001952,i001663,i000661,i000554,i000947"
u013177,"i001069,i000481,i000909,i001952,i000521,i001663,i000661,i000947,i000646,i000554"
u013181,"i000481,i001069,i001952,i000554,i001922,i000661,i001663,i001049,i001455,i000947"
u013184,"i000481,i000909,i001069,i001952,i000661,i000695,i001663,i000521,i001455,i001922"
u013189,"i001069,i000481,i000909,i000947,i001952,i001663,i000342,i000521,i000661,i001478"
u013206,"i000481,i001069,i001952,i000909,i000521,i000661,i000947,i000342,i001663,i000554"
u013212,"i000481,i001069,i000521,i000554,i000909,i001663,i001952,i001949,i001143,i000661"
u013213,"i000481,i001069,i000909,i001952,i000521,i000947,i000342,i001663,i000207,i000661"
u013235,"i000481,i001952,i000661,i001663,i001069,i000695,i001240,i000554,i000909,i001914"
u013237,"i000481,i001069,i000521,i001952,i000661,i000909,i001663,i000554,i000947,i000646"
u013242,"i000481,i001952,i001069,i000661,i000521,i000909,i001663,i001038,i001455,i000554"
u013251,"i000481,i001069,i000909,i001952,i000521,i001663,i000342,i001478,i000646,i000207"
u013252,"i001069,i000481,i000909,i001952,i000947,i001663,i000521,i000661,i001713,i000931"
u013254,"i000324,i000555,i000110,i000898,i000327,i000909,i000481,i001455,i001134,i001922"
u013258,"i000481,i001952,i000324,i000555,i001069,i000909,i001455,i000158,i000661,i000110"
u013261,"i000481,i000909,i000695,i001663,i001952,i001069,i001240,i000661,i000554,i001455"
u013271,"i000695,i000058,i001584,i001049,i001688,i001240,i001462,i000401,i001922,i000931"
u013278,"i000481,i001952,i001663,i001069,i000646,i001046,i001478,i001038,i001445,i000521"
u013280,"i001069,i000481,i001952,i000521,i000909,i000947,i000342,i000661,i001663,i000554"
u013284,"i000661,i001952,i000342,i000481,i000521,i001663,i001046,i000646,i000248,i001069"
u013292,"i000695,i001922,i000481,i001688,i001952,i001240,i001049,i000909,i000661,i001584"
u013293,"i000481,i001952,i001069,i000661,i001455,i000909,i001663,i001922,i000521,i000947"
u013299,"i000554,i000909,i000481,i000342,i000521,i001069,i001663,i001445,i000661,i001143"
u013300,"i000695,i000058,i001584,i001049,i001688,i001240,i000401,i001462,i001922,i000931"
u013301,"i000481,i001663,i000909,i001069,i000695,i001952,i001478,i000661,i000521,i000646"
u013304,"i000521,i000947,i001069,i000909,i000481,i000342,i001663,i000554,i001914,i000695"
u013317,"i000481,i001952,i000909,i000661,i000521,i001663,i001069,i000554,i001455,i000207"
u013326,"i000481,i000909,i001069,i000521,i001663,i001952,i000342,i000554,i000947,i000661"
u013328,"i000909,i001069,i000481,i000521,i001952,i000342,i000947,i001663,i000661,i000324"
u013330,"i000481,i001069,i000909,i001952,i001663,i000947,i000521,i000661,i000342,i000646"
u013350,"i000909,i001952,i000481,i001069,i001455,i000528,i000342,i001445,i000661,i000521"
u013352,"i000481,i001069,i000909,i001952,i000521,i001663,i000947,i000342,i000661,i000554"
u013358,"i000481,i001069,i001952,i000909,i000521,i000661,i001663,i001038,i000207,i000646"
u013362,"i000481,i001069,i000909,i001952,i000695,i001663,i000661,i000521,i001455,i000947"
u013365,"i001922,i000661,i001049,i000481,i000695,i000554,i001455,i001069,i000521,i001335"
u013369,"i001151,i000282,i001515,i001026,i001320,i000360,i000555,i001682,i001069,i001922"
u013374,"i001069,i000481,i001952,i001663,i000909,i000661,i000947,i000521,i001914,i000342"
u013384,"i001069,i000481,i001952,i000661,i000909,i001663,i000947,i001455,i001673,i001922"
u013385,"i000481,i001069,i001952,i000947,i000661,i001663,i000909,i000521,i000554,i001038"
u013388,"i000481,i001069,i001952,i000909,i000521,i000661,i001663,i000947,i000342,i000554"
u013392,"i000481,i001069,i001952,i000909,i000947,i001663,i000521,i000661,i001455,i000342"
u013401,"i000481,i000521,i000909,i001952,i000661,i000554,i001663,i001922,i000324,i001069"
u013406,"i000909,i000481,i001069,i000342,i000521,i001952,i001663,i000661,i001478,i000324"
u013408,"i000909,i001069,i000481,i001952,i000661,i000521,i000947,i001455,i001663,i000342"
u013412,"i000110,i000324,i000555,i000898,i000327,i000909,i001134,i000877,i000481,i000521"
u013422,"i000555,i000324,i000481,i001069,i000909,i001952,i000521,i000342,i000661,i000554"
u013424,"i000481,i001952,i001455,i000695,i001069,i001663,i000909,i001922,i000661,i001240"
u013431,"i001069,i000481,i000947,i000521,i000909,i001952,i000342,i000661,i000570,i001663"
u013434,"i001240,i001922,i000695,i001191,i000754,i000058,i001688,i001584,i001049,i000956"
u013444,"i000481,i001069,i000909,i000521,i001952,i001663,i000342,i000661,i000324,i000554"
u013446,"i000554,i000661,i000481,i001069,i000521,i001143,i001445,i001952,i000909,i001949"
u013448,"i000909,i000481,i001069,i000342,i000521,i001663,i001952,i000947,i000207,i000661"
u013451,"i001914,i000909,i000481,i001069,i001649,i001087,i000554,i001663,i001952,i001455"
u013463,"i001069,i000481,i000909,i001952,i000521,i000947,i000324,i000661,i000555,i001663"
u013466,"i000695,i001584,i000058,i001688,i001049,i001462,i001240,i000401,i001922,i000931"
u013467,"i001922,i001682,i002009,i001335,i001595,i000200,i001151,i000282,i002056,i001113"
u013473,"i000909,i000481,i000324,i000555,i001069,i000521,i001952,i001922,i000695,i000342"
u013487,"i001069,i000481,i000947,i001952,i000909,i000661,i000521,i001663,i000342,i000570"
u013489,"i000481,i001478,i001046,i001038,i002132,i000646,i001663,i001952,i001445,i001069"
u013498,"i000481,i001952,i001069,i001038,i001663,i000661,i001046,i000646,i000947,i001445"
u013508,"i001455,i001673,i001710,i001445,i000554,i000805,i001949,i001914,i001952,i000909"
u013509,"i000481,i001069,i001952,i000909,i000661,i001663,i000947,i001455,i001914,i000521"
u013511,"i001952,i000646,i000481,i001069,i000661,i001663,i000521,i000909,i001046,i001038"
u013513,"i001069,i000481,i000909,i001952,i000521,i000342,i000947,i000324,i000661,i001663"
u013516,"i000481,i001663,i001952,i001069,i000646,i001478,i001038,i000909,i000521,i000661"
u013519,"i001455,i001952,i000481,i000661,i001673,i001445,i001069,i001922,i001710,i000909"
u013524,"i000909,i000481,i001069,i001952,i000521,i000342,i000661,i001663,i000947,i000554"
u013525,"i000342,i000481,i000521,i000909,i001069,i000661,i001952,i000947,i001663,i000646"
u013536,"i000324,i000110,i000555,i000898,i000909,i000481,i000327,i001952,i000877,i001069"
u013538,"i000481,i001069,i000909,i001952,i000947,i000521,i001663,i000661,i000342,i000554"
u013553,"i001069,i000481,i000947,i001753,i001952,i000521,i000661,i001508,i000909,i001663"
u013561,"i001922,i000342,i000481,i000909,i000521,i000977,i001663,i000554,i000661,i000324"
u013570,"i001069,i000661,i001952,i000947,i001445,i000342,i000521,i000909,i000481,i001002"
u013579,"i000909,i000481,i001069,i000324,i000555,i000898,i001952,i000521,i000554,i001922"
u013580,"i001455,i000481,i000661,i000909,i001952,i001673,i001753,i000521,i001710,i000554"
u013586,"i000481,i000342,i000521,i000909,i001069,i001952,i000947,i000661,i001663,i000646"
u013601,"i000481,i001069,i000909,i001952,i000521,i001663,i000342,i000324,i000947,i000555"
u013606,"i000481,i001069,i000909,i001952,i000521,i000947,i001663,i000342,i000661,i000554"
u013608,"i001069,i000481,i000947,i000521,i000909,i001952,i000342,i000661,i000554,i000570"
u013610,"i000481,i001069,i000909,i001952,i000521,i001663,i000342,i000947,i000661,i000554"
u013618,"i000481,i001069,i000909,i001952,i001663,i000947,i000521,i000661,i000342,i000554"
u013620,"i001069,i000481,i000909,i001952,i000521,i000324,i001922,i000947,i000661,i000342"
u013626,"i000481,i001922,i000695,i000324,i001240,i001069,i000327,i000554,i000661,i001049"
u013629,"i000909,i000481,i001753,i001952,i001069,i000342,i001906,i000521,i001508,i000324"
u013634,"i000481,i001069,i001952,i000909,i001663,i000661,i000521,i000554,i000947,i000342"
u013641,"i000342,i000481,i000521,i000661,i001663,i001952,i000646,i000909,i001478,i000947"
u013644,"i001069,i000481,i000909,i001952,i000521,i000947,i000342,i000324,i001663,i000661"
u013649,"i001952,i000481,i001069,i000661,i001663,i001455,i000909,i001038,i000521,i000947"
u013652,"i000481,i001952,i001069,i000909,i001038,i001663,i000661,i000521,i000646,i000207"
u013653,"i001922,i001682,i002009,i000695,i001240,i001049,i001335,i000977,i001801,i000481"
u013664,"i000481,i001952,i001069,i000661,i000909,i000695,i001455,i000554,i000521,i001922"
u013671,"i001069,i000481,i001952,i001663,i000947,i000909,i000521,i000646,i001038,i000661"
u013675,"i000481,i001069,i001952,i000521,i001663,i000909,i000661,i000554,i000342,i000947"
u013692,"i000695,i000058,i001584,i001049,i001688,i001240,i001462,i000401,i001922,i000554"
u013708,"i000481,i001952,i001069,i000909,i000661,i001455,i000521,i000947,i001038,i001663"
u013711,"i000521,i000481,i001069,i000909,i000342,i001952,i000661,i000947,i001663,i000554"
u013720,"i001455,i001952,i001710,i001673,i000481,i001445,i000909,i000661,i000554,i001949"
u013727,"i000481,i000909,i001952,i001069,i000555,i000521,i000324,i000661,i000342,i000554"
u013736,"i000909,i000481,i000521,i000554,i000342,i001952,i000898,i001069,i001922,i001663"
u013739,"i000481,i001069,i001952,i000909,i000521,i000661,i001663,i000554,i000342,i000646"
u013742,"i001069,i000481,i000909,i001952,i000947,i001663,i000521,i000342,i000661,i000207"
u013745,"i000481,i001069,i000695,i000909,i001952,i001663,i001455,i001240,i000661,i000947"
u013747,"i000481,i001952,i001069,i000909,i001445,i000661,i001455,i001038,i001663,i001673"
u013751,"i000481,i001069,i001952,i000909,i000661,i001663,i000521,i001455,i000554,i000695"
u013752,"i001922,i000481,i001952,i000661,i001682,i001455,i000909,i001673,i001663,i002009"
u013754,"i000909,i000481,i001069,i001455,i000554,i001952,i000521,i001445,i000661,i000342"
u013755,"i000481,i000909,i000521,i000342,i001952,i000555,i000324,i001663,i001069,i000661"
u013756,"i001069,i000481,i000909,i001952,i000521,i001663,i000342,i000554,i000947,i000646"
u013761,"i000481,i001952,i000661,i001663,i001069,i000909,i000521,i001038,i000646,i001922"
u013763,"i000481,i000909,i001663,i001240,i000554,i000695,i001952,i001069,i001445,i001922"
u013766,"i000481,i000909,i001069,i000521,i000342,i001952,i000947,i001663,i000324,i000555"
u013768,"i000481,i001069,i001952,i001663,i000521,i000909,i000661,i000554,i000646,i000342"
u013771,"i000481,i000521,i000342,i001952,i000909,i001069,i001922,i001663,i000661,i000554"
u013773,"i000481,i001069,i001952,i001663,i000661,i000521,i000909,i000342,i000947,i000646"
u013776,"i000481,i001069,i001952,i001455,i000909,i000661,i000324,i001922,i001673,i000695"
u013779,"i000481,i001952,i001069,i001663,i000661,i001445,i000554,i001240,i000695,i000909"
u013780,"i000481,i001952,i000898,i000909,i001038,i001069,i001455,i000521,i000555,i000324"
u013785,"i000481,i001663,i001922,i001952,i001069,i000342,i001682,i000521,i000207,i000661"
u013788,"i001069,i000481,i000909,i000947,i000521,i000342,i001952,i001267,i000570,i000661"
u013791,"i000481,i000909,i001952,i000521,i000324,i000555,i001069,i001922,i000342,i000554"
u013794,"i000481,i001069,i000909,i000521,i001952,i000342,i001663,i000947,i000661,i000324"
u013795,"i000481,i000909,i000324,i000555,i001952,i000521,i001069,i000342,i000661,i000898"
u013799,"i000481,i000661,i001952,i000521,i000342,i001663,i001069,i000554,i000646,i000947"
u013801,"i000909,i000481,i001952,i000554,i000521,i001038,i000661,i001445,i001663,i001069"
u013805,"i001952,i000481,i000661,i001663,i001455,i001069,i001478,i001046,i001038,i001445"
u013817,"i001069,i000481,i000909,i001952,i000521,i000661,i001663,i000947,i000324,i000342"
u013818,"i001069,i000481,i000909,i001952,i000521,i001038,i000947,i001663,i000661,i000324"
u013819,"i000481,i001952,i001069,i000521,i000909,i001663,i001478,i000661,i000342,i001038"
u013823,"i000481,i001952,i001069,i000521,i000661,i000909,i000947,i001038,i001663,i000646"
u013825,"i001455,i001673,i001710,i001952,i001445,i000661,i000481,i000554,i001069,i000805"
u013827,"i001688,i000695,i001049,i001584,i000058,i000401,i001462,i001240,i001350,i001778"
u013829,"i000481,i001952,i001663,i000521,i000909,i001069,i000646,i000661,i001038,i000207"
u013830,"i000481,i000909,i000521,i001922,i000555,i001952,i000342,i000554,i001240,i000324"
u013833,"i000481,i001069,i001952,i000909,i001663,i000661,i000521,i000554,i000342,i000646"
u013841,"i000481,i001952,i001663,i001069,i000554,i000661,i001914,i001445,i000909,i001922"
u013865,"i000909,i000481,i001069,i001952,i001663,i000521,i000342,i000947,i000661,i000554"
u013868,"i000481,i000909,i001663,i001952,i001069,i001455,i000554,i000661,i001445,i001240"
u013872,"i000481,i001922,i000909,i000324,i000521,i001240,i000342,i000555,i000898,i000554"
u013873,"i000521,i000481,i001069,i000342,i001952,i000909,i000661,i000947,i001663,i000554"
u013878,"i000695,i001584,i000058,i001688,i001049,i001462,i001240,i001922,i000401,i000829"
u013909,"i001069,i000481,i001952,i000909,i000324,i001663,i001445,i000521,i000661,i001455"
u013911,"i000481,i001069,i001952,i001455,i000695,i000909,i001922,i000661,i001673,i001663"
u013919,"i000695,i000058,i001584,i001049,i001688,i001462,i001240,i000401,i001922,i000931"
u013926,"i001069,i000481,i000947,i000909,i000521,i000342,i001952,i001663,i001267,i000570"
u013928,"i000481,i000909,i001663,i000695,i001952,i001455,i001240,i000661,i001069,i001922"
u013929,"i000481,i001069,i000909,i000324,i001952,i000521,i000342,i000555,i000646,i000898"
u013934,"i000481,i000909,i000324,i001922,i000555,i000521,i001069,i001952,i001240,i000554"
u013936,"i000909,i000481,i000555,i000521,i001952,i000324,i000898,i000342,i000661,i001151"
u013949,"i001688,i000695,i001049,i001584,i001240,i000058,i000401,i001462,i001350,i001922"
u013956,"i001069,i000481,i000909,i001952,i000947,i000521,i001663,i000661,i000646,i000342"
u013960,"i001455,i001673,i001952,i001445,i001710,i001069,i000481,i000554,i000661,i001914"
u013964,"i000481,i001922,i000909,i000695,i001240,i000324,i001455,i000521,i001952,i001663"
u013965,"i000554,i001143,i001952,i000481,i001069,i001455,i000909,i001949,i000661,i001445"
u013974,"i000481,i001069,i000909,i000521,i001952,i000342,i000661,i001663,i000947,i000324"
u013978,"i000481,i001069,i001952,i000909,i000661,i001663,i001455,i000695,i000521,i001922"
u013982,"i000481,i000909,i001240,i000554,i001663,i000695,i001455,i001445,i001922,i001952"
u013983,"i000481,i001069,i000909,i001952,i000661,i000521,i000947,i000342,i001663,i001455"
u013992,"i000324,i000110,i000555,i000898,i000909,i000481,i000327,i000877,i001134,i000521"
u013999,"i000481,i000909,i001663,i001069,i001038,i001952,i000521,i000646,i000661,i001478"
u014008,"i000481,i001069,i001663,i001952,i000909,i000521,i000661,i000342,i000554,i001038"
u014009,"i001069,i000481,i001952,i000947,i000661,i000909,i001663,i000521,i000646,i001445"
u014010,"i000695,i001584,i000058,i000401,i001049,i001462,i001688,i001240,i000829,i001922"
u014011,"i001069,i000481,i000554,i000909,i000661,i000521,i001952,i001445,i001663,i000342"
u014017,"i001069,i000931,i000909,i000481,i000947,i001952,i000554,i000652,i001713,i001455"
u014019,"i001952,i001455,i000481,i001069,i001673,i000661,i001710,i001445,i001663,i000554"
u014023,"i000909,i000481,i001069,i000521,i001952,i000661,i000342,i000947,i001663,i001038"
u014032,"i001069,i000481,i000909,i000947,i001713,i000521,i001952,i000342,i001663,i000931"
u014036,"i001069,i000947,i000481,i000909,i001952,i000521,i001267,i001663,i000342,i000570"
u014041,"i000481,i000909,i001069,i001663,i001952,i000661,i000521,i000646,i000554,i000947"
u014043,"i000481,i001952,i001069,i000909,i000324,i000521,i000555,i000661,i000898,i001922"
u014045,"i001038,i000481,i001952,i001069,i001663,i000646,i000661,i000909,i000521,i000207"
u014057,"i000324,i001952,i001455,i000661,i001516,i000898,i000554,i000110,i000877,i000327"
u014068,"i001922,i002009,i001682,i001335,i001595,i001717,i000006,i001801,i001240,i000956"
u014078,"i001069,i000481,i000909,i000521,i001952,i000947,i000342,i001663,i000661,i000646"
u014080,"i001952,i000481,i001069,i000661,i001663,i001046,i001455,i001038,i000554,i001002"
u014081,"i000481,i000909,i001069,i001952,i001663,i000661,i000695,i000521,i001455,i000554"
u014082,"i000481,i001069,i001952,i000909,i000521,i000947,i001663,i000661,i000342,i000324"
u014089,"i000909,i001069,i000481,i001663,i001952,i000521,i000646,i001445,i001478,i000947"
u014097,"i000481,i000909,i001240,i000554,i001663,i000695,i001455,i001445,i001922,i001952"
u014109,"i000481,i001952,i001069,i000661,i001455,i000909,i000695,i001922,i001663,i000521"
u014112,"i001069,i000481,i001952,i000909,i000931,i001663,i000947,i001455,i001038,i000661"
u014117,"i000695,i001240,i000481,i001049,i001922,i001455,i001914,i001952,i001663,i001069"
u014118,"i000909,i000481,i000521,i000324,i001952,i001069,i000342,i000555,i000554,i000661"
u014133,"i001069,i000481,i000909,i001952,i000947,i001663,i000661,i001267,i000521,i001455"
u014145,"i000909,i000481,i001069,i000521,i000342,i001952,i001663,i001038,i000646,i001478"
u014152,"i000481,i000909,i000695,i001240,i001455,i001445,i000554,i001663,i001049,i001922"
u014153,"i001069,i000481,i000947,i001952,i000909,i000521,i001663,i000661,i000342,i001267"
u014154,"i000481,i001069,i000909,i001952,i001663,i000521,i000661,i000695,i000554,i000342"
u014159,"i001191,i000554,i001445,i001240,i000956,i001143,i001949,i001455,i001673,i001914"
u014164,"i001069,i000481,i000909,i001952,i001663,i001455,i000661,i000695,i000947,i000554"
u014181,"i000481,i000661,i001952,i000521,i001069,i000909,i000947,i000342,i001663,i001038"
u014197,"i000324,i001455,i001445,i000110,i001673,i000554,i000898,i000555,i001952,i000481"
u014208,"i000481,i001069,i001952,i000909,i001663,i001455,i000661,i000947,i001445,i001922"
u014211,"i000481,i000909,i000521,i001922,i000324,i000695,i001240,i001952,i000555,i000342"
u014214,"i000554,i000481,i001952,i001069,i000661,i001143,i001455,i001663,i001949,i000521"
u014217,"i000481,i000909,i001069,i000521,i000342,i001952,i001663,i000324,i000661,i000947"
u014219,"i001478,i001663,i000481,i001069,i000909,i001952,i001046,i001038,i000646,i001445"
u014227,"i000481,i001069,i001952,i000909,i000521,i001663,i000661,i000947,i000342,i000207"
u014230,"i001069,i001508,i001753,i000481,i000909,i000947,i001952,i001906,i000521,i000661"
u014235,"i000481,i001069,i000909,i000521,i001952,i001663,i000947,i001038,i000554,i000661"
u014237,"i000481,i001952,i001663,i001069,i000661,i000521,i001038,i000909,i000646,i000554"
u014241,"i000909,i000481,i000521,i000324,i000342,i001069,i000555,i001952,i000661,i000554"
u014242,"i001753,i001069,i001906,i001508,i000909,i000324,i001927,i000481,i000555,i000325"
u014244,"i000661,i001922,i001151,i001952,i000342,i002056,i001445,i001663,i001026,i000270"
u014246,"i000481,i000521,i000909,i001952,i000342,i000554,i001663,i000661,i001069,i000324"
u014254,"i000909,i000481,i001069,i001663,i000521,i001952,i000661,i001478,i000324,i001038"
u014255,"i000563,i000481,i000521,i001069,i000947,i000342,i001296,i000646,i000661,i001952"
u014256,"i000481,i000909,i001952,i001922,i000661,i000554,i001069,i000521,i001455,i000555"
u014258,"i001069,i000481,i000909,i000947,i001952,i001663,i000661,i000521,i000646,i001478"
u014269,"i000481,i001952,i000661,i001069,i000909,i001455,i000521,i001673,i000947,i000554"
u014271,"i000282,i001151,i001515,i000360,i001682,i001922,i001026,i001320,i000554,i002009"
u014275,"i001069,i000481,i001952,i000909,i000947,i001663,i001508,i000661,i000521,i000646"
u014280,"i001069,i001445,i000481,i001314,i000167,i001663,i000661,i000646,i000554,i001922"
u014284,"i000481,i001922,i001455,i000695,i001952,i000909,i001240,i000554,i000324,i001445"
u014286,"i000324,i000555,i000898,i000110,i000909,i000481,i001069,i000327,i001952,i001134"
u014305,"i000481,i001069,i000909,i001663,i001952,i000695,i000661,i000521,i001240,i000554"
u014312,"i000909,i001069,i000481,i001952,i000661,i001663,i000521,i000695,i000947,i001455"
u014317,"i000481,i000521,i000554,i001240,i001663,i000342,i001922,i000909,i001952,i001069"
u014319,"i000909,i000481,i000521,i001069,i000342,i001952,i000324,i000661,i000554,i001663"
u014326,"i001143,i000554,i000481,i001069,i000909,i001952,i000521,i000342,i000661,i001949"
u014330,"i000481,i000909,i000521,i001069,i000342,i001952,i001663,i000661,i000324,i000947"
u014332,"i000481,i000909,i000521,i000342,i000661,i001952,i001069,i001922,i000324,i000555"
u014333,"i000481,i001952,i000909,i000521,i001069,i000661,i001663,i000342,i001038,i000207"
u014344,"i000481,i000909,i001952,i001069,i000521,i000661,i000342,i000207,i001922,i001038"
u014346,"i000909,i001069,i000481,i000521,i000324,i001952,i001914,i000342,i001663,i000947"
u014352,"i000695,i001240,i001049,i000481,i001922,i001688,i000554,i001445,i001584,i001455"
u014362,"i001952,i000481,i001069,i001455,i001663,i000661,i000909,i001038,i000554,i001673"
u014369,"i001069,i000481,i000909,i001952,i000521,i000324,i000342,i000555,i000947,i001663"
u014385,"i001069,i000481,i000909,i001952,i001663,i000947,i000521,i000695,i000661,i000554"
u014389,"i000167,i001069,i001922,i000481,i000909,i001445,i000554,i000661,i000521,i001952"
u014393,"i001922,i001682,i002009,i001335,i000977,i000481,i000521,i001240,i000006,i000342"
u014395,"i000481,i001069,i000909,i001952,i001753,i001663,i000661,i000342,i000521,i000947"
u014397,"i001801,i001914,i001922,i001445,i001455,i001335,i001240,i000805,i001673,i000661"
u014403,"i001069,i000909,i000481,i000947,i000521,i001952,i001663,i000342,i000646,i001713"
u014404,"i000521,i000342,i000661,i000481,i000947,i000253,i000619,i001952,i000646,i001663"
u014407,"i000481,i001069,i000909,i000521,i001952,i000342,i001663,i000947,i000661,i000646"
u014410,"i001069,i000481,i001952,i000909,i000661,i000521,i001922,i001663,i000947,i000342"
u014411,"i001914,i001649,i001087,i000909,i001455,i000481,i001673,i001445,i000554,i001949"
u014415,"i001069,i000481,i000909,i001952,i000947,i000521,i001663,i000661,i000931,i000342"
u014416,"i000661,i001952,i001069,i000481,i000646,i001663,i001445,i000521,i001046,i000270"
u014427,"i001069,i000481,i000947,i000521,i000909,i000342,i000661,i001952,i001663,i001267"
u014431,"i001069,i000481,i000909,i001952,i000521,i000947,i001663,i000661,i000342,i000554"
u014443,"i000342,i000521,i000909,i000481,i000324,i000555,i000554,i001952,i000661,i001143"
u014445,"i000481,i000909,i001922,i000521,i000661,i001952,i000342,i001663,i000554,i001069"
u014451,"i001952,i000481,i001069,i001455,i000661,i001673,i000554,i001663,i000909,i001445"
u014454,"i001952,i000481,i001455,i001069,i000661,i000554,i001663,i001673,i001046,i000947"
u014459,"i000481,i001069,i000521,i000947,i001952,i001296,i000646,i000661,i001663,i001875"
u014461,"i000481,i001069,i000909,i001952,i000324,i000521,i000555,i000661,i000342,i000947"
u014462,"i000481,i001952,i001069,i000909,i000661,i001663,i000521,i000947,i001455,i000342"
u014465,"i000481,i001952,i001069,i000521,i000661,i000909,i001038,i001663,i000207,i000947"
u014467,"i001069,i000481,i000909,i001952,i000521,i000324,i000342,i001663,i000947,i000661"
u014469,"i001069,i000481,i000909,i001952,i000947,i000661,i000521,i001663,i001038,i001713"
u014483,"i000481,i000521,i001952,i000342,i000909,i001069,i000661,i001663,i000554,i000646"
u014492,"i000481,i000909,i001069,i001952,i001663,i000661,i001455,i001240,i000695,i001922"
u014493,"i000481,i001069,i001952,i000909,i000521,i000342,i000324,i000661,i000947,i001663"
u014496,"i000521,i000481,i000342,i000909,i001952,i000646,i000661,i001663,i001069,i000554"
u014509,"i000661,i001952,i001046,i001069,i001445,i000646,i000481,i001455,i000270,i001673"
u014514,"i000481,i000646,i001069,i001952,i000521,i001663,i000909,i002132,i000661,i001038"
u014515,"i000481,i001069,i001952,i000909,i000521,i000342,i001922,i001663,i000554,i000661"
u014520,"i001069,i000481,i001952,i000909,i000521,i001663,i000661,i000947,i000342,i000554"
u014522,"i000646,i001663,i000481,i000521,i001952,i000661,i000909,i001069,i000554,i000342"
u014525,"i000481,i001069,i001952,i000909,i001663,i001038,i000661,i000521,i001478,i000646"
u014534,"i001952,i000661,i000481,i001069,i000270,i000521,i000646,i000248,i000342,i001455"
u014537,"i001314,i001445,i001663,i000956,i000554,i000661,i000646,i000481,i001952,i001478"
u014538,"i000909,i000481,i001069,i000521,i001952,i001663,i000342,i000947,i000661,i001038"
u014541,"i000521,i000481,i001455,i000909,i000661,i000554,i001952,i001069,i000342,i001673"
u014546,"i001069,i000481,i000909,i001952,i000521,i000324,i000342,i000947,i001663,i000555"
u014553,"i000481,i001069,i000909,i001952,i000521,i001663,i000342,i000947,i000661,i000554"
u014556,"i000909,i000481,i001069,i000324,i000521,i001949,i001952,i000554,i000342,i000898"
u014560,"i001069,i000909,i000481,i000521,i001952,i000947,i000342,i001663,i000661,i000931"
u014562,"i000481,i001069,i001952,i000521,i000909,i000661,i000947,i001663,i001922,i000324"
u014567,"i000481,i001952,i000909,i000661,i000342,i000521,i001478,i001663,i000248,i001069"
u014568,"i001069,i000481,i001952,i000909,i000947,i000521,i001663,i000661,i001445,i000342"
u014573,"i000481,i000909,i001952,i001069,i000521,i000555,i000324,i000661,i000342,i001663"
u014577,"i000481,i000909,i000521,i001952,i000342,i000661,i000554,i001663,i001069,i000646"
u014582,"i000481,i000661,i001952,i000521,i001069,i000909,i000342,i000646,i001663,i001038"
u014583,"i001069,i000481,i000909,i001952,i000947,i000661,i000521,i001455,i001663,i000554"
u014587,"i000481,i001069,i000909,i001952,i000521,i001663,i000947,i000342,i000661,i000646"
u014592,"i001069,i000481,i001952,i000661,i000554,i000947,i001663,i000521,i000695,i001445"
u014602,"i000521,i000342,i000481,i000661,i000909,i001663,i000646,i001952,i000619,i001069"
u014604,"i000481,i001240,i000695,i001688,i000554,i001922,i000956,i001663,i001445,i001952"
u014610,"i000909,i000481,i001069,i001952,i000521,i001663,i001038,i000646,i000342,i000661"
u014615,"i001240,i001922,i000695,i000754,i001786,i002009,i001688,i001049,i001584,i001191"
u014616,"i001922,i000481,i001455,i001445,i001240,i000909,i000554,i000324,i000555,i001914"
u014624,"i000999,i000720,i001455,i001445,i001922,i001710,i000832,i000789,i000282,i001682"
u014629,"i001069,i000909,i000481,i000947,i001713,i001952,i000521,i000342,i000661,i001267"
u014630,"i001462,i000695,i001584,i001049,i000058,i001688,i000401,i000931,i001240,i000360"
u014660,"i001069,i000481,i000909,i001952,i000521,i000947,i001663,i000342,i000661,i000324"
u014662,"i000481,i001069,i001952,i001663,i000909,i000695,i001240,i000521,i000554,i000661"
u014663,"i000554,i001445,i001069,i000481,i000909,i001952,i001455,i001663,i000661,i000342"
u014667,"i000521,i000342,i000481,i000909,i000661,i001952,i000646,i000324,i001663,i000554"
u014676,"i000661,i001952,i000481,i001069,i001663,i000521,i001046,i001002,i001455,i001038"
u014684,"i000481,i001069,i000909,i001952,i000521,i000342,i000947,i000661,i001663,i000324"
u014699,"i000909,i000481,i000324,i000521,i001922,i000555,i000342,i001952,i000898,i000554"
u014701,"i001069,i000481,i000909,i001952,i001663,i000521,i000947,i000554,i000661,i000342"
u014710,"i000661,i000481,i001952,i001069,i000521,i000342,i000646,i001663,i000909,i001038"
u014711,"i001663,i000481,i001069,i001952,i000909,i000646,i000521,i000554,i001445,i000661"
u014713,"i001922,i002009,i000977,i001682,i001240,i001335,i000006,i001801,i000481,i000342"
u014721,"i001069,i000481,i000909,i001952,i000947,i000521,i001663,i000661,i000342,i000207"
u014725,"i000481,i001069,i001952,i000554,i000521,i000947,i000909,i000661,i001663,i001455"
u014727,"i000481,i001952,i001069,i001663,i000521,i000909,i000661,i001038,i000207,i000646"
u014741,"i001069,i000481,i000909,i001952,i000947,i000521,i000661,i001455,i000554,i001663"
u014744,"i000481,i001069,i000909,i001952,i000521,i000342,i000324,i001663,i000661,i001922"
u014751,"i000342,i000481,i001663,i001478,i000661,i000521,i001952,i001046,i001445,i000909"
u014755,"i000481,i001069,i001952,i000909,i001753,i001508,i000521,i001663,i001906,i000661"
u014766,"i001922,i000695,i001240,i001688,i001049,i001584,i000481,i000058,i000909,i000521"
u014771,"i001335,i001682,i001922,i002009,i000200,i001595,i002056,i000282,i001113,i001151"
u014781,"i000481,i000158,i001952,i001069,i001455,i000909,i001663,i001046,i000661,i000646"
u014784,"i001455,i001952,i000481,i001673,i001710,i001445,i001069,i000554,i000661,i000909"
u014795,"i000909,i001069,i000481,i000521,i001952,i000947,i000342,i000661,i001663,i000324"
u014799,"i000481,i000909,i001069,i001952,i001663,i000661,i001922,i000521,i000695,i001240"
u014802,"i001952,i000481,i000661,i000521,i001663,i001069,i001046,i000909,i000554,i001038"
u014829,"i000481,i001069,i000521,i001952,i000909,i000342,i000554,i001663,i000661,i001922"
u014832,"i001922,i002009,i001682,i001240,i001335,i001801,i000977,i001049,i000695,i000006"
u014840,"i000481,i001069,i001478,i000909,i001952,i000521,i001663,i000646,i001038,i000661"
u014843,"i000481,i001069,i000909,i001952,i000695,i001663,i001455,i000947,i000661,i000521"
u014850,"i000481,i001069,i001952,i000521,i000661,i000909,i001663,i001038,i000947,i000646"
u014852,"i001952,i000481,i001455,i000661,i001673,i001069,i001663,i000521,i000554,i000909"
u014855,"i000481,i000521,i001952,i000342,i001069,i001663,i000661,i000909,i000947,i000646"
u014858,"i000481,i000521,i001952,i001069,i001922,i000661,i001663,i000909,i000342,i000646"
u014859,"i000909,i001069,i001663,i001952,i000521,i000481,i001445,i000646,i000661,i000554"
u014861,"i000481,i001069,i000909,i001952,i001753,i001663,i000661,i001508,i000521,i001455"
u014872,"i000481,i001069,i000909,i001952,i000521,i001663,i000947,i000342,i000661,i000554"
u014876,"i000481,i000646,i001069,i001952,i001663,i000909,i001038,i000521,i000661,i001478"
u014884,"i000481,i001069,i000909,i001952,i001663,i000661,i001455,i000521,i000947,i000646"
u014891,"i001069,i000481,i001952,i000909,i000661,i001663,i000521,i000554,i000947,i000342"
u014894,"i000481,i001069,i001952,i000661,i000909,i000521,i001663,i000947,i000342,i000554"
u014900,"i000481,i001922,i001952,i001151,i000282,i001069,i000661,i001515,i000909,i001663"
u014901,"i001663,i001952,i000481,i001478,i001069,i000909,i001046,i000646,i001445,i000661"
u014904,"i001753,i001508,i001906,i000325,i000518,i000977,i001927,i000301,i001065,i000909"
u014915,"i000909,i000481,i000342,i000661,i001952,i001478,i001069,i002146,i001445,i000521"
u014918,"i000481,i001069,i000909,i001952,i001663,i000521,i000947,i000342,i000661,i001922"
u014921,"i001069,i000481,i000909,i001952,i000521,i001663,i000661,i000324,i000342,i000554"
u014925,"i001922,i001682,i002009,i000977,i000481,i001335,i001240,i000661,i001914,i000646"
u014937,"i000481,i000909,i000521,i001952,i001069,i000342,i000555,i000324,i001663,i000661"
u014938,"i000481,i000909,i001922,i001952,i001069,i001663,i000695,i001240,i000661,i001914"
u014940,"i001069,i000947,i000481,i000909,i001952,i000570,i001713,i001663,i000931,i000521"
u014942,"i000481,i001069,i000909,i001952,i000521,i001663,i000554,i000342,i000661,i000947"
u014948,"i000481,i001069,i000695,i001952,i001922,i000909,i001455,i000661,i001673,i000324"
u014949,"i000324,i000555,i000110,i000898,i000909,i000327,i000481,i000877,i001952,i000521"
u014953,"i000481,i001069,i001952,i000909,i000521,i000661,i001663,i001038,i000207,i000342"
u014957,"i001455,i001143,i000481,i000554,i001445,i001952,i000909,i001710,i001949,i001673"
u014958,"i000481,i000909,i000521,i001069,i001663,i000342,i001952,i000661,i000324,i000646"
u014960,"i001922,i002009,i001801,i001335,i000977,i001682,i002056,i000282,i001240,i000695"
u014963,"i001069,i001914,i000481,i000909,i001649,i001087,i001952,i001663,i000554,i001455"
u014964,"i000481,i001952,i001922,i000554,i000661,i000521,i000909,i001663,i001069,i001151"
u014968,"i000481,i001952,i001069,i001455,i000555,i000324,i000909,i001922,i001673,i001710"
u014972,"i001952,i000481,i001069,i000661,i000909,i001663,i001455,i001038,i000521,i000947"
u014979,"i001069,i000481,i000909,i001753,i001952,i000521,i001663,i000947,i000661,i000342"
u014980,"i001151,i000282,i001515,i001026,i001922,i001682,i001320,i002009,i000360,i001335"
u014986,"i001455,i001673,i001710,i001445,i001952,i000805,i000554,i000661,i000968,i001069"
u015006,"i000481,i001922,i001240,i000695,i001952,i001663,i000661,i001445,i001914,i001455"
u015019,"i000481,i001069,i001952,i000909,i000661,i000521,i001663,i000324,i001455,i001922"
u015023,"i000481,i000909,i001069,i000521,i000342,i001952,i001663,i000947,i000324,i000555"
u015026,"i000909,i001922,i000481,i000521,i000342,i001240,i000554,i000324,i000695,i000555"
u015032,"i000481,i000909,i001922,i000521,i001240,i001151,i001952,i001663,i000324,i000695"
u015042,"i000481,i001952,i000661,i001663,i001069,i001038,i000909,i000521,i000554,i001445"
u015053,"i000661,i001922,i000554,i001952,i000521,i000481,i002056,i000342,i000909,i001445"
u015056,"i000909,i000481,i000521,i000324,i000342,i000555,i001952,i001922,i000110,i001663"
u015062,"i000909,i000481,i001069,i000646,i001663,i001952,i000521,i000661,i000342,i001445"
u015068,"i000909,i000481,i001069,i001952,i001663,i000521,i000661,i001038,i001478,i000947"
u015090,"i000695,i001240,i001922,i000481,i001049,i000909,i001688,i001584,i000058,i000521"
u015094,"i001922,i000481,i001952,i000909,i000661,i001914,i000695,i001682,i000324,i001455"
u015095,"i000481,i000521,i000342,i000909,i001952,i000661,i001663,i000554,i000646,i001069"
u015106,"i000481,i001952,i001069,i001663,i001753,i001508,i000518,i000521,i000661,i000909"
u015111,"i001922,i001240,i000909,i000695,i000481,i000324,i000521,i001688,i001049,i000554"
u015112,"i000481,i000909,i001038,i001445,i001663,i001455,i001478,i001952,i001069,i000554"
u015113,"i000909,i000481,i000324,i000554,i000521,i000555,i000342,i001143,i001240,i001949"
u015114,"i000481,i000909,i001069,i000521,i000342,i001952,i001663,i000661,i001922,i000554"
u015117,"i000898,i000324,i000327,i000555,i000481,i000110,i000909,i000745,i000342,i000877"
u015119,"i000481,i001069,i000909,i001952,i001753,i001663,i000521,i000661,i000342,i000947"
u015129,"i001914,i001649,i001069,i000909,i000481,i001087,i001952,i001663,i001455,i000554"
u015131,"i000521,i000481,i000342,i001922,i000909,i000661,i001663,i001952,i000554,i000977"
u015134,"i000481,i000521,i000342,i000909,i001069,i001922,i001952,i001663,i000661,i000554"
u015137,"i000481,i001952,i001663,i000661,i001069,i000554,i000521,i001240,i001455,i000695"
u015149,"i001952,i000481,i001069,i001914,i000661,i001663,i001087,i001046,i000947,i000909"
u015153,"i000898,i000324,i000327,i000555,i000110,i000909,i000481,i000342,i001134,i000877"
u015157,"i000481,i001069,i000909,i000324,i001952,i000521,i000555,i000342,i000898,i001663"
u015162,"i001069,i000481,i001875,i000521,i001952,i000947,i001445,i001455,i000909,i000661"
u015164,"i000481,i001069,i000909,i001952,i000521,i001663,i000947,i000342,i000661,i000695"
u015166,"i001069,i000481,i000909,i001952,i000324,i000555,i000521,i000342,i000898,i001922"
u015167,"i001069,i001445,i000931,i001952,i001663,i000481,i000956,i001713,i001240,i000554"
u015168,"i001069,i000481,i001952,i000909,i000661,i000521,i000947,i001663,i000342,i000324"
u015169,"i001240,i001191,i001786,i000554,i000695,i001922,i001688,i001801,i001949,i000754"
u015172,"i000481,i001922,i000521,i000342,i000909,i000324,i001663,i000661,i001952,i000555"
u015183,"i000481,i001069,i001952,i001663,i000909,i000661,i001038,i001455,i000521,i000947"
u015191,"i001663,i000481,i001069,i001952,i000646,i000521,i000342,i001478,i000909,i000554"
u015192,"i000481,i000909,i001069,i001663,i000695,i001952,i001455,i000661,i001240,i000554"
u015195,"i001240,i001922,i000695,i000754,i001786,i001049,i001688,i002009,i000200,i001584"
u015203,"i000481,i001240,i001922,i000695,i000554,i001663,i001688,i000956,i001952,i001049"
u015208,"i000481,i001663,i001952,i001069,i001478,i001038,i000646,i000909,i000554,i001046"
u015211,"i000695,i001240,i001049,i001688,i001922,i000481,i001584,i000554,i000058,i001455"
u015217,"i000481,i000909,i001952,i001069,i000521,i000342,i001663,i000661,i001478,i000646"
u015224,"i000909,i000342,i000481,i000521,i000661,i001952,i000324,i001663,i000554,i001922"
u015227,"i001688,i000695,i001049,i001584,i001240,i000058,i001350,i001462,i000401,i001922"
u015231,"i001717,i000956,i001191,i001240,i001445,i000554,i001314,i001949,i001049,i001877"
u015235,"i000909,i000481,i001069,i001952,i000521,i001478,i001663,i000342,i001038,i000661"
u015238,"i001922,i001914,i000324,i001240,i001143,i000554,i001087,i001335,i000200,i001786"
u015253,"i000481,i000695,i001922,i001240,i000909,i000521,i001688,i000554,i000342,i001049"
u015264,"i000481,i000521,i000342,i000909,i000661,i000324,i000327,i001952,i000555,i000554"
u015265,"i000481,i000909,i000521,i000342,i001922,i000554,i000661,i000324,i000646,i001952"
u015266,"i000555,i000324,i000110,i000327,i000481,i000898,i000877,i000909,i001134,i000521"
u015272,"i001069,i000481,i000909,i001952,i000555,i000324,i000521,i000342,i001922,i000661"
u015274,"i001069,i000481,i001952,i000909,i001663,i000661,i000554,i000521,i000342,i000947"
u015275,"i000481,i000909,i001952,i000695,i001069,i001663,i000661,i001240,i001455,i000554"
u015280,"i001922,i002009,i001682,i001335,i001595,i000200,i001240,i001801,i000695,i001151"
u015292,"i000909,i000481,i000521,i000342,i000324,i001069,i000555,i001952,i000554,i000661"
u015296,"i001069,i000481,i000909,i001952,i000521,i000947,i000661,i001663,i000342,i000324"
u015299,"i001914,i001922,i000554,i001240,i000661,i001801,i000342,i000909,i001069,i001649"
u015305,"i000695,i001240,i001049,i001584,i001922,i001455,i000481,i000909,i000058,i001914"
u015318,"i001688,i001049,i000695,i001922,i001584,i001240,i001350,i000977,i000058,i001786"
u015342,"i000481,i000521,i001922,i000342,i000909,i001069,i001952,i000554,i001663,i000661"
u015345,"i000481,i001069,i001952,i000909,i000695,i001922,i000521,i001663,i000554,i001240"
u015349,"i000695,i001240,i001922,i001688,i000481,i001049,i001584,i000521,i000909,i000058"
u015351,"i000481,i000342,i001069,i000909,i000521,i000947,i001952,i001663,i000646,i000661"
u015363,"i001069,i000481,i001952,i000661,i000909,i001663,i000521,i001922,i000554,i000947"
u015366,"i000481,i001069,i000909,i001952,i000521,i001663,i000947,i000661,i000342,i000207"
u015374,"i000481,i001663,i001069,i000521,i001952,i000342,i000909,i000661,i000646,i001478"
u015379,"i000481,i001069,i001952,i000661,i000909,i001038,i000521,i001663,i000646,i000342"
u015384,"i000481,i001069,i001952,i001663,i000661,i000909,i001922,i000521,i001914,i000342"
u015386,"i000909,i000481,i000521,i000324,i001952,i000342,i000661,i000555,i000554,i000898"
u015388,"i000909,i001922,i000481,i001240,i000324,i000555,i000521,i000554,i000342,i000695"
u015392,"i000909,i000481,i000521,i001922,i000324,i000342,i000555,i000554,i001952,i001069"
u015393,"i000521,i000481,i001069,i000342,i000909,i001952,i000947,i000661,i001663,i000619"
u015394,"i001922,i000909,i001240,i000481,i000695,i000555,i000554,i000324,i000521,i001151"
u015397,"i001952,i001663,i000481,i000646,i001069,i001478,i001046,i001038,i000661,i002132"
u015399,"i001069,i000481,i000909,i001952,i001663,i000947,i000521,i000695,i000661,i000646"
u015401,"i001455,i000481,i001952,i000695,i001069,i001673,i001922,i000909,i000661,i000555"
u015404,"i000481,i000909,i001663,i001069,i000342,i001952,i000521,i000661,i001478,i001922"
u015411,"i000481,i000909,i001069,i001952,i000521,i000947,i000342,i001663,i000661,i001038"
u015419,"i001952,i001455,i000481,i001069,i000720,i000661,i000554,i001673,i001038,i000947"
u015425,"i000481,i000909,i001069,i001952,i001663,i000661,i000554,i001455,i000521,i001445"
u015426,"i000909,i000481,i000521,i000342,i000324,i001922,i001069,i000282,i000555,i000554"
u015430,"i001151,i000282,i001515,i001922,i001026,i001682,i002009,i001320,i001335,i000555"
u015447,"i000481,i000909,i000521,i001069,i001952,i000342,i000555,i001663,i000324,i000661"
u015449,"i000909,i001922,i000481,i001240,i000324,i000695,i000555,i000521,i000898,i000554"
u015458,"i000481,i001069,i000909,i001952,i000521,i000342,i001663,i001753,i000661,i000947"
u015461,"i000481,i000909,i001069,i000521,i000342,i001952,i000324,i000555,i001663,i001922"
u015465,"i000481,i000521,i000324,i000909,i001922,i001952,i000342,i000898,i000555,i000646"
u015482,"i000324,i000909,i001753,i001906,i000481,i001508,i000555,i001069,i001952,i000898"
u015493,"i001069,i000947,i000481,i001713,i000909,i000570,i001952,i000931,i001267,i001663"
u015494,"i000909,i000481,i001069,i000521,i001663,i001952,i000342,i000661,i000646,i000554"
u015509,"i000324,i000555,i000110,i000481,i000909,i000327,i000898,i000521,i000342,i000877"
u015515,"i000481,i001952,i001069,i000909,i000521,i001038,i000661,i000947,i001663,i000646"
u015517,"i000909,i000521,i000342,i000481,i000324,i000555,i001069,i001952,i000695,i000554"
u015523,"i000754,i001350,i001786,i001688,i001922,i001240,i000554,i000200,i001314,i000695"
u015529,"i001922,i000481,i000661,i000909,i001455,i000521,i000554,i000977,i001663,i001445"
u015538,"i001914,i001649,i001087,i000481,i000909,i001069,i001455,i000554,i001663,i001673"
u015547,"i000555,i000324,i000909,i000481,i000521,i000342,i001069,i000554,i001952,i000110"
u015554,"i000909,i000481,i000521,i000342,i000324,i000555,i001922,i001069,i000554,i001663"
u015555,"i000481,i001038,i001952,i001069,i000909,i000646,i000521,i000661,i000207,i001663"
u015561,"i000481,i001069,i000909,i001952,i000521,i001663,i000661,i000342,i000947,i000554"
u015563,"i000481,i001069,i001952,i000909,i001663,i000521,i000947,i001038,i000661,i000646"
u015566,"i001455,i001952,i001673,i001069,i000481,i000661,i000554,i001445,i001710,i001143"
u015575,"i000695,i001584,i001688,i001240,i000058,i001049,i001922,i001462,i000401,i001786"
u015578,"i000481,i001922,i001952,i000661,i001663,i001455,i000909,i001069,i000695,i001914"
u015579,"i000909,i000481,i000521,i001069,i000342,i001952,i000554,i001445,i000661,i001663"
u015582,"i000909,i000481,i001922,i000521,i000342,i000324,i001663,i001952,i000555,i000554"
u015598,"i001688,i000646,i000695,i001350,i000554,i001584,i001786,i001240,i001663,i000754"
u015599,"i000481,i000909,i000324,i001952,i000555,i001069,i000521,i001922,i000342,i000554"
u015600,"i000481,i000909,i001922,i001069,i001952,i001663,i001240,i000554,i000695,i000521"
u015603,"i000200,i001922,i001240,i001682,i002009,i001786,i001335,i000754,i001595,i001688"
u015611,"i001240,i001922,i000695,i001688,i001786,i000754,i000554,i000481,i001049,i001584"
u015612,"i000695,i001922,i001240,i001688,i001049,i001584,i000909,i001786,i000058,i000754"
u015615,"i000909,i001922,i001240,i000481,i000695,i000554,i000521,i000324,i000555,i000342"
u015616,"i001922,i001240,i000695,i001688,i001049,i000909,i001584,i001786,i000754,i000481"
u015625,"i001922,i000481,i001240,i000554,i000909,i000342,i000521,i000695,i001949,i000324"
u015628,"i000481,i000909,i000521,i000342,i001922,i000977,i001663,i000554,i000661,i000555"
u015634,"i000481,i000909,i001952,i001069,i001663,i000521,i000342,i000661,i001038,i000207"
u015641,"i000481,i001069,i001952,i000909,i001663,i000521,i000554,i000661,i000646,i000342"
u015644,"i000481,i000695,i001952,i001663,i001240,i001069,i001688,i000661,i000554,i000909"
u015650,"i000695,i001688,i001240,i001049,i001922,i001584,i000058,i000754,i000481,i000909"
u015652,"i000481,i001069,i001952,i000909,i000661,i001663,i000947,i001455,i001922,i000521"
u015655,"i001240,i001922,i001786,i000754,i000695,i001191,i001688,i001049,i000554,i001584"
u015659,"i000909,i001922,i000481,i000324,i000521,i000555,i000342,i000695,i001240,i000554"
u015660,"i000909,i000481,i000521,i001922,i001240,i000695,i000554,i000342,i000324,i001688"
u015669,"i000695,i001688,i001240,i001049,i001922,i001584,i000058,i001786,i000754,i000554"
u015687,"i001786,i000554,i000754,i001922,i001240,i001191,i001949,i001350,i000695,i001046"
u015703,"i000909,i000324,i000898,i000481,i000327,i000555,i000110,i000695,i000342,i000554"
u015707,"i000555,i000324,i000327,i000898,i000909,i000481,i000110,i001952,i001069,i001455"
u015708,"i000695,i001240,i001922,i001049,i001688,i001584,i000058,i000481,i000554,i001786"
u015709,"i000481,i001069,i000909,i001952,i001663,i000947,i000521,i000661,i000342,i001922"
u015710,"i001922,i001240,i000695,i001049,i001688,i000909,i001786,i001584,i000754,i000481"
u015713,"i001922,i000481,i000661,i000909,i001069,i001952,i001663,i000521,i001914,i000342"
u015732,"i000481,i000909,i000521,i001069,i000342,i001952,i000324,i001663,i001922,i001038"
u015740,"i001069,i001952,i000481,i000909,i001713,i000947,i000661,i000521,i001663,i000342"
u015742,"i000646,i001663,i000481,i001952,i001445,i001046,i001478,i000909,i001038,i001069"
u015746,"i000481,i001952,i001038,i001069,i001663,i000909,i000646,i000661,i000521,i000207"
u015749,"i000554,i001191,i001240,i001445,i001949,i000909,i000956,i000695,i000652,i001455"
u015752,"i001069,i000481,i000909,i001952,i000947,i001663,i000521,i000661,i000342,i000646"
u015753,"i000324,i000110,i000555,i000898,i000327,i000909,i000481,i000695,i000877,i001134"
u015767,"i000909,i000481,i000521,i000342,i000324,i000555,i001922,i001952,i000554,i000110"
u015773,"i000342,i000521,i000481,i000909,i001069,i000947,i001663,i000661,i000646,i000554"
u015774,"i000481,i000521,i000661,i001952,i001069,i000909,i000342,i001663,i000947,i000646"
u015775,"i000481,i000909,i001069,i001952,i000521,i001663,i000342,i000554,i000661,i000324"
u015780,"i001240,i001922,i000554,i000481,i000342,i001663,i000909,i001914,i000646,i001949"
u015781,"i001922,i000909,i001240,i000481,i000695,i000555,i000554,i000324,i000521,i001151"
u015782,"i000695,i001240,i001688,i000481,i001922,i000909,i001584,i000554,i000058,i000521"
u015793,"i001753,i000481,i000909,i001508,i001069,i001952,i000661,i001663,i001906,i000521"
u015794,"i000909,i000481,i000521,i000342,i001952,i000324,i001663,i001753,i000661,i000555"
u015799,"i001240,i001922,i000695,i000481,i000554,i001688,i000909,i001786,i000754,i001049"
u015803,"i000481,i000909,i000521,i000342,i001952,i000555,i000554,i000324,i001663,i000661"
u015805,"i000695,i001584,i000058,i001462,i001688,i001049,i001240,i001922,i000829,i000401"
u015809,"i001922,i001240,i000695,i000909,i001049,i001688,i000481,i001584,i000754,i001786"
u015810,"i001922,i001240,i000695,i001049,i000909,i001786,i001688,i000481,i000324,i000554"
u015812,"i000695,i001240,i001688,i001922,i001049,i000481,i001584,i000554,i000909,i000754"
u015820,"i001786,i000754,i001922,i001240,i001350,i000554,i001049,i001688,i001191,i000695"
u015823,"i001922,i001240,i002009,i001682,i000695,i001786,i001049,i001335,i000977,i000200"
u015826,"i000481,i001952,i001069,i000521,i000661,i000947,i001663,i000342,i000909,i000646"
u015829,"i000481,i000661,i001069,i001952,i000554,i000521,i001922,i001455,i001914,i001663"
u015834,"i000555,i000324,i000521,i000342,i000481,i000909,i000554,i000110,i001922,i000898"
u015839,"i001240,i001922,i000695,i001049,i001688,i000909,i000481,i001584,i000554,i001786"
u015840,"i000481,i001069,i001952,i001663,i000661,i000909,i000521,i000554,i000947,i000342"
u015861,"i000481,i001922,i000695,i001240,i000909,i000521,i000554,i000324,i001688,i000342"
u015864,"i000695,i001688,i001240,i001049,i001922,i001584,i000058,i002009,i001462,i001786"
u015872,"i002009,i001922,i001682,i001335,i000200,i001240,i001151,i001595,i001113,i000282"
u015876,"i001922,i001240,i000695,i000909,i000481,i001049,i000324,i001584,i001688,i000555"
u015887,"i000898,i000324,i000327,i000555,i000481,i000110,i000909,i000342,i000877,i000745"
u015889,"i001922,i001335,i001682,i001240,i002009,i000200,i000695,i001049,i001801,i001151"
u015892,"i001922,i001240,i002009,i000695,i001049,i001682,i001688,i001786,i001335,i001584"
u015904,"i001922,i000481,i000909,i001952,i000324,i000555,i001455,i000661,i001663,i001673"
u015907,"i000342,i000481,i000521,i001952,i000661,i000909,i001069,i001663,i000646,i000554"
u015908,"i000909,i000342,i000481,i000521,i000661,i001952,i001663,i000555,i000324,i000207"
u015910,"i000324,i000555,i000327,i000898,i000909,i000110,i001134,i001516,i001922,i000481"
u015915,"i000695,i001922,i001688,i001240,i001049,i000481,i001584,i000058,i000521,i000909"
u015934,"i000909,i000481,i000324,i001922,i000555,i001240,i000521,i000342,i000554,i000695"
u015944,"i000695,i001584,i001049,i001688,i000058,i001240,i001922,i000401,i001462,i001350"
u015945,"i000324,i000555,i000110,i000898,i000327,i000909,i001922,i001240,i000481,i000695"
u015953,"i000695,i001240,i001688,i001922,i000909,i001049,i000481,i001584,i000521,i000554"
u015960,"i000324,i000555,i000909,i000481,i000327,i000898,i000521,i000110,i000554,i000342"
u015967,"i001688,i000695,i001049,i001584,i001240,i000058,i001350,i000401,i001922,i001462"
u015968,"i000481,i001922,i000909,i000521,i000342,i000324,i000695,i001240,i000554,i001663"
u015975,"i000481,i001952,i001069,i000909,i000661,i000342,i000521,i001663,i000947,i001455"
u015978,"i000481,i000695,i001240,i001663,i000554,i001952,i001445,i000909,i001191,i001688"
u015988,"i000324,i000555,i000481,i000909,i001922,i000521,i000327,i001753,i000898,i000695"
u015991,"i000695,i000058,i001584,i001688,i001049,i001240,i001922,i001462,i000401,i001786"
u016000,"i000521,i000909,i000342,i000481,i000554,i001922,i001949,i000661,i000646,i001663"
u016010,"i000481,i000695,i001240,i001688,i001922,i000909,i000521,i001049,i000554,i001584"
u016018,"i000481,i001069,i000909,i001952,i001663,i000521,i000646,i000207,i000554,i000342"
u016021,"i000481,i000521,i000909,i001952,i000661,i000342,i000554,i001922,i001663,i000324"
u016031,"i000909,i000481,i001922,i000324,i000342,i000521,i001240,i000555,i000695,i000554"
u016033,"i001240,i001922,i000695,i002009,i001786,i000754,i001584,i001049,i001688,i001191"
u016036,"i000909,i001922,i000481,i000521,i000342,i000324,i000554,i001240,i001949,i000695"
u016041,"i000909,i000481,i000342,i000324,i000521,i001922,i000555,i001240,i000554,i000695"
u016042,"i001240,i000695,i001922,i001049,i000058,i001584,i001688,i000931,i002009,i001682"
u016043,"i001922,i001682,i000200,i002009,i001240,i001335,i001786,i001595,i000695,i001049"
u016044,"i001922,i000695,i001240,i001049,i001688,i001584,i000909,i000058,i001786,i000481"
u016045,"i000695,i001240,i001688,i001922,i001049,i001584,i000058,i001786,i000481,i000554"
u016049,"i001922,i001240,i000695,i001688,i001049,i000909,i000481,i001584,i000324,i000554"
u016057,"i000324,i000555,i000898,i000327,i000110,i000909,i000481,i000877,i001134,i000521"
u016065,"i001922,i001240,i000695,i001049,i000909,i001688,i002009,i001584,i000481,i001786"
u016069,"i000481,i000909,i001069,i000695,i000554,i000521,i001240,i001663,i001952,i000342"
u016073,"i000481,i001952,i001663,i001069,i000909,i001478,i000661,i000521,i000342,i001445"
u016078,"i000481,i001922,i000661,i001952,i001663,i000909,i000521,i001069,i001445,i000554"
u016082,"i001922,i001240,i000695,i001049,i001688,i002009,i001682,i000058,i001786,i000977"
u016088,"i000554,i001922,i001240,i000695,i000481,i000909,i001952,i001949,i001455,i001786"
u016090,"i000282,i001151,i001515,i000360,i001922,i001026,i000555,i001320,i002056,i000317"
u016092,"i000695,i000481,i001240,i001049,i001455,i000909,i001445,i001922,i001663,i000554"
u016098,"i001049,i000695,i001688,i001584,i001922,i001240,i000058,i001462,i000401,i001786"
u016102,"i000695,i001584,i001688,i000058,i001049,i001240,i001462,i001922,i000829,i000401"
u016110,"i000909,i001922,i000481,i000324,i000521,i001240,i000342,i000554,i000555,i000695"
u016113,"i002009,i001922,i001682,i001335,i001595,i001240,i000200,i000006,i001151,i001801"
u016121,"i001717,i001240,i001191,i000956,i000554,i001786,i001688,i001049,i001922,i000695"
u016137,"i000695,i001240,i001688,i001922,i001049,i001584,i000058,i000481,i000554,i000909"
u016142,"i000695,i001922,i001240,i001688,i000481,i001049,i001584,i000554,i000521,i000909"
u016146,"i000695,i001584,i000058,i001688,i001049,i001240,i001462,i000401,i001922,i000829"
u016147,"i000481,i000909,i000342,i001952,i001069,i000521,i000661,i001663,i001478,i000646"
u016160,"i000481,i000909,i001922,i000521,i000695,i001069,i001240,i001952,i000324,i000554"
u016161,"i001922,i001240,i000909,i000695,i000481,i000324,i001049,i000342,i001786,i001688"
u016168,"i001922,i000324,i000555,i000977,i001151,i000909,i000481,i000342,i000521,i000282"
u016170,"i001240,i001922,i000695,i000481,i001688,i000554,i000909,i001786,i000521,i000754"
u016172,"i000909,i000481,i000521,i000342,i001922,i000555,i000554,i000324,i000661,i001663"
u016173,"i000695,i001584,i000058,i001688,i001049,i001462,i001240,i000401,i001922,i000931"
u016176,"i001069,i000481,i001952,i000909,i000661,i000947,i001663,i000521,i001914,i001445"
u016182,"i000481,i000909,i001069,i001952,i000521,i001663,i001038,i000207,i000661,i000342"
u016187,"i000481,i001922,i001952,i000661,i001663,i001445,i000554,i000909,i001069,i001240"
u016188,"i001922,i001240,i002009,i001682,i001786,i000695,i001335,i001049,i000977,i001801"
u016197,"i001240,i000695,i000481,i000909,i001049,i001922,i000554,i001584,i000521,i001949"
u016204,"i001240,i000695,i001922,i001688,i000754,i001584,i001049,i000058,i001786,i001191"
u016205,"i000909,i000481,i000521,i000342,i000324,i000554,i000555,i001663,i001952,i001922"
u016206,"i001922,i000977,i000342,i000909,i000521,i002009,i001801,i000481,i001240,i000554"
u016208,"i000695,i001688,i001584,i001049,i000058,i001462,i001240,i000401,i001922,i000931"
u016211,"i001922,i001240,i001682,i002009,i000977,i000909,i000695,i001786,i000200,i001335"
u016212,"i000909,i000481,i000521,i001922,i000342,i000324,i000554,i000555,i001240,i001952"
u016219,"i000695,i001240,i001688,i001922,i001049,i001584,i000058,i000481,i000909,i000554"
u016224,"i001069,i000481,i000909,i000947,i001952,i001663,i000661,i000695,i000521,i000931"
u016228,"i001922,i001240,i000695,i000909,i000481,i001688,i000324,i001049,i000554,i000555"
u016229,"i001038,i000481,i001952,i001663,i000646,i001069,i000661,i001445,i001478,i001046"
u016235,"i001952,i001455,i000481,i000554,i001673,i000661,i001069,i001663,i001445,i001046"
u016237,"i001069,i000481,i001952,i000661,i001663,i000909,i000521,i000947,i000554,i000646"
u016241,"i000481,i001069,i001952,i000909,i000521,i000661,i000947,i000342,i001663,i001455"
u016243,"i000695,i001584,i000058,i001049,i001688,i001462,i001240,i001922,i000401,i000829"
u016246,"i001069,i000481,i001952,i000909,i000661,i000947,i000521,i001455,i000342,i001445"
u016252,"i000481,i001069,i001952,i001922,i000661,i001455,i000909,i001663,i000521,i000646"
u016255,"i001914,i001087,i001649,i000481,i001069,i001952,i000909,i000324,i001455,i001673"
u016256,"i001682,i001922,i002009,i001335,i001914,i000200,i001240,i001595,i001445,i001455"
u016262,"i000481,i001069,i000909,i001952,i000521,i000324,i000342,i000947,i001663,i000555"
u016273,"i000909,i001069,i000481,i001952,i000342,i000521,i000661,i000947,i001713,i001663"
u016277,"i001455,i001673,i001710,i001445,i000805,i001952,i000554,i001949,i000968,i000661"
u016278,"i001069,i000947,i000481,i001952,i000909,i000521,i000661,i000570,i000931,i001663"
u016279,"i000282,i001515,i001151,i000360,i001922,i001682,i001026,i001335,i002009,i002056"
u016280,"i001455,i001673,i000554,i001710,i001445,i000805,i001949,i001952,i000909,i001143"
u016281,"i000909,i000661,i001952,i000481,i000521,i001455,i001069,i001914,i000554,i001673"
u016285,"i001069,i000481,i001952,i000909,i000661,i001455,i000947,i001445,i000521,i001663"
u016289,"i000481,i001069,i000909,i001952,i001663,i000661,i000695,i001455,i000521,i000646"
u016300,"i000661,i001952,i001069,i001455,i000720,i000947,i000481,i000521,i001922,i001445"
u016303,"i001049,i000695,i001584,i001688,i000058,i001462,i001240,i000401,i001922,i000842"
u016308,"i000481,i001069,i001952,i001663,i000947,i000909,i001038,i000521,i000646,i000661"
u016309,"i000481,i001069,i001952,i000909,i000661,i001663,i001455,i001922,i000947,i000521"
u016310,"i000481,i001069,i001952,i001663,i000661,i000909,i001922,i000521,i001445,i000947"
u016318,"i000481,i000909,i001069,i001952,i001455,i001663,i000661,i000521,i001922,i000947"
u016320,"i001069,i000481,i000909,i001952,i000947,i000521,i001663,i000661,i000342,i001038"
u016323,"i000695,i000058,i001584,i001462,i001049,i001922,i001688,i000931,i002009,i001682"
u016327,"i001240,i001922,i000695,i001191,i000554,i000058,i000754,i000956,i001688,i001584"
u016330,"i001455,i001673,i001710,i001952,i001445,i001069,i000481,i000554,i001949,i000661"
u016334,"i000481,i001069,i000909,i001952,i001663,i000661,i000947,i000521,i001455,i000695"
u016336,"i000481,i001069,i000909,i001952,i001663,i000521,i000947,i000695,i000661,i000342"
u016337,"i001069,i000481,i001952,i000947,i000661,i001508,i001267,i000909,i000342,i000570"
u016357,"i000481,i001069,i000909,i001952,i000521,i000661,i001663,i000947,i001038,i000342"
u016360,"i000977,i001922,i000661,i000521,i000342,i001663,i000481,i000646,i000554,i000518"
u016362,"i001875,i000481,i001069,i000521,i001952,i000618,i000554,i001949,i001455,i000947"
u016364,"i000481,i001952,i001069,i000521,i001663,i000661,i000342,i000947,i000909,i000646"
u016369,"i000481,i001069,i001952,i000909,i001455,i000695,i001922,i000324,i001240,i000555"
u016370,"i001069,i000481,i000909,i001952,i000947,i000661,i000521,i001663,i000554,i001455"
u016377,"i000324,i000555,i000110,i000909,i000898,i001069,i001952,i000481,i001134,i000327"
u016381,"i000481,i001069,i000909,i001952,i001663,i000695,i000947,i000521,i000661,i000342"
u016384,"i000481,i000661,i001952,i001663,i001069,i001455,i000521,i000646,i000695,i001922"
u016385,"i000481,i001952,i001445,i000661,i001069,i001663,i001455,i001046,i000909,i000554"
u016387,"i001952,i001069,i001508,i000481,i001906,i001753,i001455,i000909,i000661,i000947"
u016388,"i000909,i001455,i001069,i000481,i001952,i001673,i000661,i001710,i001445,i000554"
u016393,"i001069,i000481,i000909,i001952,i000521,i000947,i000661,i001663,i000342,i001455"
u016399,"i000695,i001584,i000058,i001049,i001688,i001462,i001240,i000401,i001922,i000931"
u016402,"i001069,i000481,i001952,i000909,i000661,i001663,i000947,i000521,i001455,i001922"
u016404,"i000481,i000661,i001952,i001069,i000521,i000909,i000342,i000947,i001663,i000646"
u016407,"i000481,i001069,i000909,i000521,i000342,i001663,i001952,i000947,i000661,i001478"
u016409,"i000481,i001952,i001046,i001069,i000661,i000909,i000646,i000521,i001455,i001663"
u016411,"i001069,i000481,i000909,i001445,i001952,i000947,i001038,i000661,i001663,i000931"
u016414,"i000481,i001455,i001952,i001445,i000909,i001922,i000661,i001673,i001663,i001069"
u016423,"i000481,i001069,i001952,i001663,i000661,i000521,i000909,i000947,i001038,i000342"
u016425,"i000481,i001069,i000909,i001952,i000521,i000661,i000947,i001663,i001038,i000342"
u016427,"i000324,i000555,i000898,i000110,i000481,i000327,i000877,i001952,i001445,i001455"
u016429,"i001069,i000481,i001952,i000661,i000646,i000947,i000554,i000909,i000521,i001663"
u016442,"i001069,i000481,i001952,i000909,i000661,i001663,i000695,i000947,i001455,i000521"
u016456,"i000481,i001069,i000909,i001952,i000695,i001663,i001455,i000661,i001445,i001240"
u016457,"i000695,i000058,i001584,i001049,i001688,i001462,i001240,i001922,i000401,i000829"
u016458,"i001069,i000481,i001952,i000909,i000661,i000947,i000324,i001922,i001455,i000555"
u016468,"i001069,i000481,i001952,i000909,i001922,i000661,i000555,i000324,i000947,i001455"
u016475,"i000481,i001069,i000554,i000909,i001952,i001663,i000521,i000947,i001949,i001455"
u016479,"i001335,i001922,i001682,i000200,i002009,i001595,i002056,i001801,i001113,i001240"
u016481,"i000931,i001069,i000947,i000652,i000909,i001455,i000570,i000554,i001952,i000481"
u016487,"i001069,i000481,i000909,i001952,i001663,i000661,i000947,i000521,i000342,i001922"
u016489,"i000324,i000555,i000110,i001151,i000327,i000898,i000282,i000877,i001515,i000360"
u016494,"i000481,i000909,i001069,i001952,i000661,i001455,i001922,i000324,i001673,i000521"
u016497,"i000481,i001069,i001952,i000909,i001663,i000661,i000695,i000521,i000947,i000554"
u016508,"i000481,i001455,i000909,i001952,i000695,i001710,i001673,i000661,i001445,i001069"
u016512,"i000481,i001952,i001455,i001922,i000909,i001663,i001914,i000661,i001445,i001069"
u016513,"i000720,i001455,i000832,i001069,i001445,i000554,i001949,i001143,i000481,i001673"
u016515,"i001914,i001087,i001649,i001952,i001673,i000481,i001455,i001663,i000661,i001069"
u016519,"i000481,i001455,i000554,i001922,i000909,i001069,i000695,i001952,i000661,i001663"
u016528,"i000481,i001952,i001069,i000661,i001455,i001922,i001663,i000554,i001445,i000695"
u016532,"i001069,i000554,i001455,i000909,i000481,i001445,i001952,i001753,i000931,i000947"
u016533,"i000481,i001069,i000909,i001952,i000521,i000661,i001663,i000555,i000324,i000947"
u016535,"i001069,i000481,i001952,i000909,i000947,i000521,i001663,i000661,i001713,i000342"
u016536,"i000481,i000646,i001069,i001952,i000909,i001663,i000661,i000521,i001038,i000555"
u016537,"i000481,i001069,i001952,i000661,i001663,i000909,i000947,i000521,i001445,i000646"
u016540,"i000481,i001914,i000909,i001069,i001663,i000554,i000661,i001952,i000342,i001445"
u016546,"i001455,i000481,i000909,i001952,i000661,i001673,i001922,i000324,i000554,i001069"
u016548,"i000481,i001069,i001952,i000909,i000695,i000661,i001455,i001922,i000324,i001663"
u016555,"i000481,i001069,i000909,i001952,i000661,i001922,i001663,i000521,i001455,i000342"
u016566,"i000481,i001663,i001952,i001069,i001478,i001455,i000909,i000646,i000661,i001038"
u016567,"i001069,i000481,i000909,i001952,i000661,i000947,i001455,i000521,i001922,i001663"
u016569,"i001922,i001682,i000695,i001049,i002009,i001240,i001335,i000058,i000200,i001801"
u016573,"i000481,i001949,i000554,i001952,i001455,i001038,i000521,i001445,i000661,i001663"
u016574,"i001069,i000481,i000909,i001952,i001455,i000661,i000324,i000555,i000521,i000695"
u016583,"i000324,i000110,i001952,i000555,i000481,i000909,i000327,i000898,i001069,i001455"
u016601,"i000481,i001952,i001069,i000661,i000909,i001663,i000521,i001038,i001455,i000947"
u016617,"i000481,i000909,i001952,i001069,i001922,i000521,i000555,i000661,i001663,i000324"
u016626,"i000481,i001952,i001069,i000661,i000342,i000909,i001922,i000521,i000282,i001663"
u016629,"i000554,i000909,i001143,i000481,i001455,i000956,i001240,i001922,i001952,i001949"
u016646,"i001455,i001952,i000481,i000661,i001673,i000720,i000909,i001069,i000554,i001710"
u016650,"i000282,i001515,i001151,i001682,i001922,i001069,i000360,i000481,i001335,i001026"
u016656,"i001069,i001952,i000481,i001455,i000661,i000909,i000947,i000720,i001445,i000554"
u016659,"i000481,i000909,i001069,i000521,i001952,i000342,i000661,i001663,i000947,i000646"
u016662,"i000251,i001069,i000931,i000220,i000909,i001445,i000695,i000554,i001455,i001663"
u016671,"i001069,i000481,i001952,i000909,i001663,i000947,i000661,i000521,i000646,i001038"
u016672,"i000481,i001952,i001069,i000909,i000521,i001663,i000661,i001038,i000646,i000947"
u016699,"i001455,i001673,i001710,i001445,i001952,i000805,i000554,i001069,i000931,i000661"
u016704,"i000481,i001069,i001952,i001663,i000909,i000661,i000554,i000695,i000521,i001240"
u016706,"i000909,i000481,i000521,i001069,i001952,i000342,i000324,i001663,i000661,i000554"
u016718,"i001069,i000481,i001952,i000909,i001663,i000661,i000947,i000521,i001455,i001914"
u016724,"i000481,i001455,i001952,i000909,i000695,i001069,i001663,i001240,i000661,i000554"
u016725,"i001069,i000481,i001952,i000909,i000661,i001663,i001922,i000947,i000695,i000521"
u016747,"i001069,i001753,i001508,i001906,i000481,i000947,i001952,i001663,i000909,i000518"
u016748,"i000481,i001663,i001455,i001952,i000909,i001445,i000695,i000554,i001069,i000661"
u016753,"i000481,i000909,i001952,i000521,i000661,i000555,i001663,i000324,i000342,i000554"
u016759,"i001455,i001673,i001710,i001922,i001445,i001952,i000805,i000661,i001682,i000968"
u016762,"i000481,i000521,i001952,i000661,i000909,i001069,i000342,i000947,i000554,i001038"
u016763,"i001069,i000481,i001952,i000909,i001922,i000661,i000324,i001663,i000521,i001455"
u016768,"i000324,i000555,i000898,i001151,i000909,i000327,i000110,i001134,i000877,i000481"
u016777,"i000481,i001069,i000909,i001952,i001663,i000947,i000521,i000342,i000661,i000554"
u016784,"i001069,i000481,i000909,i001952,i000521,i000947,i001663,i000661,i000342,i000646"
u016789,"i000481,i001952,i001069,i001663,i000661,i000909,i000695,i000554,i000521,i001240"
u016792,"i001069,i000481,i000909,i001952,i001663,i000521,i000661,i001455,i000554,i000947"
u016793,"i001952,i000842,i001069,i000947,i001455,i000481,i001143,i000554,i000661,i000931"
u016794,"i001069,i000481,i000909,i001952,i000521,i000947,i001663,i000661,i000342,i000324"
u016798,"i000909,i001952,i001069,i000342,i000481,i000521,i000661,i000947,i000619,i001663"
u016804,"i001445,i001069,i000909,i000481,i001952,i000695,i001663,i000898,i000167,i000931"
u016823,"i001949,i000661,i001455,i000909,i000554,i000481,i001673,i001952,i001445,i000521"
u016824,"i000360,i000829,i000695,i001462,i000282,i001584,i001649,i000058,i001515,i001026"
u016825,"i001335,i001922,i001682,i002009,i000200,i001595,i000282,i002056,i001113,i001801"
u016832,"i000481,i001069,i000909,i001952,i001663,i000661,i000521,i000947,i000342,i001455"
u016836,"i000481,i001069,i000909,i001952,i000521,i000661,i000554,i001455,i000947,i001663"
u016841,"i001069,i001952,i000481,i000947,i000661,i000521,i001663,i001267,i000909,i000646"
u016849,"i000481,i000909,i001663,i000521,i001952,i001069,i000661,i000342,i000554,i001455"
u016850,"i001069,i000909,i000481,i001914,i000947,i001952,i001663,i001649,i000521,i001087"
u016851,"i001922,i000555,i000324,i000481,i001682,i001952,i000909,i001455,i000282,i001335"
u016857,"i000481,i001069,i001952,i001046,i000909,i001663,i000646,i000521,i000661,i001038"
u016859,"i001455,i000554,i001952,i000481,i001673,i001069,i001922,i001949,i001143,i001914"
u016862,"i001069,i000481,i001952,i001663,i000947,i000661,i001914,i001445,i000909,i000342"
u016880,"i000481,i000909,i001069,i001952,i001663,i000661,i001038,i000521,i001455,i001478"
u016881,"i001952,i000481,i001069,i000661,i001455,i000909,i001663,i001673,i001445,i001710"
u016885,"i001455,i001673,i001710,i000805,i001445,i001952,i000554,i000968,i000661,i001949"
u016891,"i001455,i001445,i001952,i001673,i000909,i000661,i001069,i000270,i000481,i001710"
u016892,"i000324,i001455,i001952,i000555,i000481,i001069,i001673,i000661,i001710,i001445"
u016894,"i000481,i001069,i000909,i001952,i000661,i001922,i001663,i000521,i000342,i000947"
u016896,"i000481,i000909,i001069,i001952,i000695,i001663,i000521,i000947,i000661,i001922"
u016899,"i000481,i001069,i001952,i000909,i001455,i000661,i000947,i001663,i001922,i001445"
u016907,"i001069,i000481,i001952,i000909,i000661,i001455,i001663,i000324,i000947,i000695"
u016922,"i000481,i001952,i001922,i001069,i000661,i000695,i001455,i001663,i000909,i001445"
u016927,"i000481,i000695,i001663,i001952,i001240,i000661,i001069,i000554,i000909,i001922"
u016928,"i000481,i001069,i001952,i000909,i000521,i000947,i000661,i000342,i001663,i001922"
u016933,"i001069,i000481,i001663,i001914,i000947,i000909,i000521,i000342,i000661,i001952"
u016934,"i000481,i001069,i000909,i001952,i001663,i001038,i000521,i000661,i000207,i001478"
u016939,"i000481,i001952,i000521,i000661,i001069,i001663,i000646,i000909,i001455,i001038"
u016943,"i001445,i001710,i001455,i001673,i000554,i000898,i000481,i000695,i001922,i001688"
u016944,"i000481,i000909,i001069,i000695,i001952,i001663,i001240,i001455,i000646,i000324"
u016946,"i000481,i000909,i001952,i001069,i000521,i000661,i000324,i000555,i001663,i001455"
u016952,"i001922,i001682,i002009,i001335,i001801,i000695,i001240,i002056,i001595,i000977"
u016955,"i000695,i001049,i001584,i000058,i001688,i001462,i001240,i000401,i001922,i000842"
u016969,"i001753,i000481,i001069,i000661,i000521,i001952,i000646,i001445,i000947,i001663"
u016971,"i000555,i000324,i000909,i001069,i000481,i001952,i001151,i000898,i000110,i000327"
u016972,"i001069,i000947,i000301,i000931,i001753,i001455,i001508,i001952,i000481,i001673"
u016976,"i001069,i000947,i000301,i000931,i001713,i001952,i001445,i000909,i000481,i001508"
u016979,"i000909,i000481,i001069,i000521,i001952,i001663,i000554,i000661,i000342,i001455"
u016984,"i000481,i001952,i000521,i000158,i001069,i000909,i000661,i001663,i000342,i000555"
u016995,"i001069,i000481,i001952,i000909,i000521,i000661,i000947,i000324,i000555,i001663"
u016996,"i001069,i000481,i001952,i000909,i000521,i000661,i001663,i000947,i000342,i000554"
u016997,"i000909,i001069,i000481,i001046,i000521,i000342,i000554,i000661,i001952,i001663"
u017004,"i000481,i001952,i001038,i001069,i001663,i000661,i000646,i000909,i000207,i000521"
u017007,"i001069,i000481,i001952,i001922,i000661,i000909,i001663,i001455,i001914,i000947"
u017012,"i000909,i000481,i001069,i001952,i000521,i001455,i000661,i001663,i001445,i000554"
u017013,"i001455,i001673,i001710,i001445,i001952,i000554,i000805,i001914,i000968,i000661"
u017025,"i001753,i001069,i001455,i001906,i000481,i001710,i001673,i001952,i001508,i000909"
u017029,"i001069,i001952,i000481,i000947,i000661,i000521,i000909,i001455,i001663,i001267"
u017034,"i000481,i001952,i001663,i001069,i000661,i001922,i000521,i000342,i000554,i000909"
u017043,"i000324,i001455,i000909,i001952,i000481,i001673,i001710,i000555,i000898,i001069"
u017050,"i001069,i000481,i000909,i001952,i000521,i000342,i000947,i001663,i000661,i000324"
u017053,"i000481,i001069,i001952,i000909,i000521,i001663,i000947,i001038,i000661,i000342"
u017065,"i001922,i001682,i002009,i000695,i001049,i001335,i001240,i001595,i001801,i000058"
u017070,"i001663,i001069,i000481,i001952,i000646,i000909,i000947,i001478,i000661,i000521"
u017076,"i001069,i000481,i001952,i000909,i000521,i000661,i000947,i001663,i001038,i000207"
u017079,"i000481,i001069,i001952,i000661,i001922,i000521,i000909,i000947,i001663,i000342"
u017097,"i001445,i001191,i000554,i000909,i001455,i001949,i001069,i000481,i001952,i000661"
u017105,"i001069,i000481,i001952,i000909,i001922,i000661,i001663,i000521,i000947,i001914"
u017106,"i001069,i000481,i000909,i001952,i001663,i000947,i000521,i000661,i000554,i000342"
u017108,"i000481,i001069,i001952,i001663,i000521,i000909,i000661,i000342,i001922,i000554"
u017109,"i000554,i001069,i000931,i001455,i000909,i000481,i001952,i001673,i001445,i000947"
u017110,"i001069,i000481,i001952,i001922,i000661,i000909,i001663,i000695,i000521,i001445"
u017112,"i000909,i000481,i001069,i000521,i000342,i000554,i001952,i000661,i001663,i001143"
u017113,"i000481,i001455,i000909,i001952,i000695,i001445,i000554,i001922,i001673,i000324"
u017115,"i001922,i001240,i002009,i001682,i000695,i001335,i001801,i001688,i001151,i000554"
u017118,"i000481,i001069,i001952,i000909,i001663,i000661,i001922,i000521,i000554,i000947"
u017120,"i000481,i001952,i001069,i000661,i000521,i001663,i000909,i001455,i001038,i000554"
u017125,"i001069,i000909,i000481,i000947,i001952,i000661,i000521,i001455,i001663,i000342"
u017129,"i000481,i000324,i000909,i000555,i000521,i001151,i001952,i001922,i000661,i000554"
u017131,"i001069,i000909,i001952,i000481,i000324,i001922,i001455,i000555,i001710,i001673"
u017134,"i001069,i000947,i000481,i000909,i001663,i000521,i000661,i001952,i001267,i000342"
u017141,"i000481,i001455,i000554,i001663,i001673,i001952,i001240,i001949,i001922,i000661"
u017147,"i000481,i000909,i001952,i001455,i001069,i000555,i000324,i001922,i000661,i001663"
u017154,"i001069,i000481,i001952,i000909,i000661,i000947,i000521,i001455,i001663,i001922"
u017157,"i000481,i001069,i001952,i000909,i000521,i000947,i001663,i000661,i000342,i000324"
u017163,"i001455,i001673,i001710,i001952,i001445,i000481,i000909,i001069,i000554,i000661"
u017174,"i000481,i000909,i000554,i001455,i001952,i001663,i000695,i001240,i000521,i000324"
u017186,"i001069,i000481,i000909,i001952,i001038,i001663,i000947,i000646,i001478,i000342"
u017190,"i000555,i000324,i000481,i000110,i001952,i001069,i000327,i000661,i000898,i000909"
u017195,"i001069,i000481,i000909,i001952,i000521,i000947,i001663,i000661,i000342,i000554"
u017204,"i001922,i000324,i001335,i001682,i001151,i000555,i000282,i001134,i002009,i000200"
u017205,"i000481,i000909,i001952,i000521,i000661,i000555,i000324,i001663,i001069,i001922"
u017207,"i001069,i000909,i000481,i001952,i000661,i001455,i001445,i000947,i001713,i000521"
u017216,"i000360,i000282,i001515,i001151,i001462,i000317,i001649,i001113,i000999,i001069"
u017217,"i000481,i001952,i000909,i001663,i001069,i000521,i001455,i001046,i000554,i001478"
u017229,"i000481,i001069,i000909,i000695,i001952,i001663,i001455,i000554,i000661,i001240"
u017231,"i000481,i001663,i000661,i000521,i001922,i000909,i001952,i000695,i001069,i000342"
u017234,"i001069,i000481,i001952,i000661,i000909,i001663,i001922,i001914,i001455,i000554"
u017235,"i001069,i000481,i001952,i000909,i000947,i000661,i000521,i001663,i001038,i000207"
u017239,"i000481,i000909,i001069,i001952,i001663,i000521,i000661,i000342,i000947,i000554"
u017251,"i001069,i000909,i001445,i000481,i000947,i001455,i000661,i001922,i000554,i001952"
u017252,"i001069,i000481,i001952,i000909,i001663,i000947,i000661,i000521,i000342,i000646"
u017257,"i001952,i000481,i000521,i000661,i001069,i001663,i000947,i000646,i000342,i000909"
u017261,"i001952,i000481,i001069,i000661,i001663,i001455,i000909,i001046,i001673,i001038"
u017265,"i001069,i000931,i000909,i000481,i000947,i001952,i001455,i000554,i001663,i001445"
u017269,"i001952,i000481,i001069,i000661,i000909,i001663,i001455,i000521,i001038,i000947"
u017278,"i001069,i000481,i001952,i000909,i001922,i000661,i000324,i000555,i000521,i001455"
u017286,"i000481,i000909,i001952,i001038,i001663,i000521,i000661,i001069,i000646,i001455"
u017291,"i000481,i001069,i000909,i001952,i000661,i001663,i000521,i000947,i000342,i000324"
u017294,"i000282,i001151,i001026,i001515,i001320,i000360,i002056,i001922,i001682,i000909"
u017296,"i000909,i000481,i001069,i001952,i000521,i000342,i000661,i000947,i000555,i000324"
u017298,"i001069,i000481,i001952,i000947,i000909,i000661,i001663,i000931,i000521,i001267"
u017299,"i001069,i000481,i000909,i001952,i000661,i001663,i000521,i000947,i001455,i000324"
u017306,"i001455,i001673,i001710,i001069,i001952,i001445,i000554,i000481,i000909,i001949"
u017314,"i001069,i000947,i000481,i001952,i001267,i000521,i000909,i000661,i000570,i001663"
u017323,"i001069,i001952,i000909,i000481,i000324,i001455,i000555,i000661,i000521,i000947"
u017325,"i001069,i000481,i000947,i000909,i001952,i001663,i000661,i000521,i000931,i001455"
u017330,"i001952,i000481,i000661,i001069,i001663,i000521,i001455,i000646,i001038,i000554"
u017344,"i001952,i000481,i001069,i001046,i000646,i001663,i000661,i000521,i000909,i000947"
u017351,"i000481,i001952,i001455,i001069,i000661,i000909,i000695,i001673,i001663,i001922"
u017357,"i001688,i000695,i001049,i001584,i000058,i001462,i000401,i001240,i001350,i000931"
u017370,"i000909,i000554,i001949,i001914,i001455,i001240,i001069,i000695,i000481,i001673"
u017371,"i000325,i001906,i001508,i001065,i000518,i000252,i000548,i000175,i001711,i001753"
u017379,"i001069,i000481,i001952,i000909,i000947,i000661,i000521,i001663,i000554,i001455"
u017388,"i001922,i001952,i000481,i001069,i000661,i001445,i001455,i000554,i000909,i001663"
u017393,"i001069,i000481,i001952,i001922,i000909,i000661,i000324,i000555,i001663,i001455"
u017395,"i001069,i000481,i001952,i000661,i000909,i001922,i001663,i000521,i000342,i000947"
u017400,"i001455,i001673,i001710,i001445,i000554,i001682,i001922,i000898,i001952,i000481"
u017403,"i001069,i000481,i001952,i000909,i000947,i001663,i000521,i000661,i000646,i000342"
u017407,"i001922,i000481,i001069,i001952,i000695,i000909,i001240,i001663,i000661,i001682"
u017412,"i000481,i001952,i001069,i001922,i000661,i000695,i001663,i001455,i000909,i000554"
u017416,"i001922,i001682,i002009,i001335,i001595,i000695,i000200,i001240,i000977,i001801"
u017419,"i001069,i000481,i000909,i001952,i001663,i000324,i000555,i000661,i001455,i000947"
u017423,"i001069,i001952,i000481,i001914,i000909,i001455,i001663,i000947,i001445,i001673"
u017429,"i001069,i000481,i000909,i001952,i000947,i000521,i000661,i001663,i000931,i000207"
u017431,"i001069,i000909,i001713,i000167,i000481,i000931,i001445,i000947,i001952,i001908"
u017438,"i000481,i001069,i001952,i000909,i000661,i000324,i001922,i000555,i000521,i001663"
u017441,"i000481,i001069,i000909,i001952,i000695,i001922,i000555,i000324,i001455,i001663"
u017445,"i000324,i000555,i001952,i000481,i001069,i000909,i000110,i000661,i000898,i000521"
u017446,"i001069,i001753,i001455,i001445,i000481,i001906,i001952,i001673,i000661,i000909"
u017452,"i000481,i001445,i001038,i001952,i000909,i001069,i001663,i000646,i000554,i000661"
u017466,"i000324,i000898,i000909,i000555,i000481,i000342,i001069,i001952,i000877,i000521"
u017469,"i000909,i001069,i000481,i000947,i001952,i000342,i000521,i000931,i001663,i001914"
u017478,"i001515,i000282,i001151,i000360,i001069,i001026,i000481,i000317,i000555,i001320"
u017479,"i000481,i001069,i000909,i001952,i001922,i000661,i001663,i000521,i000695,i000554"
u017484,"i000481,i001069,i001952,i001922,i000909,i000661,i001914,i001663,i001455,i000521"
u017493,"i000324,i000555,i000110,i000327,i000898,i000909,i001134,i001952,i000481,i000877"
u017501,"i000481,i001922,i000695,i001240,i001455,i001049,i001663,i001952,i000661,i000554"
u017502,"i000481,i001069,i000909,i001952,i000695,i001663,i000661,i001455,i000521,i001240"
u017503,"i001069,i000481,i000909,i001952,i000695,i001663,i001455,i000661,i001240,i000947"
u017508,"i000481,i001069,i001952,i000909,i000521,i001663,i000661,i000554,i000947,i000342"
u017510,"i001455,i000554,i001673,i001445,i001949,i000481,i001710,i001952,i000661,i001143"
u017523,"i001069,i000481,i000947,i000909,i001952,i000521,i001663,i000661,i000931,i001267"
u017525,"i001069,i000481,i000909,i001952,i000947,i001663,i000661,i000521,i000695,i001455"
u017532,"i000481,i000521,i000909,i001952,i000661,i000342,i001455,i001069,i001922,i001038"
u017534,"i001069,i000947,i001952,i000481,i000909,i000931,i001267,i000521,i000661,i001663"
u017542,"i000481,i001952,i001069,i000661,i001455,i001663,i000909,i000521,i000554,i001046"
u017560,"i000481,i001069,i000909,i001922,i001952,i000661,i001663,i000521,i001455,i000554"
u017563,"i001069,i000481,i000947,i001952,i000909,i001663,i000661,i000931,i000521,i001445"
u017564,"i000481,i001069,i001952,i000521,i000909,i000661,i001663,i000342,i001922,i000947"
u017574,"i001455,i001952,i001673,i001445,i001710,i000554,i001069,i000481,i000661,i000931"
u017577,"i000481,i001952,i001663,i000661,i001455,i001922,i001445,i000695,i001069,i001914"
u017581,"i000481,i001069,i000909,i001952,i001663,i000947,i000661,i000521,i000342,i000554"
u017582,"i000481,i000909,i001952,i000521,i001069,i000661,i000342,i001663,i001922,i000324"
u017586,"i001914,i000909,i001087,i001649,i001069,i000481,i001445,i000554,i001952,i001663"
u017599,"i001069,i000947,i000720,i001455,i000661,i000301,i000909,i001952,i000481,i000931"
u017612,"i001952,i000481,i001069,i000909,i000661,i001663,i000521,i000947,i001455,i001038"
u017617,"i000909,i000481,i001069,i000521,i001952,i000661,i000342,i000947,i001455,i001914"
u017618,"i001069,i000481,i001952,i000909,i000947,i000661,i000521,i001663,i000931,i001455"
u017619,"i001069,i000481,i000947,i000909,i001952,i000554,i000931,i000661,i001914,i001663"
u017620,"i001069,i000481,i000909,i001952,i000521,i000947,i000342,i000324,i001663,i000555"
u017624,"i000909,i001069,i000481,i001952,i000661,i001455,i000521,i000554,i000931,i000947"
u017631,"i001069,i001952,i000481,i000661,i000909,i001455,i000947,i001663,i000521,i001922"
u017639,"i001049,i000695,i001462,i000058,i001584,i001922,i001688,i000401,i001240,i000842"
u017644,"i000909,i000481,i001069,i000661,i001952,i000324,i001478,i001445,i001663,i000342"
u017645,"i000646,i000481,i001663,i001952,i000661,i001069,i001038,i000909,i000521,i001445"
u017647,"i001069,i000947,i000909,i001952,i000481,i000931,i000661,i001713,i000521,i000570"
u017655,"i000481,i001508,i001753,i001069,i001952,i000909,i000521,i000661,i001663,i001038"
u017659,"i001069,i000481,i001952,i000909,i000661,i001455,i001922,i001663,i001673,i000324"
u017662,"i000481,i001069,i001952,i000909,i001663,i000521,i000661,i001038,i001478,i000207"
u017665,"i000481,i001069,i000909,i001952,i001922,i000342,i000661,i000521,i001663,i000947"
u017666,"i001069,i001952,i000661,i001906,i001508,i000481,i001753,i001455,i000909,i001673"
u017674,"i000481,i001455,i001952,i001922,i000661,i001069,i000695,i000909,i001673,i001445"
u017678,"i001952,i001069,i000481,i000661,i000909,i001455,i000947,i000342,i001445,i001663"
u017694,"i000324,i000555,i000909,i000327,i000898,i000110,i001455,i000481,i000554,i001673"
u017696,"i000481,i001069,i001952,i001663,i000909,i000521,i000661,i000342,i000947,i001038"
u017697,"i000481,i000695,i000909,i001240,i000554,i001922,i000324,i001952,i001663,i000521"
u017698,"i000481,i001069,i001952,i000909,i001663,i000661,i000521,i000554,i000646,i000947"
u017700,"i000324,i000555,i000898,i000110,i000327,i000909,i000481,i001134,i001952,i001914"
u017705,"i001914,i001649,i001087,i001069,i000909,i001455,i000481,i001952,i001673,i001445"
u017708,"i000481,i001952,i000909,i001069,i000521,i000661,i001663,i000342,i001455,i000947"
u017709,"i000481,i001952,i000909,i000521,i000661,i001069,i001922,i001663,i000342,i000555"
u017712,"i000481,i000909,i001069,i001952,i000324,i000555,i000521,i000661,i000342,i000110"
u017720,"i001069,i000909,i001713,i000481,i001952,i000947,i001663,i000521,i000661,i000931"
u017724,"i000695,i001584,i000058,i001049,i001688,i000401,i001462,i001240,i000652,i000842"
u017729,"i000481,i001069,i000909,i001952,i000521,i001663,i000342,i000947,i000661,i000324"
u017734,"i000646,i000481,i001663,i001952,i000909,i001038,i001478,i000661,i000521,i001069"
u017748,"i000481,i000909,i001952,i001069,i000661,i001663,i000695,i000521,i001922,i001455"
u017753,"i001952,i000481,i001455,i000661,i001069,i001673,i001663,i001038,i001046,i000646"
u017754,"i001069,i000947,i000481,i001952,i000909,i000931,i001663,i001267,i001445,i000661"
u017755,"i001914,i001069,i001649,i000481,i000909,i001455,i001087,i001952,i001673,i001663"
u017766,"i001069,i000481,i000909,i001952,i001663,i000947,i000521,i000342,i000661,i000554"
u017767,"i000481,i001069,i000909,i001952,i000521,i001663,i000342,i000947,i000661,i000324"
u017768,"i000481,i001069,i001952,i000909,i000646,i000661,i001663,i000555,i000324,i000521"
u017769,"i000481,i001952,i000661,i001069,i000695,i001922,i001663,i001455,i001914,i001688"
u017776,"i000909,i000481,i001069,i000521,i000342,i001952,i000947,i001663,i000661,i000646"
u017780,"i000481,i001069,i001952,i001663,i000521,i000646,i000909,i000661,i000947,i001038"
u017794,"i001455,i001952,i000661,i001673,i001710,i000481,i000554,i001445,i001069,i001002"
u017798,"i000909,i000481,i001069,i001922,i001952,i000521,i000324,i000555,i001663,i000342"
u017801,"i001069,i000481,i000909,i001952,i001663,i000947,i000521,i000695,i000661,i000554"
u017807,"i001069,i000481,i000909,i000947,i001952,i001663,i000521,i000661,i000646,i001267"
u017809,"i001949,i001455,i000554,i000481,i001673,i001952,i001445,i001069,i001663,i000909"
u017816,"i001069,i000909,i000481,i000947,i001713,i001952,i000521,i000661,i000342,i000931"
u017821,"i001240,i001922,i000695,i001191,i001688,i001049,i001584,i000554,i000058,i002009"
u017826,"i000481,i001069,i001952,i000909,i001663,i000661,i000521,i000342,i000554,i000947"
u017831,"i000481,i001069,i000521,i000909,i001952,i000661,i000342,i000947,i001663,i000554"
u017845,"i001069,i000947,i000481,i000521,i000909,i000342,i001952,i000570,i001267,i001663"
u017855,"i001069,i000481,i000909,i001952,i000947,i000521,i001663,i001713,i000342,i000661"
u017856,"i001949,i000554,i001191,i000521,i000481,i001952,i000652,i001069,i001875,i001240"
u017857,"i001069,i000481,i000909,i001952,i001922,i001663,i001445,i000661,i001455,i000521"
u017865,"i000481,i001069,i001952,i000521,i000661,i000646,i001663,i001038,i000947,i000158"
u017866,"i000481,i001952,i001069,i000909,i000661,i001663,i000521,i000947,i001038,i001455"
u017870,"i001914,i001649,i001087,i000481,i001069,i001455,i000909,i000554,i001952,i001673"
u017876,"i001069,i000481,i001952,i000947,i000909,i000521,i000661,i001663,i000931,i001445"
u017877,"i001069,i000947,i000481,i001952,i000661,i000909,i000521,i001267,i001663,i000342"
u017878,"i001069,i000481,i000909,i001952,i000521,i001663,i000947,i000342,i000661,i000646"
u017883,"i000909,i000481,i000521,i000554,i001952,i001069,i001663,i000661,i000342,i000555"
u017886,"i001069,i000947,i000481,i001952,i000661,i001189,i000521,i001663,i000570,i000909"
u017889,"i000695,i001049,i001584,i000058,i001688,i001462,i000401,i001240,i001922,i000842"
u017891,"i000481,i001069,i001952,i000661,i000521,i000909,i001663,i000342,i000947,i000646"
u017899,"i000661,i000481,i001952,i001069,i001038,i001663,i000521,i000909,i001455,i001445"
u017904,"i000481,i000521,i000661,i001952,i001069,i000909,i000554,i001663,i000342,i000947"
u017905,"i001069,i000481,i000909,i001952,i000947,i000661,i000521,i000324,i001663,i000555"
u017906,"i000481,i001952,i001069,i000909,i001663,i000521,i000661,i001038,i000947,i000646"
u017909,"i001949,i000481,i000521,i001952,i001455,i000909,i000554,i001069,i001143,i000947"
u017921,"i001952,i001069,i000481,i000909,i000661,i001455,i000521,i000947,i001663,i001445"
u017923,"i000661,i000481,i001952,i000521,i001069,i000342,i000554,i001143,i000947,i001455"
u017929,"i001069,i000481,i000909,i001952,i000521,i000947,i001663,i000342,i000661,i000324"
u017930,"i000481,i000521,i000909,i001663,i001069,i001952,i000342,i001922,i000661,i000554"
u017951,"i001069,i000481,i000909,i001952,i000521,i000947,i001663,i000342,i000661,i000324"
u017952,"i000481,i001069,i001952,i001663,i000909,i000661,i000521,i000554,i001455,i001922"
u017953,"i000481,i001069,i000909,i001952,i000947,i001663,i000521,i000661,i000342,i000695"
u017956,"i001069,i000481,i001952,i000661,i000909,i001663,i000947,i000521,i000554,i000646"
u017959,"i001069,i000481,i001952,i000909,i000661,i001663,i000947,i000521,i001455,i000554"
u017966,"i000481,i001069,i001952,i000521,i000909,i001663,i000342,i001038,i000207,i000947"
u017968,"i001069,i000481,i001952,i000909,i001663,i001478,i000521,i000342,i000661,i000947"
u017971,"i001922,i001455,i000481,i001952,i001682,i000909,i001673,i000324,i001069,i001710"
u017972,"i001952,i000481,i001069,i001663,i000661,i000646,i000909,i000521,i001038,i000947"
u017974,"i000481,i001069,i001952,i000909,i000661,i000521,i001455,i000554,i000947,i001038"
u017976,"i000324,i000555,i000110,i000909,i000481,i001069,i000898,i001952,i000327,i000661"
u017992,"i001069,i000481,i001952,i000947,i000661,i001663,i000909,i000521,i000931,i000646"
u017993,"i000481,i001069,i000909,i001952,i001663,i000695,i000947,i000521,i000661,i000554"
u017999,"i001445,i001069,i000909,i001922,i001191,i001143,i000554,i000481,i001914,i001949"
u018003,"i001069,i000481,i001952,i000947,i000909,i001663,i000661,i000521,i000931,i001455"
u018009,"i000481,i001069,i000909,i001952,i001663,i000695,i000947,i000521,i000661,i000554"
u018012,"i001952,i000481,i001069,i001663,i000661,i000947,i001038,i000521,i001455,i001046"
u018016,"i001069,i000481,i000909,i001952,i000947,i000521,i000661,i001455,i001663,i000695"
u018031,"i000481,i001952,i001922,i000661,i000909,i000521,i001069,i001663,i000554,i000695"
u018036,"i001069,i000947,i000481,i000521,i001952,i000342,i000909,i001663,i000661,i001267"
u018042,"i001069,i000481,i000909,i001952,i001663,i000661,i000521,i000947,i001455,i000342"
u018043,"i000481,i000695,i001455,i001952,i001069,i000909,i001673,i001240,i001663,i001710"
u018050,"i000481,i001952,i000695,i001069,i001663,i000661,i001240,i000554,i000909,i001445"
u018055,"i000481,i001069,i000909,i001663,i001952,i000521,i000554,i000661,i000342,i001922"
u018062,"i000282,i001069,i001515,i001151,i000360,i000481,i001952,i000909,i000555,i001445"
u018064,"i000481,i001069,i001952,i000909,i000661,i001663,i000521,i001922,i000947,i000342"
u018067,"i000481,i001069,i000909,i001952,i001663,i000947,i000661,i000521,i000646,i000554"
u018071,"i001455,i001673,i001710,i001445,i001952,i000805,i000554,i000968,i001682,i000661"
u018078,"i001069,i000481,i000909,i000947,i001952,i000521,i001663,i001713,i000342,i000661"
u018084,"i000909,i000481,i001069,i000521,i001663,i000695,i001952,i000661,i001455,i000342"
u018102,"i000481,i001069,i001952,i000521,i000909,i001663,i001508,i001753,i000661,i000342"
u018117,"i001922,i001335,i000282,i002056,i000481,i001682,i001151,i000977,i001801,i000661"
u018120,"i000481,i001069,i000909,i001952,i001663,i000947,i000661,i000521,i000342,i000554"
u018127,"i000481,i001069,i000909,i000554,i001949,i001038,i001455,i001445,i000661,i001952"
u018129,"i000481,i000909,i001663,i001952,i001455,i000554,i000695,i001069,i001922,i000646"
u018141,"i000481,i001069,i000909,i001952,i000521,i001663,i000342,i000947,i000661,i000646"
u018142,"i000481,i001952,i001069,i001922,i000661,i001455,i000695,i001663,i001445,i000554"
u018143,"i001952,i000661,i000481,i001455,i001069,i001445,i000342,i000947,i001663,i000521"
u018149,"i000481,i000909,i001069,i001952,i000521,i000661,i000342,i000947,i001663,i001038"
u018150,"i000481,i001069,i001952,i000661,i000909,i001922,i000521,i001455,i000947,i001663"
u018153,"i001914,i001649,i001087,i001455,i001673,i001445,i001710,i001949,i000554,i000481"
u018154,"i001069,i000481,i000909,i000947,i001952,i001663,i000521,i000661,i000646,i001038"
u018159,"i000481,i001069,i000909,i001952,i000521,i001663,i000342,i000947,i000661,i000554"
u018160,"i000481,i001952,i000521,i001922,i000661,i000909,i000282,i001663,i001151,i001069"
u018166,"i000481,i001952,i000661,i001069,i000909,i000521,i000554,i001663,i000342,i001922"
u018173,"i000481,i001069,i001952,i000909,i000342,i000521,i001663,i000661,i001922,i000947"
u018174,"i000481,i001069,i001952,i000661,i000909,i001663,i001922,i001455,i000554,i000521"
u018180,"i001922,i000481,i001445,i001455,i000661,i001952,i001663,i001240,i000554,i001914"
u018182,"i001455,i001673,i001952,i000909,i000481,i001914,i000554,i001710,i000324,i000661"
u018183,"i001069,i001952,i000481,i000661,i001663,i000521,i000947,i000909,i000342,i001038"
u018194,"i001952,i000481,i001663,i001069,i000661,i001046,i001478,i001455,i000646,i001038"
u018196,"i000481,i001952,i001069,i000342,i000521,i001663,i000646,i000661,i000909,i000947"
u018197,"i000481,i001952,i001069,i000695,i000909,i001455,i001663,i000661,i001922,i001240"
u018200,"i000909,i000481,i001069,i000521,i001952,i000342,i000947,i000661,i001663,i000207"
u018201,"i000481,i001069,i001952,i001663,i000909,i000661,i000521,i000554,i000646,i000342"
u018202,"i001508,i001753,i000481,i001069,i001952,i000909,i000661,i001906,i001455,i001673"
u018216,"i000909,i001069,i001914,i000481,i001649,i001713,i000947,i001952,i001087,i001753"
u018220,"i001069,i000481,i000947,i001952,i000661,i000909,i000521,i001663,i000554,i001455"
u018222,"i001069,i000481,i000909,i001952,i000521,i001663,i000947,i000342,i000646,i000661"
u018228,"i000481,i001069,i000909,i001952,i000521,i000947,i000342,i001663,i000661,i000554"
u018229,"i000931,i001069,i000554,i000251,i000909,i001445,i000652,i001143,i001455,i000947"
u018232,"i000324,i000555,i001952,i000909,i000481,i001069,i000898,i000110,i001151,i000282"
u018241,"i000909,i001069,i000481,i000521,i000342,i001952,i000947,i000324,i001663,i000661"
u018243,"i000481,i001296,i000521,i001069,i001952,i000947,i000661,i001663,i000618,i001875"
u018253,"i000481,i001069,i001952,i001663,i000909,i000661,i000521,i001922,i000947,i000342"
u018261,"i001069,i000481,i000909,i000521,i000342,i001952,i000947,i000324,i001663,i000555"
u018262,"i000481,i001038,i001069,i001952,i000909,i000646,i001663,i000661,i000521,i000207"
u018265,"i001069,i000481,i000909,i001952,i001663,i000521,i000947,i000661,i000342,i000554"
u018267,"i001069,i000481,i000947,i000909,i000521,i001952,i000661,i000342,i000570,i001663"
u018268,"i001069,i000481,i000909,i001952,i000947,i001914,i001663,i000521,i000342,i001267"
u018270,"i000481,i000909,i001069,i001952,i000521,i000661,i000342,i000947,i001663,i001455"
u018276,"i001069,i000481,i000909,i001952,i001663,i000661,i001455,i000521,i000947,i001445"
u018279,"i001069,i000481,i000909,i001952,i000947,i001663,i000521,i000661,i000342,i001038"
u018284,"i000481,i000695,i001455,i001445,i000554,i001240,i001663,i001049,i001952,i000909"
u018287,"i000481,i001952,i001069,i000909,i000661,i000521,i001663,i000947,i001038,i001455"
u018288,"i000481,i000909,i001069,i000342,i000521,i001663,i001952,i000661,i000947,i000646"
u018300,"i000481,i001069,i001952,i000661,i000909,i000521,i001663,i000947,i000342,i000554"
u018309,"i000481,i001069,i000909,i001952,i001663,i000947,i000661,i000521,i000342,i000646"
u018312,"i000521,i001069,i000481,i000342,i000947,i000563,i001952,i000661,i000619,i001296"
u018316,"i000481,i001069,i001952,i000661,i001663,i000521,i000909,i000554,i000646,i001445"
u018318,"i000909,i000481,i001069,i001952,i000521,i000661,i001663,i000947,i000342,i000324"
u018324,"i001069,i000481,i000909,i001952,i000521,i001663,i000661,i000947,i000342,i000554"
u018326,"i000481,i001069,i000909,i000521,i001952,i001663,i000661,i000342,i000947,i001922"
u018329,"i000481,i000909,i001663,i001069,i001952,i000521,i000554,i000695,i001240,i000342"
u018337,"i001069,i000481,i000909,i001952,i000521,i000947,i000661,i000342,i000555,i001663"
u018338,"i001952,i001069,i000481,i000909,i000521,i000661,i000342,i000646,i000554,i001663"
u018348,"i001069,i000481,i000947,i001952,i000909,i000521,i001663,i000661,i000342,i001267"
u018349,"i001069,i000481,i000909,i001952,i000947,i000661,i000521,i001663,i001455,i000324"
u018354,"i001069,i000481,i000909,i001952,i000521,i001663,i000661,i000947,i000342,i000554"
u018356,"i001922,i000481,i001952,i000661,i001069,i001663,i000521,i001445,i000554,i001455"
u018362,"i001069,i000481,i000909,i001952,i001663,i000521,i000661,i000947,i000646,i000342"
u018364,"i000481,i001069,i000909,i001952,i000521,i001663,i000554,i000947,i000661,i001143"
u018366,"i001455,i001673,i001949,i001445,i000554,i001191,i001710,i001914,i000805,i000481"
u018377,"i001240,i000695,i000058,i001584,i001049,i001688,i001922,i000401,i001462,i000931"
u018380,"i000324,i000555,i000909,i000110,i000898,i001069,i000481,i000327,i001952,i001134"
u018384,"i000481,i001069,i001952,i000909,i001663,i000342,i000521,i000947,i000661,i000207"
u018419,"i000481,i001069,i001952,i000909,i000521,i001922,i000324,i001663,i000646,i000661"
u018420,"i001069,i000481,i000909,i000521,i000342,i001952,i000947,i000324,i000555,i001663"
u018422,"i001455,i000481,i001952,i001069,i000909,i001673,i001922,i000695,i000661,i001710"
u018435,"i000481,i001069,i000521,i000909,i001952,i000342,i000661,i000947,i001663,i000554"
u018438,"i000695,i001584,i000058,i001049,i001688,i001462,i001240,i000401,i000829,i001922"
u018440,"i001069,i000481,i000909,i001952,i001663,i000695,i000521,i001922,i001455,i000661"
u018448,"i000481,i000909,i001069,i001952,i000695,i001663,i001455,i001240,i000661,i001922"
u018454,"i001455,i001922,i000324,i001673,i000481,i001445,i001710,i000555,i000695,i000909"
u018458,"i000481,i001069,i000909,i001952,i001663,i000947,i000521,i000661,i000695,i000342"
u018460,"i000646,i001663,i000481,i001069,i000661,i001952,i000521,i001046,i000909,i001445"
u018461,"i001069,i000909,i000481,i001952,i000947,i000521,i001663,i000661,i001713,i000646"
u018462,"i000481,i001069,i001952,i001663,i000909,i000521,i000646,i000661,i001038,i000947"
u018463,"i001240,i000695,i001049,i001584,i001922,i000058,i001688,i001191,i000554,i001682"
u018474,"i001069,i000481,i000909,i001952,i000521,i000342,i000947,i001663,i000661,i000646"
u018475,"i000481,i001069,i000909,i001952,i001663,i000661,i000947,i001455,i000521,i000695"
u018480,"i001069,i000481,i000947,i000521,i001952,i000909,i000661,i001663,i000570,i000646"
u018487,"i001069,i000481,i000909,i001952,i000521,i000342,i000947,i001663,i000661,i000324"
u018497,"i000481,i001069,i001952,i000661,i000909,i001663,i000947,i001922,i000521,i000554"
u018500,"i001069,i000909,i000481,i001952,i000324,i000521,i000555,i000342,i000947,i001663"
u018502,"i000481,i000521,i001069,i000909,i000342,i001952,i001663,i001922,i000554,i000661"
u018523,"i001069,i000481,i000947,i000909,i001952,i000521,i000661,i001663,i000931,i000342"
u018539,"i000481,i001952,i001069,i001663,i000521,i000661,i000646,i000909,i000947,i000342"
u018540,"i001069,i000909,i000481,i001952,i000661,i000947,i001455,i001663,i000521,i000554"
u018541,"i000481,i001069,i000909,i001952,i000521,i001663,i000342,i000661,i001922,i000554"
u018557,"i001069,i000481,i000909,i001952,i000521,i000947,i000661,i001663,i000342,i000324"
u018561,"i001914,i001649,i001087,i001673,i001455,i001710,i001069,i001922,i001952,i000909"
u018562,"i001069,i000909,i000481,i001952,i001455,i000695,i000947,i001673,i000324,i000661"
u018577,"i000481,i001069,i000909,i001952,i000521,i000947,i001663,i000342,i000661,i000554"
u018585,"i000481,i000909,i001069,i000695,i001663,i001952,i000661,i001240,i000521,i001922"
u018595,"i000481,i001952,i001038,i001069,i000661,i000521,i001663,i000646,i000909,i000947"
u018597,"i001069,i000481,i000909,i001952,i000947,i000661,i001663,i000521,i000342,i000554"
u018599,"i000481,i000695,i001455,i001240,i001922,i000909,i001952,i000554,i001663,i001049"
u018609,"i001069,i000481,i000909,i001952,i000521,i001663,i000947,i000342,i000324,i000554"
u018611,"i001069,i000481,i001952,i000909,i000661,i000521,i000324,i000342,i000947,i001922"
u018612,"i000554,i000481,i001069,i000909,i001455,i001143,i001949,i001445,i000521,i000931"
u018620,"i000481,i001069,i001952,i000909,i001663,i000521,i001038,i000646,i000661,i000207"
u018622,"i000481,i000909,i001069,i001952,i001663,i000521,i000947,i000661,i000554,i000646"
u018628,"i001069,i000481,i001952,i000909,i000324,i000521,i000661,i000555,i000947,i001663"
u018637,"i000555,i000324,i001151,i000282,i000909,i000481,i001515,i001069,i001952,i001922"
u018657,"i001952,i000481,i000554,i000661,i001455,i001046,i001069,i000342,i001663,i000521"
u018670,"i000481,i001069,i000909,i001952,i001663,i000521,i000947,i000661,i000342,i000554"
u018679,"i000720,i000999,i001069,i000481,i001952,i000832,i000661,i001455,i001922,i001445"
u018682,"i000481,i001952,i001069,i000909,i000521,i001663,i001038,i000661,i000947,i000342"
u018683,"i000342,i000909,i000481,i001069,i000521,i001952,i000661,i000947,i001663,i000248"
u018691,"i000481,i001069,i000909,i001952,i001663,i000947,i000521,i000342,i000661,i000554"
u018705,"i000481,i000909,i001069,i001663,i001952,i000661,i000521,i000695,i001478,i000342"
u018707,"i000909,i001069,i000481,i001753,i001952,i000661,i001663,i001445,i000342,i000521"
u018719,"i001922,i001455,i000481,i001952,i000909,i001673,i001069,i000661,i000695,i000324"
u018720,"i000661,i001069,i000909,i000481,i000521,i001952,i000270,i000646,i000342,i001445"
u018725,"i000909,i000481,i001069,i001914,i001649,i001663,i000554,i001952,i000521,i001087"
u018734,"i001069,i000481,i000909,i001952,i000521,i000661,i000947,i000324,i000342,i001663"
u018741,"i000909,i000481,i001069,i001952,i000661,i000521,i001455,i001663,i000342,i000947"
u018742,"i000555,i000909,i001952,i000324,i000661,i001069,i000481,i001673,i001455,i001710"
u018743,"i001069,i000481,i001952,i000909,i000661,i000521,i001663,i000947,i000342,i000554"
u018748,"i001455,i001673,i001710,i001445,i001952,i000661,i000805,i000720,i000481,i001922"
u018749,"i000481,i001069,i000909,i001952,i000661,i000947,i001663,i001455,i000521,i000554"
u018752,"i000481,i001952,i000695,i001663,i001240,i000554,i000661,i001922,i001445,i001069"
u018754,"i001069,i000481,i001952,i000909,i000661,i000324,i000521,i000555,i000947,i000342"
u018757,"i001069,i000481,i000909,i000695,i000947,i001952,i000661,i001914,i000521,i000554"
u018759,"i000324,i000555,i000110,i000898,i000909,i000327,i000481,i000877,i001134,i001952"
u018762,"i001069,i000481,i000909,i001952,i001663,i000947,i000661,i001455,i000521,i000695"
u018764,"i000481,i000909,i000695,i001455,i001240,i001922,i000324,i000554,i001445,i001952"
u018769,"i001069,i000481,i001952,i000947,i000909,i000521,i000661,i001663,i000342,i000931"
u018776,"i000481,i001069,i000909,i001952,i001663,i000947,i000521,i000661,i000342,i000646"
u018783,"i000481,i001952,i001069,i001663,i000661,i001914,i000909,i000521,i001922,i000342"
u018785,"i000481,i001922,i001952,i000661,i001069,i000909,i001663,i001914,i000554,i001455"
u018786,"i001069,i000481,i000947,i000909,i001952,i000661,i000521,i001663,i000342,i001445"
u018801,"i001069,i000909,i000481,i000521,i001952,i000324,i000555,i000342,i000947,i000554"
u018805,"i000481,i001069,i001952,i000909,i001663,i000661,i000947,i000521,i000342,i000554"
u018806,"i000481,i000909,i001952,i000521,i000324,i001069,i001922,i000555,i000342,i000554"
u018813,"i000481,i001663,i000342,i001952,i001069,i000947,i000521,i000661,i001949,i001267"
u018814,"i001069,i000481,i000909,i000947,i001952,i000521,i001663,i000342,i001713,i000661"
u018815,"i000481,i001069,i000909,i001952,i001663,i000661,i000521,i001922,i001455,i000342"
u018824,"i000481,i001952,i000661,i001069,i000909,i000521,i001038,i000554,i001663,i001455"
u018827,"i000909,i000481,i000521,i000342,i000324,i001069,i001952,i001922,i001663,i000555"
u018830,"i001069,i000481,i000909,i001952,i000521,i000947,i000342,i000661,i001663,i000324"
u018831,"i000324,i000555,i001069,i000909,i000481,i000110,i001952,i000898,i000327,i000521"
u018834,"i000481,i001069,i000909,i001952,i001663,i000521,i001478,i000342,i001445,i001038"
u018835,"i000481,i000909,i001069,i001952,i001663,i001455,i000661,i000695,i001445,i001240"
u018838,"i001663,i000481,i001952,i000646,i001478,i001069,i001038,i001445,i000554,i000661"
u018840,"i001069,i000301,i001906,i000947,i000931,i001753,i001508,i001713,i000325,i000570"
u018854,"i000481,i000909,i001069,i001952,i000521,i001663,i001038,i001478,i000342,i000661"
u018875,"i000481,i001069,i000909,i000521,i001952,i000342,i000947,i001663,i000661,i000207"
u018877,"i001952,i000481,i001069,i000909,i000661,i001455,i000521,i001038,i001663,i001046"
u018889,"i000695,i000058,i001584,i001049,i001688,i001462,i001240,i000401,i001922,i000829"
u018890,"i000481,i001663,i001952,i001069,i000646,i000661,i001478,i000521,i000909,i001038"
u018892,"i000324,i000898,i000555,i000481,i000110,i001952,i000909,i001069,i000877,i000327"
u018898,"i001069,i000909,i000481,i000947,i000521,i001952,i000342,i000661,i001713,i001663"
u018901,"i001663,i000481,i001069,i001952,i000646,i000909,i000521,i001478,i000342,i000947"
u018902,"i001069,i000481,i001952,i000909,i000661,i000324,i001455,i000521,i000554,i000555"
u018903,"i000909,i000481,i001069,i001952,i000521,i001663,i000661,i000342,i000947,i000554"
u018905,"i001069,i000481,i000909,i001952,i000521,i000947,i001663,i000342,i000661,i000324"
u018910,"i000909,i000481,i001069,i001952,i001663,i001478,i000342,i000521,i000661,i001038"
u018916,"i000909,i000481,i000521,i000342,i001069,i001952,i000554,i000661,i001663,i000555"
u018920,"i000481,i001069,i001952,i000695,i000909,i001663,i001455,i001240,i000661,i000554"
u018932,"i000324,i000555,i000898,i000110,i000909,i000481,i000327,i000877,i000521,i001151"
u018937,"i001875,i001753,i001508,i001455,i001673,i001069,i000481,i001952,i000661,i000947"
u018947,"i000909,i000481,i000324,i000521,i000555,i001952,i000661,i000342,i001069,i000554"
u018952,"i001069,i000947,i000481,i001952,i000931,i000909,i001663,i000661,i001445,i000652"
u018954,"i000481,i000909,i001069,i000521,i000342,i001663,i001952,i000947,i000554,i000207"
u018958,"i001508,i001753,i000325,i001906,i000518,i001927,i000301,i001069,i000548,i001065"
u018963,"i000481,i000909,i001069,i001952,i001663,i000695,i000521,i001455,i000661,i000554"
u018968,"i000481,i001952,i000909,i001069,i001663,i001038,i000661,i000521,i001455,i000646"
u018977,"i000481,i000521,i000909,i001069,i001663,i001952,i000342,i000661,i000554,i000646"
u018978,"i000481,i001952,i001445,i001478,i001069,i001455,i001663,i000661,i000909,i001038"
u018982,"i000481,i001069,i000909,i001952,i000521,i001663,i000947,i000342,i000661,i000554"
u018983,"i001069,i000481,i000909,i000947,i001952,i001663,i000521,i000661,i000646,i001267"
u018990,"i001922,i002009,i001240,i001682,i000695,i001335,i001049,i001786,i000200,i000977"
u018991,"i000481,i001455,i001069,i001952,i000909,i001914,i000661,i001673,i000521,i001445"
u018998,"i000481,i000909,i000695,i001240,i001952,i001663,i000554,i001455,i001922,i001445"
u019002,"i000555,i000324,i000481,i000909,i001069,i001952,i000521,i001663,i000554,i000342"
u019003,"i000661,i000481,i000342,i001663,i001046,i000646,i001952,i000521,i001445,i001478"
u019016,"i001240,i001922,i000695,i001688,i002009,i001682,i000554,i001191,i001584,i001335"
u019029,"i000481,i001038,i001069,i001952,i000521,i000646,i000909,i000661,i001663,i000947"
u019033,"i000481,i001952,i000521,i000554,i000661,i000342,i000909,i001663,i001069,i001143"
u019034,"i001069,i000481,i000909,i001952,i000521,i000947,i000342,i001663,i000324,i000207"
u019037,"i001069,i000947,i000521,i000481,i000661,i001267,i000909,i000342,i001952,i001663"
u019038,"i000909,i000481,i001069,i001952,i000521,i000342,i000661,i000947,i000324,i001663"
u019043,"i001445,i001455,i001922,i000661,i001682,i001673,i000805,i001710,i001952,i001753"
u019044,"i000481,i001069,i001952,i000661,i000909,i001922,i000521,i001663,i000947,i001455"
u019048,"i001682,i001922,i002009,i001335,i001151,i001595,i000200,i000282,i002056,i001240"
u019053,"i000481,i001069,i001922,i001952,i001663,i000909,i000661,i000521,i000342,i000554"
u019056,"i000481,i002132,i001069,i001952,i000646,i000661,i001038,i000158,i001046,i001663"
u019059,"i000909,i000481,i001069,i001952,i000661,i001914,i000554,i000521,i001663,i000342"
u019062,"i000909,i000481,i000695,i001663,i001069,i001049,i001240,i001478,i000554,i001455"
u019067,"i000481,i001069,i000909,i001952,i000521,i000947,i000661,i000342,i000554,i001663"
u019073,"i000481,i001922,i000909,i000661,i001952,i001069,i000521,i000695,i001455,i001663"
u019076,"i000909,i000481,i001663,i000661,i001952,i001478,i001069,i001445,i000342,i000521"
u019078,"i001069,i001753,i000481,i001508,i000909,i001906,i000521,i001952,i000342,i000661"
u019082,"i000342,i000661,i001069,i000521,i000481,i001952,i000646,i000947,i000619,i001267"
u019084,"i001455,i001673,i001710,i001445,i001952,i000554,i000805,i000481,i000661,i001914"
u019090,"i000324,i000555,i000909,i000481,i001455,i001952,i001069,i000110,i000898,i000661"
u019098,"i000324,i000555,i000909,i001069,i000481,i001952,i000898,i000110,i000521,i000661"
u019108,"i001069,i000481,i001663,i000909,i001952,i000521,i000947,i000646,i001478,i000342"
u019112,"i000481,i000521,i001952,i000342,i001069,i000661,i000909,i001663,i000947,i001038"
u019117,"i000481,i000909,i001069,i000521,i001952,i000342,i000947,i001663,i000324,i000661"
u019120,"i001952,i000481,i000661,i001069,i001663,i001038,i000521,i001046,i000909,i000947"
u019123,"i000324,i000555,i000110,i000909,i000898,i000481,i000327,i001952,i000521,i000877"
u019124,"i000481,i001455,i000695,i001663,i001445,i001673,i001240,i001069,i000909,i001049"
u019134,"i000481,i001069,i000909,i001952,i000521,i001663,i000947,i000342,i000661,i001038"
u019141,"i001069,i000481,i001952,i000909,i000521,i000661,i001663,i000947,i000324,i001922"
u019143,"i000481,i001069,i000909,i001952,i000695,i001663,i000947,i000661,i000521,i001455"
u019144,"i000481,i000521,i001952,i000661,i000909,i000342,i001663,i001922,i000554,i001069"
u019150,"i000481,i000909,i001952,i000521,i001069,i000342,i000324,i000555,i000661,i001663"
u019155,"i000481,i001069,i000909,i001952,i000521,i001663,i000947,i000342,i000661,i000554"
u019158,"i001455,i001710,i001673,i000805,i001445,i000695,i000968,i000554,i001949,i000720"
u019162,"i000481,i001069,i000909,i001952,i001663,i000661,i001455,i000554,i000646,i000521"
u019165,"i000481,i001069,i000909,i000521,i001952,i000342,i001663,i000947,i000661,i000207"
u019166,"i001069,i000481,i000661,i001952,i000521,i000909,i000554,i001445,i000947,i000342"
u019167,"i000481,i001069,i000909,i001952,i001663,i000695,i000947,i000521,i000661,i000554"
u019171,"i000481,i001952,i000342,i000661,i001663,i000521,i000909,i001069,i000554,i001478"
u019181,"i001069,i000481,i001952,i001922,i000909,i000695,i000661,i001455,i001663,i000947"
u019182,"i001663,i000481,i001952,i000646,i001478,i001069,i001038,i000521,i001046,i001445"
u019190,"i000481,i001753,i001952,i001922,i001663,i001455,i000661,i001069,i000695,i001445"
u019198,"i001069,i000481,i000909,i000947,i001952,i000521,i001663,i000342,i001713,i000661"
u019199,"i000521,i000481,i000661,i000342,i000947,i001069,i001952,i000909,i001296,i000619"
u019201,"i001922,i001682,i002009,i000977,i001240,i001335,i000695,i001801,i000200,i000481"
u019206,"i000481,i001952,i001069,i001038,i000909,i000521,i000207,i001663,i000646,i000661"
u019207,"i000481,i000909,i000521,i000342,i001069,i001952,i001922,i001663,i000661,i000646"
u019210,"i001069,i000521,i000909,i000661,i001952,i000481,i000324,i000342,i000555,i000646"
u019211,"i000521,i000481,i001069,i000909,i000342,i001952,i000661,i000947,i001663,i000646"
u019213,"i000481,i001069,i000909,i000521,i001952,i000342,i000947,i001663,i000661,i000554"
u019214,"i000481,i001069,i001952,i000909,i000661,i001663,i000554,i000521,i000342,i000947"
u019216,"i001069,i000947,i000481,i000521,i000342,i000909,i001952,i000661,i000570,i001267"
u019227,"i001069,i000481,i000521,i000909,i001952,i000947,i000342,i000661,i000570,i001663"
u019230,"i000481,i001069,i001952,i001663,i000342,i000521,i000661,i000947,i000909,i000646"
u019231,"i000695,i001584,i000058,i001688,i001049,i001462,i001240,i001922,i000401,i000931"
u019235,"i000324,i000898,i000327,i000110,i000909,i000555,i000481,i001134,i001952,i000521"
u019236,"i000282,i001151,i001515,i000554,i001143,i000360,i001069,i001445,i001922,i001335"
u019244,"i001069,i000481,i001952,i000947,i000909,i001445,i000661,i000931,i001663,i000521"
u019247,"i001069,i000909,i000481,i000661,i000947,i000521,i001445,i001663,i000324,i000554"
u019253,"i000481,i001069,i000909,i001952,i001663,i000695,i000947,i000521,i000661,i000554"
u019254,"i001914,i001649,i001087,i000909,i000481,i000554,i001455,i001445,i001922,i001240"
u019256,"i001069,i000481,i000909,i001952,i000947,i001663,i000521,i001713,i000661,i000931"
u019257,"i001069,i000481,i000947,i000909,i001952,i000521,i001663,i000342,i001267,i000661"
u019258,"i001069,i000947,i000481,i000909,i001952,i001663,i000521,i001267,i000342,i000661"
u019280,"i001875,i000618,i000481,i001069,i000521,i001952,i001949,i001455,i000947,i001673"
u019288,"i000481,i001922,i000554,i000521,i001069,i001663,i001952,i000661,i000909,i001240"
u019291,"i000909,i000481,i001922,i000324,i000521,i000555,i000342,i001952,i001240,i001069"
u019292,"i001069,i000481,i000909,i001952,i000324,i000521,i000661,i000947,i001663,i000342"
u019300,"i000481,i001069,i001952,i000909,i001663,i000661,i000521,i000947,i001038,i000646"
u019306,"i001069,i000481,i000909,i001952,i001663,i000521,i000947,i000342,i000661,i001455"
u019307,"i000481,i000554,i001952,i001663,i001922,i001445,i001240,i000661,i000646,i000521"
u019314,"i000481,i000909,i001069,i000521,i000342,i001952,i001663,i001038,i000646,i000324"
u019315,"i000481,i001069,i001952,i001663,i000909,i000554,i001240,i000521,i000661,i001922"
u019316,"i000481,i001069,i000909,i001952,i000695,i001663,i001455,i001240,i000554,i000521"
u019325,"i000521,i000481,i000661,i000342,i000554,i001952,i000909,i001455,i001445,i001663"
u019339,"i000481,i001663,i001069,i001952,i000646,i001038,i000521,i000909,i000661,i000207"
u019341,"i000481,i000909,i001069,i001952,i001455,i001663,i001478,i000521,i000661,i001445"
u019344,"i000481,i000521,i001069,i000342,i000909,i001663,i000554,i001952,i000661,i001922"
u019349,"i000481,i000521,i001069,i001952,i000342,i000909,i001663,i000661,i001922,i000554"
u019351,"i000481,i000342,i001663,i001445,i000521,i000909,i000554,i001949,i001069,i001952"
u019356,"i000956,i001717,i000554,i001191,i001314,i001240,i001445,i001786,i001143,i001922"
u019358,"i001069,i000481,i000909,i001952,i000947,i000521,i001038,i001663,i000661,i000646"
u019359,"i001753,i001508,i000481,i000909,i001906,i000325,i001663,i001069,i000518,i001455"
u019363,"i000481,i000521,i000909,i001952,i000661,i000342,i000554,i001069,i001663,i001922"
u019367,"i001445,i000661,i000481,i001455,i001952,i001069,i001673,i000909,i001663,i001314"
u019369,"i000481,i001069,i000695,i000909,i001952,i001455,i001663,i001240,i000554,i001445"
u019372,"i000481,i001952,i001478,i000661,i001663,i001069,i001038,i000554,i000909,i001046"
u019374,"i001914,i001649,i001087,i000909,i000481,i001069,i001673,i001455,i001445,i001663"
u019381,"i001952,i000481,i001069,i001455,i001663,i000554,i000661,i001445,i000909,i001673"
u019385,"i000909,i000481,i001069,i000324,i000521,i001952,i000342,i000555,i001663,i000554"
u019391,"i001952,i000481,i001069,i000646,i001663,i000661,i001038,i001046,i000521,i000909"
u019395,"i000481,i001069,i001952,i000909,i000521,i001663,i000661,i000342,i000947,i001038"
u019398,"i000481,i000646,i001663,i000521,i001952,i000661,i001038,i000909,i001069,i000342"
u019405,"i000909,i001069,i000931,i000947,i000342,i001445,i001455,i000554,i000481,i001663"
u019420,"i000481,i000909,i001952,i001663,i000661,i000521,i001069,i000695,i000342,i001445"
u019425,"i000554,i001455,i000481,i001949,i001143,i001445,i000521,i001952,i000956,i001922"
u019429,"i000481,i001069,i001952,i001663,i000554,i000521,i000909,i000661,i000646,i000947"
u019434,"i001478,i000481,i001952,i001663,i001455,i000909,i001445,i001069,i000661,i001038"
u019442,"i000695,i001240,i000481,i001688,i001922,i000521,i000909,i000554,i000342,i001952"
u019447,"i000481,i001952,i001069,i001949,i000646,i001046,i001663,i000521,i001445,i001038"
u019461,"i000481,i000521,i000909,i000554,i001952,i001663,i000661,i001069,i000342,i001143"
u019475,"i000481,i000909,i000324,i001952,i000555,i001069,i000521,i000661,i001455,i000342"
u019478,"i000481,i001069,i001952,i000521,i002132,i001038,i000646,i000909,i001663,i000158"
u019479,"i000909,i000481,i000521,i000342,i001069,i001952,i000324,i000555,i001663,i000661"
u019492,"i001069,i000481,i000909,i001952,i000521,i000947,i000342,i001663,i000661,i000324"
u019499,"i000481,i001069,i000909,i001952,i000521,i001663,i000324,i001922,i000554,i000646"
u019501,"i001069,i000481,i000909,i000521,i001952,i001663,i000947,i000342,i000661,i000646"
u019506,"i001455,i001445,i000481,i000695,i001673,i000554,i000661,i001688,i001710,i001952"
u019508,"i001682,i001922,i002009,i001335,i001595,i001240,i000200,i002056,i001151,i000554"
u019518,"i001069,i000481,i000947,i000570,i000521,i000909,i001952,i000342,i001267,i000661"
u019519,"i000909,i001069,i000481,i000521,i001952,i001663,i000947,i000342,i000661,i001038"
u019525,"i001922,i002009,i001682,i001335,i001595,i000006,i001801,i000200,i001151,i001717"
u019530,"i000481,i001069,i001952,i000909,i000661,i001455,i001663,i000947,i001922,i000521"
u019533,"i000931,i001069,i000909,i001455,i000947,i001952,i001673,i001445,i000481,i000554"
u019535,"i000481,i001455,i001952,i000661,i001663,i000695,i001069,i001922,i001445,i001240"
u019542,"i000909,i000481,i001069,i001952,i000342,i000521,i000324,i001663,i001922,i000661"
u019544,"i000481,i001069,i000909,i001952,i001663,i000947,i000661,i000521,i001455,i000342"
u019547,"i001914,i001143,i000554,i001952,i000481,i001922,i001240,i001649,i001445,i001455"
u019559,"i001753,i000481,i001508,i000909,i001455,i001906,i001952,i001673,i001069,i000661"
u019560,"i001069,i000481,i000909,i001952,i000947,i000521,i001663,i000661,i001713,i000342"
u019575,"i000898,i000481,i000324,i000909,i000327,i001952,i001069,i000110,i000342,i000555"
u019577,"i001952,i000481,i001455,i001663,i001038,i000661,i001069,i001478,i001710,i001673"
u019603,"i001069,i000167,i000481,i000909,i001922,i000554,i001445,i000521,i001952,i000999"
u019607,"i000481,i001952,i001069,i001663,i000661,i000342,i000521,i000554,i000909,i000695"
u019615,"i000324,i000555,i000909,i000481,i000110,i000521,i000342,i001069,i001952,i001151"
u019616,"i000554,i001949,i001455,i000481,i001191,i001143,i000521,i001952,i001445,i001673"
u019624,"i001663,i000481,i001952,i001478,i000646,i001069,i001038,i001046,i001445,i000909"
u019627,"i000481,i001952,i000661,i001069,i000342,i000521,i000909,i001663,i000947,i000207"
u019629,"i000481,i001069,i001952,i001663,i000661,i000521,i000909,i000342,i000554,i001922"
u019632,"i000481,i000521,i000554,i000661,i001952,i001663,i000909,i000342,i000646,i001069"
u019634,"i001069,i000481,i000909,i000947,i001952,i000521,i001663,i000342,i000661,i001267"
u019639,"i000481,i000695,i000521,i000909,i000554,i001922,i001663,i001240,i001952,i001949"
u019640,"i001455,i001673,i001710,i001914,i001445,i000968,i000554,i000805,i001949,i001143"
u019647,"i000481,i001952,i000661,i001069,i000521,i000554,i000342,i001663,i001455,i001445"
u019649,"i001952,i001455,i001445,i001069,i000554,i001143,i001949,i000661,i000931,i001673"
u019655,"i001069,i000481,i000909,i001952,i000521,i000947,i000661,i000646,i000207,i001663"
u019658,"i000481,i000909,i001069,i001952,i000695,i001663,i000661,i001240,i000554,i001455"
u019660,"i000481,i000909,i001069,i000521,i001952,i000342,i000947,i001663,i000661,i000554"
u019665,"i001069,i000481,i000909,i001952,i000521,i000947,i000342,i001663,i000324,i000207"
u019666,"i000909,i000481,i001069,i000521,i001663,i001952,i001038,i000646,i000661,i001478"
u019689,"i000481,i001952,i001038,i001069,i000521,i000661,i001663,i001046,i000342,i000909"
u019696,"i001922,i001682,i002056,i001335,i001801,i002009,i001595,i000554,i000200,i000977"
u019701,"i001049,i000695,i001688,i001584,i001922,i000058,i001240,i001462,i000401,i000977"
u019711,"i001069,i000481,i000909,i000521,i001952,i000947,i000342,i001663,i000661,i000646"
u019712,"i001240,i000695,i001049,i001877,i001584,i001688,i000058,i001191,i000931,i000554"
u019716,"i000909,i001069,i000481,i001952,i001663,i000521,i000661,i000947,i001038,i000342"
u019720,"i000481,i000909,i000521,i000342,i001069,i001952,i000661,i001663,i000324,i001038"
u019733,"i000909,i000481,i000646,i001663,i000342,i000521,i000661,i001478,i001069,i001952"
u019737,"i001069,i000481,i000947,i001952,i000521,i000661,i000909,i000342,i000570,i000554"
u019738,"i000481,i001069,i001952,i000661,i000521,i001922,i000909,i000947,i000342,i001663"
u019743,"i000282,i001151,i001515,i001320,i002056,i001026,i000360,i001922,i001682,i001801"
u019744,"i000481,i000521,i000342,i001952,i001069,i001663,i000909,i000661,i000554,i001922"
u019755,"i000720,i000832,i000909,i000324,i000521,i000481,i000999,i001069,i000282,i000646"
u019756,"i000481,i001069,i000909,i000521,i001952,i000342,i001663,i000947,i000661,i000554"
u019770,"i001069,i000481,i000947,i000909,i001952,i001663,i000521,i000661,i000646,i000342"
u019783,"i001046,i001455,i001445,i001952,i000481,i000661,i001673,i001038,i001710,i000646"
u019786,"i000481,i000909,i000324,i000521,i001922,i000555,i000342,i001069,i001952,i000554"
u019794,"i001445,i000554,i001069,i001455,i001314,i000661,i001952,i000481,i000956,i001949"
u019809,"i001069,i000481,i000909,i001952,i000521,i001663,i000342,i000947,i000324,i000661"
u019811,"i000481,i001069,i000909,i000521,i001952,i000342,i001663,i000947,i000324,i000661"
u019820,"i001038,i000481,i001952,i001663,i001445,i000646,i000661,i001069,i001478,i001455"
u019827,"i001922,i002009,i001240,i001682,i000695,i001049,i000481,i000977,i001335,i001801"
u019828,"i000481,i000909,i001663,i001952,i001922,i000661,i001069,i001240,i000554,i001445"
u019831,"i000481,i001069,i000909,i001952,i000695,i001663,i001455,i000554,i000661,i001240"
u019832,"i000481,i000909,i001069,i000342,i000521,i001663,i001952,i000947,i000661,i000646"
u019842,"i000661,i000481,i001952,i001069,i000521,i000342,i000947,i000909,i001038,i000646"
u019844,"i001069,i001445,i000481,i001952,i001455,i000554,i000661,i000521,i001949,i001046"
u019852,"i000695,i001584,i000058,i001049,i001688,i001462,i001240,i000401,i001922,i000931"
u019853,"i000481,i000909,i001069,i001952,i000521,i000342,i001663,i000661,i000947,i000554"
u019855,"i001922,i000977,i000521,i002009,i001682,i000554,i001240,i000481,i001335,i001049"
u019857,"i000909,i000481,i001069,i000324,i000521,i000342,i001952,i000555,i000661,i001663"
u019870,"i000481,i001952,i001069,i000158,i000661,i001663,i001046,i000909,i000521,i000646"
u019872,"i000324,i000555,i000481,i001952,i001069,i000909,i000661,i000110,i000898,i000521"
u019887,"i001069,i000481,i000909,i001952,i000521,i000324,i000342,i000555,i001663,i000947"
u019891,"i000481,i001952,i001069,i001038,i001663,i000661,i000909,i001046,i001445,i001455"
u019892,"i001455,i001673,i001710,i001952,i001445,i000661,i001906,i000518,i000481,i000805"
u019893,"i000481,i001240,i001663,i001952,i000661,i001922,i000695,i000554,i001455,i001445"
u019905,"i000481,i001952,i000909,i001663,i000521,i001069,i001038,i000661,i001478,i000646"
u019921,"i001069,i000481,i001952,i000909,i000661,i000947,i000695,i001663,i001922,i001455"
u019923,"i001069,i000481,i000909,i001952,i001663,i000947,i000521,i000695,i000646,i000661"
u019924,"i001455,i001673,i001445,i001952,i000661,i001069,i000554,i001710,i000481,i000909"
u019927,"i000554,i001069,i000481,i001455,i000521,i000661,i000947,i001143,i001952,i000909"
u019930,"i000909,i000481,i000521,i000324,i000555,i001952,i001922,i000342,i000554,i001663"
u019932,"i000481,i001069,i000909,i000521,i001952,i000342,i001663,i000661,i000324,i000555"
u019940,"i001069,i000909,i000481,i001952,i000324,i000521,i000555,i001455,i000661,i000554"
u019941,"i000481,i001069,i001952,i001663,i000661,i000909,i000521,i000342,i001038,i001478"
u019945,"i000481,i000342,i000909,i000521,i000661,i001952,i001663,i001069,i000646,i000947"
u019954,"i000481,i000342,i000661,i001663,i001952,i000521,i000909,i001069,i001478,i000646"
u019958,"i001069,i000481,i000947,i001952,i000521,i001663,i000661,i000909,i001267,i000570"
u019959,"i000909,i000481,i001952,i000521,i001069,i000342,i000324,i000661,i001663,i001038"
u019960,"i000481,i000909,i001069,i000521,i000342,i001952,i000324,i001663,i000555,i000646"
u019988,"i000646,i000481,i001038,i001663,i001952,i000518,i001753,i001508,i000661,i000324"
u019993,"i000481,i000909,i000554,i001952,i001663,i000661,i001069,i001445,i000521,i001478"
u019994,"i000481,i000909,i001069,i001952,i000521,i000342,i000324,i001663,i001914,i001922"
u020002,"i000909,i000481,i001069,i000521,i000342,i001952,i000324,i001663,i000661,i000947"
u020005,"i000282,i001151,i001515,i000360,i001026,i001320,i000317,i000555,i001922,i000909"
u020006,"i000481,i001922,i000554,i001455,i001445,i001952,i000661,i001240,i001663,i001914"
u020012,"i000481,i001069,i000521,i000909,i000342,i001663,i001952,i000661,i000646,i000555"
u020023,"i000481,i000521,i000342,i001069,i000909,i001952,i000661,i000947,i000619,i001663"
u020027,"i000481,i000909,i000521,i001663,i001952,i000342,i001069,i000661,i001753,i000554"
u020029,"i001508,i000481,i001753,i001663,i001069,i000695,i001952,i001240,i000555,i000518"
u020030,"i000481,i001069,i000342,i001663,i000521,i000947,i000909,i001952,i000661,i001038"
u020034,"i001069,i000481,i000947,i001952,i001663,i000909,i000521,i000646,i000661,i000342"
u020059,"i000481,i001455,i001663,i000909,i000695,i001445,i001952,i001240,i000554,i000661"
u020060,"i001508,i001906,i001753,i000481,i000518,i001069,i000909,i000325,i000342,i000521"
u020061,"i000481,i000521,i000909,i001952,i001069,i000342,i001663,i000661,i000554,i001922"
u020062,"i000695,i000481,i001952,i001584,i000058,i001069,i001240,i000909,i001922,i001688"
u020066,"i000481,i001069,i001952,i000695,i001922,i001663,i000909,i000661,i001240,i001455"
u020069,"i001049,i000695,i001584,i001688,i000058,i001462,i001240,i000401,i001922,i000842"
u020074,"i000481,i000521,i001069,i000342,i000909,i000947,i001952,i000661,i001663,i000646"
u020075,"i001445,i001877,i000931,i000554,i001191,i001049,i001455,i000909,i000695,i001069"
u020076,"i000481,i001240,i000695,i000554,i001663,i000909,i001688,i001445,i001949,i001049"
u020085,"i000695,i001584,i000058,i001049,i001688,i001462,i001240,i000401,i001922,i000829"
u020086,"i001069,i001952,i000481,i000909,i000324,i000555,i000661,i001455,i001151,i001922"
u020091,"i000909,i000481,i000324,i001069,i000342,i000110,i000555,i000521,i001478,i001952"
u020104,"i000481,i001069,i000909,i001952,i000521,i001663,i000947,i001038,i000661,i000207"
u020106,"i000481,i001069,i001952,i000909,i001663,i000521,i000661,i000554,i000342,i001922"
u020107,"i000481,i001952,i001069,i000661,i001455,i000909,i000521,i000554,i001038,i001663"
u020108,"i000481,i000909,i001069,i000695,i001753,i001663,i001952,i001240,i001455,i001478"
u020109,"i000481,i001069,i001952,i000521,i000909,i001663,i000342,i000947,i000661,i000554"
u020115,"i001069,i000481,i000521,i001952,i000661,i000909,i000947,i000554,i000342,i001143"
u020125,"i001069,i000481,i000909,i000947,i001952,i001663,i000521,i000661,i000342,i001713"
u020127,"i001069,i000481,i000909,i001952,i000521,i000947,i000661,i000342,i001663,i001038"
u020137,"i000481,i001952,i001069,i000695,i001922,i000661,i000909,i001663,i001455,i000554"
u020154,"i000931,i000695,i001240,i001455,i001069,i000058,i000554,i001049,i000251,i001922"
u020155,"i000909,i001069,i000481,i000342,i000947,i000521,i001952,i001663,i000661,i001267"
u020163,"i000324,i000555,i000327,i000898,i000110,i000481,i000909,i001952,i000877,i001151"
u020165,"i001240,i000754,i001786,i000695,i000554,i001688,i001191,i001584,i001350,i000220"
u020167,"i000909,i000481,i000554,i000342,i001143,i000521,i000661,i001952,i000324,i001455"
u020170,"i000554,i000342,i000481,i000521,i000909,i001663,i001922,i000661,i000977,i000956"
u020171,"i000481,i001952,i000909,i001478,i000661,i001663,i001046,i001445,i001455,i000342"
u020172,"i000481,i001952,i001663,i000909,i000646,i000521,i001038,i001478,i000661,i001069"
u020192,"i001069,i000481,i000947,i001952,i001663,i000909,i000931,i000661,i001267,i000521"
u020196,"i001069,i000481,i001952,i000909,i000324,i000555,i000661,i000521,i001922,i001151"
u020201,"i000481,i001069,i001663,i000521,i000909,i001952,i000342,i000554,i000661,i000646"
u020202,"i000481,i000909,i001069,i001952,i000521,i000342,i001663,i000947,i000324,i001038"
u020203,"i001069,i001952,i000481,i000947,i000661,i000521,i000554,i000909,i001267,i001663"
u020205,"i000909,i000481,i000342,i001069,i000521,i001478,i001663,i001952,i000661,i000646"
u020212,"i001952,i001069,i000481,i000661,i001455,i001663,i000554,i001038,i000521,i000947"
u020214,"i001069,i000481,i000909,i001952,i000521,i000947,i000342,i000661,i001663,i000324"
u020216,"i000898,i000360,i000327,i001515,i000282,i001151,i000110,i000324,i000555,i000745"
u020219,"i000481,i001922,i001240,i000695,i000324,i000909,i001688,i000521,i000555,i000554"
u020241,"i000481,i000521,i000909,i000342,i001922,i000554,i000661,i000324,i001952,i001663"
u020243,"i000481,i001069,i000909,i001952,i000521,i001663,i000342,i000947,i000324,i000661"
u020250,"i001038,i001445,i000481,i001952,i001455,i000661,i001663,i000646,i001046,i002146"
u020286,"i000481,i001069,i000909,i001952,i000947,i000661,i001663,i000521,i000342,i000695"
u020287,"i000481,i001069,i000909,i000521,i001952,i000342,i000947,i001663,i000324,i000661"
u020289,"i000481,i001069,i000909,i001952,i001663,i000947,i000521,i000661,i000342,i000554"
u020291,"i001069,i000481,i000909,i001952,i000521,i000947,i001663,i000661,i000342,i000554"
u020296,"i000909,i001069,i000481,i000521,i000342,i001952,i001663,i000324,i000947,i000661"
u020300,"i000481,i000909,i001069,i001952,i000324,i000555,i000521,i001922,i000342,i000554"
u020302,"i000481,i001952,i001455,i001069,i000661,i000909,i001445,i001673,i001710,i001663"
u020304,"i000481,i000909,i001952,i001069,i000521,i000342,i000661,i001663,i001038,i000646"
u020306,"i000695,i001240,i000058,i001584,i001049,i001688,i001191,i001462,i000554,i000401"
u020314,"i000481,i000909,i001069,i001952,i000695,i001663,i000661,i000521,i000324,i001455"
u020315,"i001922,i000977,i000167,i001682,i000481,i000342,i002009,i000661,i000909,i000521"
u020323,"i000481,i001069,i001952,i001663,i000909,i000661,i000521,i000947,i001922,i000695"
u020331,"i000481,i000909,i000342,i001069,i000521,i001952,i000661,i001663,i000947,i000646"
u020335,"i001069,i000481,i000909,i001952,i001663,i000947,i000521,i000661,i000554,i000695"
u020338,"i001914,i000909,i001649,i001087,i001455,i001673,i001445,i001069,i001710,i000481"
u020339,"i000481,i001069,i001952,i000521,i001663,i000661,i000342,i000909,i000947,i000554"
u020342,"i000661,i000481,i001952,i001069,i000521,i000342,i002062,i000947,i000158,i001663"
u020344,"i001914,i001649,i001087,i001445,i001673,i000909,i001455,i001710,i000481,i001069"
u020346,"i001240,i000695,i000842,i001584,i000058,i001049,i000931,i000554,i000652,i001877"
u020351,"i001049,i000695,i001584,i001688,i001922,i000058,i001462,i001240,i000401,i001778"
u020355,"i001922,i000695,i001240,i001688,i000481,i000909,i001049,i001584,i000554,i000521"
u020358,"i001455,i001710,i001673,i000968,i000805,i001445,i000931,i000554,i001949,i001952"
u020370,"i000481,i000521,i000324,i000554,i000909,i000555,i001069,i000661,i000342,i001952"
u020373,"i000481,i001240,i001922,i000554,i000695,i000956,i001688,i001663,i001952,i001445"
u020375,"i000481,i001069,i000909,i000521,i001952,i000554,i000342,i000947,i000661,i000646"
u020378,"i000909,i001069,i000481,i001952,i000521,i001663,i000342,i000947,i000661,i000324"
u020385,"i000909,i000481,i000521,i000342,i000661,i000554,i001952,i000324,i001663,i001069"
u020390,"i001922,i002009,i001682,i001335,i000977,i001240,i000006,i001801,i000481,i000200"
u020391,"i000909,i000481,i001069,i001952,i000521,i000324,i000661,i000342,i000555,i001922"
u020398,"i000481,i001069,i000909,i000521,i001952,i001663,i000342,i000947,i000661,i000554"
u020399,"i000481,i001069,i000521,i000554,i001952,i000909,i001949,i000342,i000947,i001143"
u020400,"i000481,i000909,i001952,i000521,i001663,i000342,i001069,i001038,i000207,i000661"
u020409,"i000481,i000909,i001069,i001663,i001952,i000695,i000521,i001914,i001922,i000342"
u020410,"i000481,i000909,i000521,i000324,i001952,i000342,i000555,i001069,i000554,i001922"
u020416,"i000327,i000324,i000909,i000898,i000481,i000554,i000555,i000110,i000521,i001949"
u020417,"i000481,i001455,i000909,i001952,i000695,i001445,i000554,i001922,i000661,i001663"
u020419,"i000481,i001069,i000909,i001952,i001663,i000695,i000947,i000521,i000661,i000554"
u020420,"i000481,i001663,i000909,i000661,i001952,i000521,i001069,i000646,i000342,i001478"
u020421,"i001922,i000481,i000909,i000521,i001240,i000554,i001952,i000342,i000324,i001663"
u020428,"i001922,i000481,i001455,i001673,i000661,i001663,i001445,i000695,i001952,i000554"
u020429,"i001069,i000481,i000909,i001952,i000521,i000324,i000555,i000342,i001663,i000661"
u020431,"i000909,i000481,i000521,i000342,i000324,i001952,i000554,i001663,i000661,i000555"
u020432,"i000481,i000909,i001069,i001952,i001922,i001663,i000661,i000521,i000695,i001455"
u020441,"i000481,i001069,i000909,i001952,i001663,i000646,i000661,i000521,i000554,i001455"
u020443,"i000481,i001069,i001952,i000909,i001663,i000521,i000661,i000947,i000342,i001038"
u020445,"i000481,i000909,i000521,i001663,i000342,i000554,i001069,i001922,i001952,i000324"
u020446,"i000481,i000909,i000521,i000342,i001922,i000695,i001240,i001952,i000661,i000554"
u020448,"i001688,i000695,i001049,i001584,i000058,i001240,i001462,i001350,i000401,i001786"
u020453,"i001922,i001240,i000695,i001049,i002009,i001688,i001786,i001682,i000977,i000058"
u020459,"i001069,i000695,i000842,i000554,i001240,i001049,i000481,i000947,i000931,i001143"
u020462,"i000695,i001584,i001049,i000058,i001688,i000401,i001462,i001240,i001922,i000842"
u020463,"i000481,i000909,i000324,i000555,i000521,i000342,i001922,i000898,i001952,i001151"
u020467,"i000481,i001952,i000909,i000661,i001069,i001663,i001455,i000521,i001038,i001478"
u020473,"i000481,i000909,i001069,i000521,i001952,i000342,i001663,i000646,i000661,i001038"
u020475,"i000909,i000554,i000481,i001143,i000521,i001914,i001069,i001663,i000661,i001649"
u020477,"i000481,i000909,i000521,i000342,i001240,i000695,i000554,i001922,i001952,i000324"
u020479,"i000695,i001584,i000058,i001049,i001688,i000401,i001462,i001240,i001922,i001778"
u020483,"i001922,i000481,i000695,i001455,i001952,i001240,i001914,i001663,i000661,i000909"
u020489,"i000481,i001069,i001663,i001952,i000909,i000554,i000661,i000521,i000956,i001445"
u020495,"i000110,i000324,i000555,i000481,i000909,i000898,i000327,i001952,i000877,i000521"
u020497,"i000481,i001952,i000521,i000909,i000661,i000342,i001663,i000554,i001069,i001038"
u020511,"i002009,i001922,i001682,i001335,i001240,i001595,i001151,i000977,i000200,i000282"
u020513,"i001049,i000695,i001688,i001584,i000058,i001462,i001922,i000401,i001240,i000842"
u020515,"i000909,i000481,i001914,i001069,i000342,i000661,i001663,i001649,i001952,i000947"
u020523,"i001952,i000481,i001455,i001069,i000661,i001663,i001673,i001038,i001445,i000554"
u020526,"i000481,i000342,i000521,i001952,i001663,i000909,i000661,i001069,i000646,i001038"
u020532,"i000695,i001584,i000058,i001049,i001688,i001462,i001240,i001922,i000931,i000401"
u020546,"i000481,i000909,i000521,i000342,i001069,i001663,i000661,i001952,i001922,i000646"
u020553,"i001922,i001240,i000695,i000909,i001049,i001688,i000481,i001786,i001584,i000754"
u020559,"i000342,i000481,i000521,i000909,i000661,i001952,i001069,i001663,i000947,i000619"
u020569,"i001240,i000695,i001049,i001922,i000058,i001584,i001191,i001688,i001717,i000554"
u020570,"i000695,i001584,i000058,i001688,i001049,i001240,i001462,i001922,i000401,i001350"
u020573,"i000481,i001069,i000909,i000521,i001952,i000324,i000342,i000661,i001663,i000554"
u020576,"i000521,i000481,i000342,i001922,i000554,i000909,i000646,i000661,i001688,i001240"
u020578,"i001069,i000481,i001952,i000909,i000947,i001663,i000521,i000661,i000646,i000342"
u020579,"i000947,i001069,i000481,i000521,i000661,i001267,i001663,i001952,i000342,i000570"
u020592,"i000695,i001688,i001584,i001049,i000058,i001240,i001922,i001462,i000401,i001786"
u020597,"i000481,i001069,i001952,i000521,i000909,i000661,i000342,i001663,i000947,i001038"
u020599,"i000481,i000909,i000324,i000521,i001922,i001952,i000555,i000898,i000342,i001151"
u020612,"i001922,i000481,i001240,i000695,i001688,i000909,i000324,i000521,i000554,i001151"
u020613,"i001069,i000481,i000909,i000947,i001952,i000521,i000661,i000931,i001663,i000570"
u020617,"i001952,i000481,i000661,i001663,i001455,i001046,i001673,i001914,i001710,i001038"
u020623,"i000909,i000481,i001069,i001952,i000521,i001663,i000947,i000342,i000661,i001478"
u020624,"i001069,i000947,i001952,i000481,i000661,i001267,i000342,i000909,i000570,i001663"
u020629,"i000481,i001069,i000909,i001952,i000521,i000324,i001663,i000661,i000342,i000555"
u020636,"i000481,i000909,i000695,i001922,i000324,i001240,i000554,i001455,i000521,i000555"
u020642,"i000909,i000481,i000521,i001922,i000324,i000555,i000898,i000342,i001151,i000554"
u020649,"i001922,i001240,i000695,i001049,i001688,i001584,i000058,i002009,i001786,i000909"
u020655,"i001240,i000695,i001584,i001049,i001688,i000058,i001922,i001191,i000401,i002009"
u020656,"i001922,i000695,i001240,i000481,i000909,i001688,i001151,i000324,i000282,i001682"
u020665,"i000360,i001151,i001515,i000282,i001320,i000317,i001026,i000324,i000555,i001113"
u020678,"i000695,i001584,i000058,i001688,i001049,i001240,i001922,i001462,i000401,i001350"
u020680,"i000481,i001952,i000646,i001069,i000909,i000661,i001663,i000521,i000554,i001922"
u020683,"i000324,i000110,i000555,i000898,i000327,i000877,i000481,i001151,i000909,i000282"
u020691,"i001949,i000554,i000481,i000909,i001069,i000521,i001455,i001952,i000342,i001663"
u020692,"i001046,i000481,i000646,i001952,i000909,i000521,i001663,i001069,i000661,i000554"
u020713,"i001069,i000481,i000909,i001952,i000521,i000947,i000342,i000324,i000661,i001663"
u020719,"i000327,i000898,i000695,i000324,i000110,i001240,i001922,i001688,i001584,i001049"
u020721,"i000695,i001584,i001688,i001049,i000058,i001240,i001462,i001922,i000401,i001350"
u020727,"i000324,i000555,i000898,i000110,i000909,i000481,i000327,i000877,i000521,i001151"
u020731,"i000324,i000555,i000110,i000898,i000909,i000481,i000877,i000521,i001952,i000327"
u020733,"i000521,i000481,i000342,i000661,i000909,i001922,i001952,i001663,i000554,i000977"
u020735,"i000481,i000909,i001952,i001069,i000521,i001663,i000342,i000661,i001445,i001038"
u020736,"i000481,i000695,i001240,i001922,i001688,i000909,i000521,i000554,i000324,i000342"
u020739,"i000646,i000481,i001663,i001445,i001046,i001952,i001038,i000661,i000521,i000909"
u020748,"i000481,i000342,i000909,i000521,i001952,i000661,i000324,i000555,i001663,i000248"
u020750,"i000909,i000481,i000521,i000555,i000324,i001922,i000342,i000554,i001240,i001952"
u020755,"i000481,i001069,i000909,i001952,i001663,i000947,i000695,i000661,i000521,i000554"
u020758,"i001069,i001753,i000947,i001508,i001906,i000481,i001952,i000661,i001189,i001663"
u020764,"i001922,i000909,i001240,i000481,i000695,i000324,i000521,i000342,i000555,i000554"
u020765,"i000481,i000909,i000521,i000342,i001952,i001069,i001663,i001038,i000661,i000207"
u020767,"i000481,i000909,i000661,i000521,i001952,i001069,i001663,i000342,i001753,i001478"
u020768,"i000909,i000481,i000324,i000521,i000342,i000555,i001663,i000554,i001069,i001952"
u020769,"i000481,i001952,i000661,i000342,i001069,i000554,i000521,i000909,i001455,i001445"
u020771,"i000324,i000555,i000110,i000898,i000909,i000327,i001922,i000695,i000481,i001134"
u020772,"i001069,i000481,i000909,i001952,i000324,i001455,i000555,i001663,i000661,i000695"
u020779,"i000481,i000521,i000342,i000554,i001952,i001663,i001922,i000909,i000661,i001069"
u020787,"i000481,i001952,i001038,i001069,i000521,i000661,i000909,i001663,i000646,i000947"
u020789,"i000909,i000481,i000521,i000324,i000342,i001922,i000555,i001069,i000695,i001663"
u020791,"i001240,i000842,i000695,i001049,i001922,i000058,i001584,i001143,i000554,i000931"
u020794,"i001191,i001914,i000554,i001445,i001922,i001949,i001240,i001801,i001455,i001673"
u020796,"i001914,i000554,i001649,i001445,i001949,i000956,i001087,i000481,i001455,i001069"
u020800,"i001949,i000554,i001240,i001191,i001786,i000481,i000521,i000342,i001922,i001143"
u020808,"i000481,i001069,i001952,i000909,i000521,i001038,i001663,i000207,i000661,i000646"
u020809,"i000909,i000481,i000521,i000342,i001069,i001952,i000661,i001663,i001478,i000324"
u020812,"i000554,i000956,i001240,i001455,i000481,i001914,i001191,i001949,i001143,i001445"
u020815,"i000481,i001069,i000909,i001952,i001663,i000342,i001478,i000521,i000661,i001038"
u020816,"i001922,i001240,i000695,i001049,i001688,i001584,i002009,i000909,i000058,i001786"
u020817,"i000481,i001663,i001952,i001069,i000661,i000521,i000947,i000342,i000646,i001038"
u020818,"i001949,i001240,i000554,i001191,i001786,i000481,i000909,i001143,i001922,i000521"
u020819,"i000695,i001584,i001049,i000058,i001688,i001462,i001240,i000401,i001922,i000829"
u020827,"i000909,i000481,i000521,i000324,i000342,i000555,i001922,i001952,i001069,i001663"
u020829,"i000481,i000909,i000521,i001952,i001069,i000342,i000324,i001663,i001038,i000646"
u020831,"i001455,i000481,i001952,i001673,i001069,i000909,i001710,i000324,i001445,i000695"
u020833,"i001069,i000481,i000909,i000521,i001952,i001663,i000342,i000947,i000207,i000646"
u020834,"i000909,i000481,i000521,i000342,i000554,i001069,i001952,i000324,i000555,i000207"
u020840,"i000324,i000555,i000909,i000898,i000110,i000481,i000327,i000521,i000342,i000554"
u020842,"i000481,i000521,i000909,i001922,i000661,i001952,i001663,i000342,i000324,i000554"
u020844,"i001922,i001240,i000695,i001049,i001688,i001584,i000481,i000058,i000909,i000521"
u020853,"i000481,i000909,i001922,i000521,i000342,i001663,i001952,i000554,i000661,i001069"
u020857,"i001069,i000481,i001952,i000909,i000661,i001455,i001922,i001663,i001673,i000554"
u020858,"i001922,i000481,i000909,i001952,i000695,i001455,i000661,i001069,i000324,i001663"
u020860,"i000327,i000110,i000324,i000898,i000555,i001134,i000481,i001516,i000760,i000695"
u020869,"i001906,i000325,i001753,i001927,i001508,i001065,i000548,i000518,i000301,i002080"
u020871,"i000481,i000909,i000521,i000342,i000554,i001952,i001069,i000619,i000661,i001663"
u020872,"i001922,i000695,i001240,i000909,i000481,i000521,i000324,i000555,i000554,i001688"
u020883,"i000481,i000909,i000324,i000521,i000555,i001922,i000342,i000554,i001952,i001240"
u020888,"i000481,i000521,i001914,i000342,i001952,i000909,i000661,i000554,i001649,i001949"
u020889,"i000909,i000481,i000521,i001952,i000324,i001069,i000555,i001922,i000554,i000342"
u020891,"i000327,i001952,i000481,i000342,i000661,i000521,i000324,i001914,i001069,i000555"
u020895,"i000695,i001688,i001240,i001049,i001584,i001922,i000058,i000554,i000481,i000909"
u020896,"i000695,i001240,i001688,i001922,i001049,i001584,i000058,i000481,i000909,i000554"
u020899,"i000695,i001240,i001688,i000481,i001049,i000554,i001584,i001455,i000058,i001445"
u020900,"i000695,i001922,i001688,i001240,i000481,i000521,i000909,i001049,i000324,i000554"
u020902,"i001069,i000481,i001952,i000661,i000909,i001922,i001663,i000947,i000521,i000324"
u020908,"i000481,i001069,i000554,i001952,i001663,i001914,i001949,i000521,i000909,i000661"
u020909,"i000327,i000324,i000898,i000110,i000909,i000555,i000481,i001134,i000521,i001952"
u020910,"i000481,i001069,i001922,i000521,i000909,i000342,i001952,i000554,i001663,i000661"
u020914,"i001069,i000661,i000342,i000947,i000481,i000521,i001445,i001914,i000909,i001663"
u020920,"i000909,i001069,i000481,i001753,i001906,i000521,i000342,i001952,i001508,i000661"
u020927,"i001922,i002009,i001682,i001335,i001240,i000977,i001801,i000481,i000661,i000695"
u020932,"i000342,i000481,i000909,i000521,i000324,i001952,i000555,i000661,i001663,i000554"
u020934,"i000481,i001952,i001069,i000909,i000521,i000661,i001663,i001038,i000207,i000342"
u020944,"i000481,i000521,i000554,i000909,i001069,i000342,i001952,i000661,i001663,i001143"
u020948,"i000481,i000521,i000909,i000661,i001952,i000342,i001753,i000324,i001663,i000646"
u020960,"i000481,i001952,i000661,i000521,i001038,i000342,i001663,i000554,i000646,i000909"
u020961,"i000481,i001069,i000909,i001952,i000521,i000342,i000324,i001922,i001663,i000555"
u020962,"i001069,i000909,i000481,i000521,i001952,i000342,i000947,i001663,i000661,i001038"
u020978,"i000481,i001069,i000909,i001952,i000521,i001663,i000947,i000661,i000342,i000554"
u020980,"i001508,i001753,i000518,i000481,i001455,i000325,i001673,i001069,i001906,i000909"
u020984,"i000695,i001584,i001688,i000058,i001049,i001240,i001462,i001922,i000401,i000754"
u020988,"i000956,i000554,i001717,i000481,i001191,i001143,i001240,i001922,i001445,i001314"
u020990,"i000481,i000909,i000342,i000521,i001952,i001069,i001663,i000661,i000324,i000555"
u021002,"i000521,i000481,i000661,i000342,i000554,i001952,i001922,i001069,i001663,i000909"
u021004,"i001069,i000481,i000909,i001952,i000947,i001663,i000521,i000661,i000342,i000646"
u021009,"i001922,i001240,i000695,i001049,i000909,i001688,i001584,i001786,i000481,i000058"
u021013,"i000909,i001069,i000481,i001952,i001663,i000661,i000521,i001445,i001455,i000646"
u021014,"i000481,i001069,i000909,i001952,i000521,i000661,i000342,i000947,i001455,i001663"
u021017,"i000481,i001952,i000909,i001455,i001663,i001673,i001949,i000521,i000554,i001922"
u021023,"i000481,i000909,i000695,i001952,i001455,i001069,i001663,i001240,i001922,i000661"
u021025,"i000481,i000521,i001952,i000661,i001069,i001753,i001455,i000618,i001038,i001508"
u021049,"i000481,i000521,i000909,i000342,i001952,i000324,i001663,i000661,i001069,i000555"
u021053,"i000521,i000554,i000342,i000481,i000956,i001191,i000909,i000661,i000646,i001717"
u021056,"i000481,i001922,i000521,i000909,i000342,i000554,i001952,i000661,i001663,i000646"
u021057,"i001069,i000481,i000947,i001952,i000909,i000521,i000661,i000931,i000342,i001663"
u021059,"i000481,i001069,i000521,i000909,i000342,i001663,i001952,i000947,i000661,i000554"
u021060,"i000481,i000909,i000521,i001922,i000695,i001240,i000342,i000554,i001952,i001663"
u021063,"i000481,i000909,i000555,i000521,i001922,i001151,i001663,i000695,i000324,i000342"
u021072,"i001922,i001240,i000695,i001049,i001688,i002009,i001786,i001682,i000058,i001584"
u021077,"i000481,i000909,i001952,i000521,i000555,i001922,i000324,i000342,i000554,i001069"
u021087,"i000481,i000909,i000324,i001922,i000555,i000342,i000521,i001240,i000898,i000554"
u021095,"i001922,i001240,i000695,i002009,i001049,i001786,i001682,i000977,i001335,i000200"
u021107,"i000695,i001584,i000058,i001049,i001688,i001462,i001240,i000401,i001922,i000829"
u021109,"i000481,i001069,i000909,i000521,i000342,i001952,i001663,i000324,i000555,i000661"
u021112,"i000342,i000909,i000521,i000481,i000324,i000253,i000555,i001663,i000646,i000661"
u021114,"i000481,i000342,i000521,i000909,i001663,i001069,i001952,i000661,i000554,i000646"
u021118,"i001949,i000554,i000481,i000521,i000947,i001069,i000661,i001952,i001455,i001143"
u021119,"i000481,i000521,i001952,i000342,i000909,i000554,i000661,i001663,i001922,i000646"
u021133,"i000324,i000555,i000909,i000110,i000327,i000898,i000481,i001134,i000521,i000342"
u021152,"i000360,i000282,i001151,i001515,i001026,i001320,i000317,i000327,i000555,i001922"
u021157,"i000324,i000555,i000481,i000909,i000110,i001952,i001069,i000661,i000521,i000898"
u021164,"i000909,i000481,i000324,i000521,i000342,i000555,i001952,i001663,i001922,i001069"
u021169,"i001240,i000695,i001191,i001922,i000956,i000554,i001688,i001584,i000058,i001801"
u021175,"i000909,i000481,i000521,i000554,i000342,i000695,i001922,i000324,i001949,i001240"
u021180,"i000695,i001240,i001922,i001049,i001688,i000481,i000521,i000909,i001584,i000554"
u021191,"i000481,i001069,i000909,i001952,i001663,i000521,i000947,i000661,i000342,i000695"
u021193,"i001922,i001240,i000695,i001049,i002009,i001688,i001682,i000058,i001584,i001786"
u021194,"i000909,i000481,i000342,i000521,i000324,i001922,i000555,i000695,i001952,i001663"
u021201,"i000909,i001922,i001240,i000695,i000481,i000521,i001049,i000324,i001688,i000554"
u021210,"i000695,i001922,i001240,i001049,i001688,i001584,i000058,i000909,i000481,i000554"
u021219,"i000695,i001240,i001688,i001922,i001049,i001584,i000058,i001786,i000754,i000554"
u021223,"i001240,i001922,i000695,i001049,i001584,i001688,i000754,i001786,i000058,i002009"
u021224,"i000481,i001069,i000909,i001952,i000521,i001663,i000342,i000947,i000661,i000324"
u021228,"i000200,i001922,i001682,i001335,i002009,i001595,i001786,i001240,i001350,i000754"
u021244,"i000324,i000555,i001922,i000898,i000327,i000909,i000110,i001151,i001134,i000481"
u021251,"i000481,i000909,i001952,i001069,i000521,i000324,i001922,i000661,i000555,i000342"
u021252,"i001922,i000977,i000521,i000342,i000481,i000909,i000661,i001663,i002009,i000646"
u021254,"i001240,i001922,i000909,i000481,i000695,i000554,i000521,i001688,i001786,i000754"
u021264,"i001922,i000481,i000977,i000521,i000342,i000909,i000695,i001240,i001049,i000554"
u021265,"i000695,i001049,i001688,i001584,i000058,i001462,i001240,i000401,i001922,i000623"
u021267,"i000695,i001922,i001240,i001049,i001688,i001584,i000058,i000909,i001786,i000754"
u021271,"i001069,i000481,i000909,i001952,i000521,i001663,i000947,i000342,i000661,i000554"
u021278,"i000695,i001240,i001688,i001049,i001584,i000058,i001922,i000554,i000754,i000481"
u021281,"i000481,i001922,i000661,i001952,i001069,i000554,i000521,i000909,i001663,i000342"
u021289,"i000481,i001952,i000661,i001069,i000521,i000909,i000342,i001663,i000554,i001455"
u021296,"i001922,i001240,i002009,i001682,i001786,i001335,i000695,i000977,i001049,i001801"
u021304,"i000481,i001069,i001952,i000521,i000947,i000909,i000342,i000661,i001663,i000207"
u021305,"i000481,i001069,i000909,i000342,i001663,i001952,i000521,i000646,i000947,i000661"
u021318,"i001688,i000695,i001049,i001584,i001240,i000058,i000401,i001350,i001462,i000754"
u021324,"i001922,i002009,i001682,i001335,i000695,i001049,i000058,i001240,i000200,i000977"
u021333,"i000481,i001069,i001952,i001478,i001663,i000909,i001038,i000646,i000661,i001445"
u021334,"i001922,i001240,i000909,i000695,i000481,i001049,i001688,i001584,i000521,i000554"
u021348,"i001240,i001922,i000695,i001688,i001049,i001786,i000481,i000754,i001584,i000909"
u021352,"i001350,i001786,i000754,i001688,i001922,i000695,i001240,i000200,i001595,i001584"
u021361,"i000324,i000110,i000555,i000481,i000327,i000909,i000898,i000521,i000877,i001134"
u021368,"i001922,i002009,i001682,i001335,i001595,i001151,i000977,i000282,i000200,i000006"
u021371,"i001240,i001922,i000695,i001049,i000754,i001688,i000058,i001584,i001786,i000554"
u021377,"i001922,i000695,i001240,i001688,i001049,i002009,i000977,i000058,i001584,i001682"
u021393,"i001240,i000481,i001922,i000695,i000554,i000521,i000909,i000342,i001688,i001949"
u021397,"i001922,i001240,i000695,i000909,i001688,i000481,i001049,i000555,i000521,i000324"
u021398,"i001922,i002009,i001240,i001682,i001335,i001786,i001151,i000006,i000977,i000695"
u021400,"i001914,i001087,i001649,i001455,i001673,i001710,i001445,i000909,i000695,i001069"
u021406,"i000481,i000909,i001914,i001069,i001240,i000521,i001663,i000695,i000342,i000554"
u021416,"i001240,i001922,i000695,i000909,i000481,i001049,i000554,i000521,i001949,i001584"
u021420,"i000909,i000481,i000342,i000521,i001663,i001478,i001952,i000554,i000324,i000646"
u021423,"i000909,i000481,i001922,i000521,i001240,i000324,i000342,i000695,i000555,i000554"
u021430,"i001952,i000481,i001455,i000661,i001710,i001445,i001069,i001002,i000909,i001046"
u021434,"i001922,i000909,i001240,i000695,i000481,i001049,i000324,i000521,i001688,i000554"
u021435,"i000481,i001952,i001069,i001663,i000909,i001038,i000661,i001478,i000521,i000646"
u021448,"i000695,i001240,i001688,i001922,i001049,i001584,i000058,i000754,i001786,i000481"
u021459,"i000909,i001922,i000695,i001240,i000481,i000324,i000521,i000555,i000554,i001049"
u021462,"i001922,i000695,i001240,i001049,i001688,i001584,i002009,i000058,i000909,i001682"
u021465,"i001688,i000695,i001049,i001584,i001240,i000058,i000401,i001350,i001462,i001922"
u021470,"i000909,i000481,i000521,i001922,i000342,i001663,i000554,i000646,i000324,i001949"
u021471,"i000909,i001922,i000481,i000324,i001240,i000695,i000521,i000555,i000342,i000554"
u021472,"i000695,i001584,i001688,i000058,i001049,i001240,i001462,i000401,i001922,i000829"
u021475,"i001649,i001914,i000481,i001087,i000909,i001952,i001922,i001069,i000554,i000521"
u021480,"i000481,i000695,i001663,i001445,i001240,i001952,i000554,i001455,i001688,i000661"
u021484,"i001069,i000931,i001455,i000695,i000909,i000481,i000947,i001952,i001673,i000554"
u021486,"i000481,i000909,i001922,i000521,i001663,i000695,i001240,i000342,i000554,i000661"
u021489,"i001240,i000695,i001688,i001049,i001584,i001191,i000058,i001922,i000956,i000754"
u021496,"i001069,i000342,i000947,i000481,i000521,i000661,i001952,i000909,i001663,i001267"
u021500,"i000481,i001508,i001753,i001922,i001069,i000521,i000661,i000909,i000342,i001952"
u021503,"i001922,i000481,i000521,i000661,i001455,i001952,i000909,i001663,i000695,i001673"
u021525,"i000661,i001046,i001952,i000270,i001445,i000425,i000342,i000646,i002146,i000481"
u021528,"i001069,i000481,i000909,i001952,i000661,i001663,i000947,i000646,i001478,i000342"
u021530,"i001240,i001922,i000695,i001786,i000754,i002009,i001191,i001584,i001049,i001688"
u021535,"i000481,i001069,i000909,i001952,i001663,i000521,i000947,i000695,i000661,i000342"
u021541,"i000481,i000521,i000342,i000909,i001922,i001663,i000554,i000324,i001952,i001949"
u021542,"i000521,i000481,i000342,i000977,i000661,i000554,i000909,i001922,i000253,i001663"
u021544,"i000324,i000555,i000909,i001922,i000481,i000110,i000898,i000521,i000554,i000327"
u021554,"i000481,i001952,i000909,i001753,i000661,i000521,i001069,i001663,i001508,i001455"
u021558,"i000695,i001584,i001688,i000058,i001049,i001240,i001462,i000401,i001922,i001350"
u021582,"i000481,i001069,i001952,i000947,i000909,i000661,i000521,i001663,i000342,i000207"
u021588,"i001069,i000481,i001952,i000695,i000661,i000909,i000947,i001922,i001663,i001455"
u021595,"i001914,i001087,i001649,i000327,i000324,i000909,i000555,i000481,i001952,i001808"
u021599,"i000481,i000909,i000695,i001069,i001663,i001240,i001952,i001455,i000554,i001922"
u021606,"i001069,i000909,i001713,i000481,i000947,i001952,i000931,i000555,i000324,i000661"
u021609,"i000481,i000521,i001069,i001952,i000947,i000661,i000342,i001663,i000909,i001038"
u021616,"i000481,i001069,i001952,i000909,i001663,i001038,i000521,i000661,i001478,i000947"
u021629,"i001069,i000481,i001952,i000909,i000661,i000521,i000947,i001455,i001663,i000324"
u021630,"i001952,i001663,i001069,i001455,i001445,i000909,i000481,i001673,i000661,i001710"
u021633,"i000481,i001069,i001952,i000909,i000695,i000661,i001663,i001922,i000521,i001455"
u021639,"i001069,i000481,i001952,i000909,i000661,i001663,i000947,i000521,i000324,i001922"
u021644,"i000481,i001069,i000909,i001952,i001455,i000324,i000661,i000555,i001663,i000521"
u021649,"i000481,i000909,i001069,i001952,i001663,i000661,i001455,i000947,i000521,i001922"
u021661,"i000481,i001069,i001952,i000909,i000661,i000342,i000521,i001663,i000947,i001922"
u021662,"i001069,i000481,i001952,i000947,i000909,i000661,i001663,i000521,i000342,i001478"
u021668,"i001069,i000481,i001952,i000909,i000521,i000661,i000342,i000324,i000947,i001922"
u021677,"i000282,i001151,i001515,i000360,i001320,i001026,i000555,i002056,i000324,i000317"
u021681,"i000909,i001069,i000481,i001952,i001445,i000661,i000554,i000646,i001663,i001455"
u021687,"i000481,i001069,i000909,i001952,i001663,i000947,i000521,i000342,i000661,i000646"
u021688,"i000481,i001069,i001952,i000661,i000521,i000909,i000342,i000947,i001663,i001038"
u021689,"i001949,i000481,i001069,i000554,i001455,i001952,i000909,i000947,i000652,i000931"
u021697,"i001069,i000481,i000909,i001952,i001663,i000947,i000521,i000342,i000661,i000554"
u021698,"i001801,i001922,i002056,i001335,i001240,i001914,i002009,i000282,i001682,i001191"
u021713,"i000481,i001069,i000909,i001952,i000695,i001663,i000661,i001455,i000947,i000521"
u021719,"i000481,i001952,i001069,i000909,i000661,i001663,i000521,i000947,i001038,i001455"
u021725,"i000481,i001069,i000646,i000521,i001663,i000909,i001952,i000661,i000947,i000554"
u021727,"i000481,i001069,i000909,i001952,i000661,i001663,i000947,i000521,i000342,i001922"
u021729,"i001069,i000481,i000909,i001952,i000947,i000521,i001663,i000661,i000342,i001038"
u021730,"i001455,i001952,i001710,i001673,i001445,i000554,i000661,i000481,i001922,i000909"
u021735,"i000481,i001069,i000909,i001952,i000521,i000947,i000342,i000661,i001455,i000554"
u021740,"i001455,i001069,i001673,i001445,i000931,i001949,i001240,i000554,i000652,i000947"
u021743,"i001922,i000481,i001069,i001952,i000661,i000695,i000554,i001240,i000909,i000521"
u021747,"i000324,i000555,i000909,i000481,i000327,i001069,i000898,i000110,i001952,i001455"
u021754,"i000481,i001952,i000661,i001069,i000521,i000947,i000909,i001038,i000342,i001663"
u021757,"i001069,i000481,i001952,i000909,i000324,i000555,i000947,i000661,i000521,i001922"
u021771,"i001069,i000481,i001952,i000947,i000909,i000521,i000661,i001663,i001713,i000931"
u021772,"i000481,i001069,i000909,i001952,i000324,i000661,i001663,i000521,i001455,i000342"
u021781,"i001069,i000481,i001952,i000661,i000947,i001663,i000521,i000909,i001455,i000554"
u021783,"i000481,i001069,i001952,i000909,i001663,i000661,i001455,i000521,i000947,i001922"
u021794,"i001046,i001952,i000481,i000554,i001455,i000661,i001069,i001445,i001949,i001143"
u021796,"i001922,i000342,i000554,i000521,i000977,i000481,i000661,i000909,i001649,i001240"
u021797,"i001069,i000481,i000909,i001952,i000342,i000947,i001663,i000521,i000661,i001753"
u021799,"i002056,i001682,i001949,i001922,i001335,i000481,i000909,i001952,i000554,i001595"
u021800,"i000481,i000695,i001952,i001240,i001069,i000661,i001663,i001688,i000554,i001922"
u021815,"i000909,i000481,i001069,i001952,i000661,i001922,i001663,i000521,i000342,i001445"
u021820,"i001069,i000481,i001952,i000909,i000661,i001455,i000947,i000521,i000324,i001922"
u021822,"i001069,i000481,i000909,i001952,i000947,i000521,i001663,i000661,i000342,i000931"
u021829,"i001069,i001952,i001445,i000481,i000661,i000646,i001455,i000554,i001663,i001046"
u021830,"i001069,i000481,i000947,i000909,i001952,i001267,i001663,i000570,i001914,i000931"
u021831,"i001922,i001682,i002009,i001335,i000200,i000695,i001240,i001595,i001801,i000006"
u021832,"i000481,i000909,i001069,i001952,i001663,i000521,i000661,i000342,i001922,i000947"
u021833,"i000481,i001069,i000909,i001952,i000521,i000947,i001663,i000661,i000342,i000324"
u021836,"i001069,i000481,i001952,i000909,i000661,i000521,i001663,i000324,i001455,i000555"
u021850,"i000324,i000555,i000898,i000327,i000481,i000110,i000909,i001952,i001069,i001455"
u021858,"i000481,i001069,i001952,i000909,i000661,i001663,i000521,i001922,i000554,i001038"
u021864,"i001069,i000481,i001952,i000909,i000661,i000947,i000521,i000324,i001455,i001663"
u021865,"i000481,i001455,i001952,i001663,i001922,i001673,i000909,i000661,i000554,i000695"
u021877,"i000909,i000481,i001663,i001069,i000554,i000521,i001478,i001445,i001949,i000342"
u021879,"i000481,i000909,i000521,i000342,i001069,i000554,i000324,i000661,i001952,i001922"
u021883,"i001069,i000909,i000481,i001952,i000947,i001663,i000661,i001445,i001713,i000931"
u021890,"i000282,i001151,i001515,i000360,i001026,i000555,i000317,i001922,i002056,i001682"
u021894,"i001143,i000554,i001455,i000481,i001240,i001673,i001949,i000661,i001952,i001710"
u021898,"i001445,i001069,i000481,i001455,i000554,i001952,i000661,i000909,i001914,i001663"
u021899,"i001455,i001673,i001710,i001445,i000909,i000805,i001952,i001914,i000324,i001949"
u021902,"i000481,i001069,i001952,i000521,i000661,i001663,i000947,i000909,i000342,i000554"
u021903,"i000324,i000555,i000909,i000481,i001069,i001952,i000327,i001455,i000110,i000898"
u021905,"i001038,i001069,i000481,i001952,i001663,i000646,i000661,i001445,i000909,i001046"
u021906,"i000909,i000481,i001069,i001952,i000521,i000947,i001663,i000342,i001478,i000207"
u021907,"i001069,i000481,i000947,i000661,i001952,i000521,i000909,i001663,i001922,i000342"
u021911,"i000481,i000909,i001952,i001069,i000521,i001663,i000342,i000661,i000646,i001038"
u021913,"i001914,i001952,i001069,i000481,i001455,i001087,i000661,i001649,i000909,i001445"
u021921,"i001069,i000481,i001952,i000909,i000947,i000521,i000661,i001663,i001038,i000646"
u021925,"i000481,i001753,i001952,i001663,i001069,i000909,i000521,i000661,i001508,i000342"
u021936,"i001049,i000695,i001584,i000058,i001688,i001922,i001462,i001240,i000401,i000842"
u021939,"i000481,i001952,i001038,i001069,i001478,i000661,i001663,i000909,i001046,i000646"
u021944,"i001069,i001952,i000481,i000909,i001455,i000947,i000661,i000931,i000521,i001445"
u021949,"i000909,i000481,i000324,i001069,i000555,i000521,i001445,i001952,i000661,i001455"
u021958,"i001753,i001455,i001508,i001673,i001710,i001906,i000481,i000518,i001952,i000325"
u021966,"i000324,i000555,i000909,i001069,i001952,i000481,i000898,i000110,i000327,i001455"
u021968,"i001240,i000695,i000058,i001584,i001688,i001922,i001049,i002009,i001191,i001801"
u021973,"i000481,i000909,i001069,i001952,i000521,i000661,i001663,i000342,i000554,i001914"
u021979,"i001069,i000481,i000909,i001952,i000521,i000947,i000661,i001663,i000342,i000554"
u021981,"i000481,i000909,i000555,i000324,i001922,i001455,i000554,i001240,i000695,i001069"
u021984,"i001069,i000481,i001952,i000661,i000909,i001663,i000947,i000521,i001455,i000554"
u021986,"i000481,i001069,i001952,i000521,i000947,i000661,i000342,i000909,i001663,i001267"
u021989,"i000481,i001952,i001069,i001455,i000661,i001663,i001673,i001445,i001922,i001914"
u021997,"i001455,i001673,i001710,i001445,i001952,i000554,i000805,i001949,i001914,i000481"
u022000,"i001949,i000652,i001455,i000931,i000554,i001069,i001445,i001952,i000481,i001191"
u022018,"i001069,i000481,i000947,i001952,i000909,i001663,i001713,i000521,i001267,i000342"
u022025,"i001069,i001952,i000481,i000909,i000947,i000661,i001663,i001455,i000521,i000931"
u022026,"i001069,i000481,i000909,i001952,i000947,i000695,i000661,i000521,i001663,i001922"
u022029,"i000695,i000481,i001049,i001069,i001240,i001952,i000909,i001922,i001584,i001455"
u022034,"i000481,i001069,i000909,i000324,i001952,i001922,i001455,i000521,i000695,i000646"
u022038,"i001069,i000481,i001952,i000909,i000555,i000324,i000661,i001455,i000947,i001922"
u022039,"i001906,i001508,i000175,i000325,i000518,i000555,i000252,i001952,i001065,i001711"
u022041,"i000931,i001069,i000652,i001455,i001445,i000554,i000947,i000058,i000251,i000695"
u022043,"i001069,i000481,i000947,i000909,i001952,i001663,i000521,i000661,i000931,i001455"
u022047,"i001952,i000481,i001069,i000909,i000661,i001455,i000521,i000947,i001663,i001038"
u022059,"i000555,i000324,i000110,i000327,i000898,i000877,i000909,i000481,i001952,i001455"
u022070,"i001455,i000324,i001673,i001710,i000555,i001445,i000481,i001952,i001922,i000554"
u022102,"i001069,i000481,i000909,i001952,i000521,i001663,i000661,i000947,i000342,i000554"
u022103,"i001753,i000324,i000909,i000481,i000555,i001508,i001922,i001455,i000661,i001952"
u022108,"i001455,i001673,i001710,i001445,i001952,i000805,i000554,i000481,i000661,i001914"
u022110,"i001914,i001069,i000909,i001649,i000481,i001455,i001087,i001952,i000554,i001949"
u022115,"i001455,i001710,i000805,i001673,i001445,i000661,i000968,i001952,i000554,i001143"
u022122,"i000481,i001952,i001069,i001922,i000661,i000695,i001663,i001455,i000554,i000909"
u022123,"i000481,i000521,i001069,i001952,i000342,i000661,i000947,i000909,i000646,i001663"
u022128,"i001069,i000481,i000909,i001952,i000947,i000521,i001663,i000661,i000695,i001455"
u022134,"i000481,i001069,i000909,i001952,i001663,i000646,i000661,i000521,i000554,i001455"
u022150,"i000481,i001952,i000909,i001069,i001663,i000661,i001922,i000521,i001455,i001240"
u022151,"i001753,i000661,i001445,i001069,i001046,i000481,i000646,i001663,i001906,i001952"
u022160,"i000282,i001151,i001515,i000481,i001069,i001922,i000360,i000554,i001952,i001663"
u022161,"i000909,i001069,i001445,i001914,i000481,i001952,i001663,i000661,i001046,i000646"
u022164,"i000481,i000909,i001069,i000521,i000342,i001952,i001663,i000661,i000947,i000646"
u022165,"i000481,i001069,i001952,i000909,i001663,i000661,i001455,i000695,i000947,i001445"
u022169,"i001069,i000481,i000909,i001952,i001663,i001455,i000324,i000661,i000947,i000521"
u022180,"i000481,i001069,i000947,i001952,i001663,i000661,i000521,i000342,i000909,i000646"
u022185,"i000695,i001584,i001240,i000058,i001688,i001049,i001922,i001462,i000401,i000754"
u022197,"i000324,i000555,i000327,i000898,i000909,i000110,i001455,i000695,i001134,i000481"
u022206,"i000898,i000324,i001455,i000327,i001445,i000481,i000555,i001673,i001952,i000877"
u022207,"i001922,i001682,i002009,i000695,i001049,i001240,i001335,i000977,i000058,i001801"
u022209,"i000554,i001445,i000661,i001143,i001455,i000956,i001952,i001069,i001922,i000481"
u022211,"i000481,i001069,i000521,i001952,i000947,i001663,i000661,i000342,i000909,i001267"
u022214,"i000481,i000909,i001952,i001069,i000521,i000661,i000342,i000324,i000554,i000555"
u022216,"i000481,i001455,i001922,i000555,i001952,i000909,i000324,i001710,i001673,i001445"
u022218,"i000661,i000646,i001952,i000481,i001663,i000521,i001046,i001069,i000270,i001038"
u022228,"i001455,i001673,i001710,i001445,i000909,i000805,i000554,i001914,i001952,i001949"
u022232,"i001952,i000481,i001478,i001663,i001038,i001069,i000646,i000661,i001046,i001455"
u022233,"i000481,i001069,i001952,i000909,i001663,i000661,i001922,i000521,i000342,i000554"
u022235,"i000695,i001584,i001688,i000058,i001462,i001049,i000401,i001240,i001922,i000220"
u022237,"i001069,i000481,i000947,i001952,i000909,i000521,i000342,i000661,i001663,i000570"
u022238,"i000481,i000909,i000521,i000555,i001952,i000554,i001069,i000324,i000661,i001663"
u022245,"i001069,i000481,i000909,i001952,i000521,i000947,i000342,i000661,i000324,i000555"
u022247,"i000481,i001069,i000909,i001952,i000521,i001663,i000661,i000342,i000947,i000646"
u022248,"i000481,i001952,i001663,i000909,i001069,i001038,i000661,i001478,i000646,i000554"
u022250,"i000282,i001515,i001151,i000360,i001026,i001922,i001682,i001069,i000317,i000481"
u022255,"i000481,i001952,i000661,i001069,i000909,i000521,i001922,i001663,i001038,i001455"
u022264,"i000481,i001069,i001952,i000909,i000521,i001663,i000661,i000207,i000158,i000554"
u022268,"i001952,i000481,i001069,i000909,i000661,i000521,i000324,i000555,i001455,i000947"
u022276,"i000909,i001069,i000481,i001952,i000521,i000342,i001663,i000947,i000554,i000661"
u022277,"i000661,i001952,i001069,i001455,i000947,i001445,i000342,i000521,i001673,i000481"
u022278,"i000481,i001952,i001069,i000909,i000661,i000521,i001663,i000947,i001455,i001038"
u022281,"i001069,i000481,i000909,i001952,i000947,i001663,i000521,i000661,i000646,i001038"
u022282,"i000661,i000481,i001952,i001069,i000646,i001663,i000521,i001038,i001046,i000342"
u022286,"i001952,i000481,i001069,i000521,i000661,i001038,i001663,i001455,i000554,i000947"
u022292,"i001069,i000661,i000481,i001445,i001952,i000521,i000947,i000342,i001663,i000909"
u022293,"i001952,i000481,i001455,i000661,i001069,i001046,i000554,i001445,i001663,i001038"
u022295,"i001445,i001455,i001673,i001710,i000999,i001914,i000720,i001314,i000554,i001949"
u022296,"i000481,i000909,i000521,i001069,i001952,i001038,i001663,i001922,i000207,i000646"
u022298,"i001069,i000947,i000481,i001952,i000909,i000521,i000661,i000342,i001663,i001267"
u022307,"i000481,i000909,i001952,i001069,i000695,i001455,i001663,i000661,i001240,i001922"
u022316,"i000481,i001069,i000909,i001952,i001663,i000695,i000947,i000521,i000661,i000554"
u022322,"i001455,i001673,i001710,i001952,i001445,i000661,i001069,i000481,i000554,i000805"
u022326,"i000481,i001069,i001952,i000909,i000521,i000661,i001038,i000947,i001663,i000646"
u022327,"i000909,i000661,i000481,i000646,i000521,i000342,i001069,i001663,i000270,i001952"
u022332,"i001069,i000947,i000481,i001952,i000521,i000661,i001267,i000909,i000342,i001663"
u022338,"i001069,i001455,i001952,i000481,i001673,i000909,i001445,i000947,i000661,i001663"
u022345,"i001455,i001673,i000282,i001952,i001710,i001445,i000554,i000909,i000481,i001914"
u022347,"i001952,i000481,i001069,i000661,i001445,i001455,i001663,i000158,i001046,i000909"
u022348,"i001069,i000481,i000909,i001952,i000947,i000521,i000661,i001713,i000342,i001663"
u022356,"i000481,i001069,i001952,i001914,i000661,i000521,i000909,i001663,i000947,i000342"
u022357,"i001875,i000618,i000481,i000521,i001069,i001952,i001455,i000661,i001296,i000947"
u022358,"i001069,i000481,i001952,i000898,i001455,i000931,i001673,i000661,i000909,i001151"
u022360,"i000481,i000695,i001952,i001663,i001240,i001069,i000661,i001455,i000554,i000909"
u022366,"i001922,i002009,i001682,i001335,i001595,i000977,i001151,i000282,i000200,i000006"
u022368,"i001069,i000947,i000909,i000481,i001189,i001952,i000521,i000661,i000570,i001663"
u022379,"i000481,i001952,i001069,i000661,i001455,i001663,i001922,i001445,i000554,i001673"
u022383,"i000481,i001952,i000661,i001069,i001455,i001663,i001922,i001445,i000521,i001673"
u022390,"i001455,i000554,i001673,i001949,i001445,i001191,i001710,i001914,i000805,i001240"
u022394,"i001191,i000554,i001949,i000956,i001445,i001240,i001143,i000909,i000652,i001069"
u022395,"i001069,i000481,i001952,i000947,i000661,i001663,i000909,i000521,i000342,i000646"
u022397,"i000909,i000481,i001069,i001952,i001663,i000521,i000661,i000342,i000947,i001478"
u022412,"i001069,i000481,i000947,i001952,i000521,i000909,i000661,i000342,i001663,i000554"
u022416,"i001952,i000481,i001069,i000661,i000521,i001663,i000909,i000554,i000947,i001455"
u022419,"i000646,i001922,i000661,i000481,i001069,i001952,i001663,i000282,i000521,i000342"
u022420,"i001069,i000481,i000521,i001663,i001952,i000947,i000342,i000909,i000646,i000661"
u022425,"i001240,i000695,i000058,i001584,i001049,i001688,i001922,i001191,i001462,i000931"
u022426,"i001069,i000481,i000661,i001952,i000909,i001914,i000947,i000554,i001663,i000521"
u022428,"i001069,i000481,i001952,i000909,i000661,i001922,i000947,i001663,i000521,i000342"
u022432,"i000481,i000521,i000342,i000661,i001952,i001069,i000947,i000909,i001875,i000646"
u022435,"i001069,i000481,i001952,i000909,i001455,i000661,i000555,i001673,i000324,i001922"
u022436,"i000695,i001584,i000058,i001049,i001688,i001462,i000401,i001240,i001922,i000931"
u022440,"i001922,i001455,i001710,i000555,i000324,i001673,i000909,i001952,i000481,i001682"
u022442,"i000324,i000555,i000909,i000898,i000327,i000481,i001069,i000110,i000521,i001952"
u022447,"i001069,i000481,i001952,i000947,i000661,i000521,i000909,i001455,i001663,i000554"
u022450,"i001046,i001952,i001455,i001710,i001673,i001445,i000646,i000661,i000481,i001069"
u022460,"i000481,i001922,i001069,i001952,i001455,i000695,i000661,i001673,i000909,i001445"
u022465,"i000481,i001952,i001069,i000521,i000661,i000947,i001663,i000909,i000342,i000646"
u022471,"i001753,i001663,i001069,i001508,i000481,i000947,i000646,i000661,i001906,i000909"
u022472,"i000324,i000555,i000909,i000898,i000327,i000110,i001922,i000481,i001069,i001952"
u022479,"i001069,i000481,i001952,i000909,i001663,i000661,i000947,i001922,i001445,i000521"
u022483,"i001753,i001508,i000325,i001906,i000518,i000548,i001927,i001875,i001065,i001663"
u022488,"i000909,i000481,i000521,i000554,i001952,i001663,i000661,i000342,i001445,i001069"
u022490,"i000481,i001069,i001952,i001663,i000661,i000909,i000521,i000554,i000646,i001445"
u022494,"i000481,i001069,i000342,i000521,i000947,i001952,i000909,i000661,i000554,i001663"
u022495,"i000481,i001952,i001455,i000661,i001069,i001673,i000695,i001663,i000909,i001922"
u022508,"i001069,i000481,i001952,i001663,i000909,i000661,i000521,i000947,i000342,i000554"
u022517,"i001069,i000909,i000481,i000661,i000947,i000646,i000521,i001952,i000342,i001663"
u022522,"i002056,i001801,i001922,i001682,i001335,i001623,i000968,i001595,i000282,i001191"
u022525,"i001240,i000481,i001069,i001143,i000554,i000342,i000909,i001949,i000661,i001952"
u022530,"i001320,i001151,i000282,i001026,i001922,i001515,i002009,i001682,i001335,i002056"
u022541,"i001069,i001952,i000481,i000909,i000661,i000521,i000947,i000342,i001455,i000207"
u022542,"i001069,i000481,i001952,i000909,i000661,i001663,i000947,i000521,i000646,i000554"
u022551,"i000324,i000555,i000898,i000327,i001455,i000909,i000110,i001673,i001134,i000877"
u022555,"i001952,i000481,i001069,i000661,i001663,i001455,i001038,i000909,i000521,i001046"
u022556,"i000481,i001922,i000695,i001952,i001069,i001240,i000909,i000661,i001455,i001914"
u022566,"i001455,i001673,i001710,i001445,i001952,i000481,i001914,i000661,i000805,i000554"
u022570,"i000521,i000481,i000661,i001069,i001952,i000947,i000342,i000909,i000554,i001663"
u022571,"i000909,i000481,i000521,i001069,i000554,i001952,i000342,i000661,i000947,i001663"
u022573,"i001682,i002009,i001922,i001595,i001335,i000200,i001240,i002056,i000695,i001801"
u022582,"i000695,i000058,i001584,i001049,i001688,i001462,i001240,i000401,i001922,i000554"
u022590,"i001753,i000481,i001508,i001455,i001922,i001952,i000661,i000909,i001673,i001906"
u022593,"i001069,i000947,i000481,i000570,i001952,i000521,i000909,i000661,i001267,i001663"
u022596,"i000909,i001069,i000481,i000521,i001952,i001663,i000342,i000661,i000947,i000207"
u022597,"i000481,i001069,i000909,i001922,i000661,i000521,i001914,i001649,i001952,i000554"
u022598,"i001320,i001151,i001026,i001922,i000282,i000342,i002009,i000646,i000253,i000661"
u022606,"i001069,i000947,i000909,i000481,i001952,i000661,i001753,i000521,i000931,i001455"
u022607,"i001069,i000481,i001952,i000909,i000661,i000521,i000947,i001455,i001663,i000554"
u022609,"i001455,i000324,i000481,i000555,i001952,i000909,i001922,i001673,i000661,i000521"
u022610,"i001922,i001682,i002009,i001335,i001595,i000200,i001801,i002056,i001240,i000006"
u022616,"i001875,i000618,i000481,i001069,i001952,i000947,i000521,i001949,i000661,i001673"
u022619,"i000481,i000909,i000695,i001069,i001663,i001952,i001240,i001455,i000661,i000554"
u022620,"i000324,i000481,i000909,i000898,i000327,i001952,i000110,i000555,i001069,i001455"
u022624,"i001240,i000695,i000058,i001584,i000554,i000251,i001049,i001191,i001922,i001688"
u022625,"i000481,i001069,i000909,i001952,i001663,i000947,i000521,i000661,i000695,i000342"
u022626,"i001914,i001087,i000481,i001069,i000909,i001952,i001649,i001663,i000207,i000646"
u022632,"i001069,i001906,i001508,i001753,i000481,i001663,i000909,i001952,i000947,i001478"
u022641,"i000646,i000481,i001663,i001069,i001952,i001046,i000661,i001445,i000909,i001038"
u022661,"i000324,i000110,i001952,i000481,i000555,i001069,i000661,i000909,i000521,i000327"
u022673,"i000282,i001151,i001515,i000360,i000555,i000324,i001026,i000909,i001922,i000317"
u022682,"i000481,i001069,i000909,i001952,i000521,i001663,i000947,i000342,i000661,i000554"
u022683,"i000481,i000909,i001069,i001952,i001663,i000521,i001922,i000661,i000695,i001455"
u022689,"i001314,i001445,i000554,i000661,i001455,i000646,i001688,i001786,i000999,i001663"
u022692,"i001069,i001952,i000481,i000947,i000554,i000661,i000909,i000521,i001267,i001445"
u022695,"i001069,i000481,i001952,i000909,i000661,i001663,i000521,i000947,i000646,i000554"
u022699,"i000481,i001069,i001952,i000661,i001663,i000909,i001922,i000554,i001445,i000695"
u022701,"i000481,i001069,i001952,i000909,i000661,i001663,i001922,i001455,i000554,i000521"
u022702,"i000481,i000695,i000909,i001240,i001069,i001663,i001455,i001952,i001049,i001445"
u022706,"i000327,i000324,i000898,i000555,i000481,i000110,i000909,i001952,i001069,i001914"
u022708,"i001069,i000481,i000909,i001952,i000521,i000324,i000342,i000947,i000661,i001663"
u022713,"i000481,i000909,i001069,i001663,i001952,i000342,i000521,i001922,i000661,i000554"
u022720,"i001952,i001069,i000481,i000661,i001038,i000947,i001663,i000521,i001267,i001046"
u022725,"i000481,i001069,i000909,i001952,i000661,i001455,i001663,i000521,i000554,i001038"
u022731,"i000481,i001069,i001952,i001478,i001663,i000909,i000661,i001038,i000342,i000521"
u022736,"i001069,i000481,i001952,i000661,i001663,i000909,i000947,i000521,i000554,i001455"
u022744,"i000282,i001151,i001515,i000360,i001320,i001026,i002009,i001922,i001682,i001335"
u022745,"i000481,i001069,i001952,i000909,i000661,i001663,i000521,i000947,i000342,i000554"
u022750,"i000481,i001455,i000695,i001922,i001952,i000909,i001673,i001445,i001240,i001663"
u022755,"i000481,i001952,i001069,i001663,i000661,i000909,i000342,i000521,i000554,i001914"
u022761,"i001069,i000481,i000909,i000521,i001952,i001663,i000342,i000324,i000947,i000661"
u022770,"i001069,i001952,i000481,i000909,i000947,i000661,i000931,i001713,i001663,i001455"
u022775,"i000481,i001069,i000909,i001952,i000521,i001663,i000342,i000947,i000661,i000207"
u022778,"i001069,i000481,i000909,i001952,i000521,i001663,i000947,i000342,i000661,i000324"
u022780,"i000481,i001069,i001952,i000554,i000909,i000521,i000661,i000342,i001663,i000947"
u022781,"i001069,i000481,i000909,i001952,i001508,i000521,i001753,i000661,i001663,i000947"
u022784,"i000481,i000909,i000521,i001069,i000555,i000342,i000324,i001663,i001952,i000554"
u022788,"i001069,i000481,i001952,i000909,i001663,i000947,i000521,i000661,i000342,i000207"
u022794,"i000481,i001069,i000909,i001952,i000521,i001663,i000947,i000342,i000661,i000554"
u022796,"i000481,i001069,i001952,i000909,i000521,i000931,i000947,i001038,i001663,i000554"
u022797,"i001069,i000481,i000909,i000947,i001952,i001663,i000521,i000661,i000646,i000342"
u022798,"i000909,i001069,i000481,i001952,i000947,i000521,i000661,i001663,i000342,i000324"
u022802,"i000481,i001952,i001069,i000909,i000661,i001663,i001038,i000521,i001455,i000207"
u022805,"i000554,i001455,i000481,i001949,i001143,i001952,i001673,i001240,i001445,i001069"
u022806,"i001069,i000481,i001952,i000909,i000661,i001663,i000521,i000554,i000947,i000342"
u022818,"i000481,i001069,i001952,i001663,i000909,i000661,i001922,i000554,i000521,i000947"
u022835,"i000661,i001952,i000481,i001069,i001455,i000521,i001663,i000947,i001038,i000909"
u022839,"i000324,i000555,i000481,i001069,i000110,i000909,i001952,i000327,i000898,i000521"
u022844,"i000909,i001069,i000481,i000947,i001952,i000521,i001663,i000661,i000342,i000646"
u022845,"i000909,i001069,i000481,i000521,i001952,i000342,i000661,i000947,i001663,i000324"
u022847,"i001069,i000481,i000909,i001952,i000521,i000947,i000342,i001663,i000324,i000555"
u022850,"i001069,i000481,i001952,i000909,i001922,i000521,i000661,i000342,i001663,i000947"
u022853,"i001069,i000481,i001952,i000909,i000521,i000555,i000661,i000324,i000947,i001663"
u022857,"i001069,i000947,i000909,i000481,i000301,i000931,i001952,i001713,i000521,i000342"
u022859,"i001922,i000481,i000695,i001682,i002009,i001952,i001914,i001049,i001455,i001335"
u022861,"i001069,i001952,i000481,i000909,i000661,i000521,i000947,i000342,i001267,i001508"
u022862,"i000481,i001069,i001952,i000909,i001663,i000661,i000947,i000521,i001038,i001455"
u022868,"i001914,i000481,i001649,i001663,i000695,i000554,i001069,i001087,i000909,i000661"
u022874,"i001914,i000909,i000481,i001069,i001663,i001455,i001952,i001673,i001445,i001710"
u022878,"i001069,i000481,i001952,i000909,i000661,i000324,i000521,i000555,i000947,i001663"
u022887,"i001069,i000481,i000947,i001952,i000909,i001663,i000661,i001713,i000521,i000342"
u022890,"i001952,i000481,i001069,i001663,i000661,i000909,i001038,i001455,i001046,i000646"
u022903,"i001069,i000481,i000909,i001952,i000947,i000521,i001663,i000661,i001713,i000342"
u022910,"i001455,i000968,i000805,i001445,i001710,i001952,i001682,i002056,i001673,i000661"
u022912,"i001069,i000481,i001952,i000909,i000661,i001663,i000521,i000342,i000947,i001922"
u022926,"i000481,i000695,i001922,i001952,i000661,i001455,i001069,i001240,i001663,i001445"
u022928,"i001069,i000481,i000909,i000521,i000947,i001952,i000342,i000661,i001663,i000619"
u022929,"i000909,i001455,i000720,i000481,i001069,i001710,i001673,i000661,i001922,i000695"
u022930,"i000481,i000909,i000521,i001069,i001952,i000324,i000342,i000661,i001663,i000555"
u022934,"i001069,i000481,i001952,i000909,i000661,i000521,i000947,i001663,i000324,i000555"
u022942,"i001914,i001087,i001649,i000909,i001069,i001445,i000481,i001949,i000554,i001808"
u022944,"i000481,i001952,i001069,i000342,i001663,i000661,i000909,i001914,i000947,i000521"
u022948,"i000661,i000481,i001952,i001069,i000521,i000947,i001038,i000342,i001296,i001663"
u022959,"i000481,i000909,i001069,i001952,i000324,i000521,i000555,i000661,i001663,i000342"
u022962,"i000481,i001069,i001952,i000661,i000909,i000521,i001663,i000342,i000554,i001922"
u022963,"i000646,i001663,i000481,i001069,i001952,i000909,i000521,i000661,i001445,i001038"
u022965,"i000481,i001922,i000909,i001663,i000521,i000342,i001952,i000554,i000661,i001914"
u022966,"i000695,i001584,i001049,i000058,i000401,i001688,i001462,i001240,i001922,i000931"
u022979,"i000481,i001069,i000909,i001952,i001663,i000947,i000521,i000661,i000695,i000342"
u022983,"i000481,i000695,i001922,i000909,i001952,i001240,i001663,i000521,i001069,i000661"
u022988,"i001069,i000481,i001952,i000947,i000909,i000661,i000521,i001663,i001267,i000646"
u022992,"i001069,i000481,i001952,i000909,i000947,i001663,i000661,i000521,i000646,i001267"
u022996,"i000481,i001952,i001455,i001922,i000909,i001663,i001914,i000661,i001445,i001069"
u023007,"i001069,i000481,i001952,i000909,i000521,i000661,i000947,i001663,i000342,i001455"
u023012,"i000481,i001069,i000909,i001952,i001663,i000695,i000646,i000554,i000661,i000521"
u023014,"i000481,i001069,i001952,i000909,i000661,i001663,i001455,i000695,i001445,i001922"
u023029,"i001069,i000909,i000481,i000947,i001952,i000931,i001455,i001914,i000554,i001663"
u023031,"i000481,i001069,i001753,i001508,i000909,i000521,i001952,i000947,i001906,i001663"
u023033,"i000282,i001151,i001515,i000360,i001026,i001320,i002056,i001922,i000317,i001682"
u023037,"i001069,i000481,i000909,i001952,i000521,i000342,i001663,i000947,i000661,i000207"
u023038,"i000481,i001069,i000909,i001952,i000695,i001663,i000661,i001455,i001922,i000947"
u023039,"i000481,i000909,i001952,i001069,i000521,i000661,i000324,i001922,i000555,i001663"
u023056,"i001914,i000909,i001069,i001649,i000481,i001087,i000947,i000342,i001952,i000661"
u023057,"i000481,i001455,i001952,i000695,i001069,i001922,i001914,i001445,i000554,i001663"
u023059,"i001952,i000661,i000481,i001069,i000521,i000248,i000342,i000909,i000646,i001046"
u023071,"i000909,i001069,i000481,i000521,i001952,i000342,i000947,i001663,i000661,i000324"
u023075,"i000481,i001069,i001952,i000646,i001663,i000661,i000909,i000521,i001038,i000554"
u023082,"i000909,i000481,i001069,i000521,i000342,i001952,i000947,i000661,i001663,i000324"
u023086,"i001069,i000481,i000909,i001952,i000521,i001663,i000661,i000947,i000342,i000554"
u023087,"i000481,i000909,i001952,i000521,i001069,i000661,i001663,i001922,i000555,i000324"
u023089,"i000481,i000521,i000909,i001069,i000342,i001952,i001663,i000661,i001478,i000646"
u023103,"i001069,i000481,i001952,i000661,i000909,i000521,i000947,i001922,i001663,i000342"
u023108,"i000481,i001069,i001952,i000521,i000661,i000909,i000342,i001663,i001455,i000947"
u023111,"i000695,i001049,i000058,i001688,i001584,i000554,i001455,i001462,i001445,i000251"
u023115,"i000898,i000327,i000324,i000481,i000909,i001952,i001069,i001445,i000110,i001455"
u023118,"i001952,i000481,i001663,i001069,i001478,i000646,i000909,i001038,i000661,i001455"
u023119,"i000481,i000909,i001455,i000695,i001069,i001952,i001663,i001445,i001914,i001240"
u023124,"i001069,i000481,i000909,i001952,i000521,i000342,i000947,i001663,i000661,i000324"
u023130,"i001753,i001914,i000909,i001922,i000661,i001508,i000481,i001455,i000324,i001445"
u023141,"i001069,i000481,i001952,i000661,i000947,i000909,i000521,i001663,i000554,i000646"
u023142,"i001069,i000481,i000909,i001952,i000521,i001663,i000947,i000342,i000661,i000554"
u023144,"i000909,i000481,i001069,i000521,i001952,i000342,i001663,i000947,i000661,i000646"
u023145,"i001069,i000481,i001952,i000909,i000661,i001663,i000521,i000947,i000555,i000324"
u023152,"i000481,i001069,i000521,i001952,i000661,i000947,i000909,i000342,i000554,i001663"
u023162,"i001069,i000481,i001952,i000909,i000521,i001663,i000661,i000947,i000646,i000342"
u023165,"i001069,i000481,i001952,i000909,i000661,i000521,i000947,i000342,i001663,i000554"
u023170,"i001069,i000947,i000481,i001952,i000521,i000342,i001663,i000661,i000909,i001267"
u023175,"i000481,i000521,i000909,i001952,i000661,i000342,i001069,i001663,i000947,i000554"
u023180,"i001069,i000481,i000909,i001952,i000324,i000521,i000555,i000661,i000947,i000554"
u023183,"i001069,i000555,i000909,i000342,i000324,i001952,i001914,i001663,i001445,i000661"
u023185,"i000481,i001952,i001069,i000909,i001663,i000661,i000521,i001038,i000947,i000342"
u023195,"i001350,i000754,i001786,i001595,i001688,i001922,i001240,i000695,i000554,i002009"
u023197,"i001455,i001673,i001952,i001069,i001710,i001445,i000481,i000554,i000661,i000909"
u023201,"i000481,i000909,i001069,i001952,i000521,i000661,i000342,i001663,i000324,i000554"
u023203,"i001069,i001952,i000481,i000947,i000661,i000909,i001922,i000521,i001663,i000554"
u023204,"i000481,i001663,i000909,i001952,i000521,i000646,i001038,i000342,i001069,i000661"
u023220,"i000481,i001069,i001952,i000521,i000947,i000661,i000342,i000909,i001663,i000207"
u023225,"i000481,i001069,i001952,i000909,i000661,i001455,i000521,i001038,i001445,i000554"
u023228,"i000481,i001069,i000909,i000695,i001952,i000554,i000521,i001663,i001240,i000947"
u023231,"i001069,i000481,i000909,i001952,i000521,i001663,i000661,i001455,i000554,i000342"
u023233,"i000909,i001069,i000481,i001914,i001952,i000521,i001663,i001445,i000324,i000342"
u023236,"i000481,i001069,i000909,i000521,i001952,i001663,i000342,i000947,i000646,i000661"
u023238,"i002146,i000481,i001445,i001952,i001046,i000909,i001455,i001478,i000661,i001038"
u023239,"i001069,i000481,i000909,i000947,i001952,i001663,i000521,i000661,i000342,i000646"
u023241,"i000909,i001069,i000481,i000521,i001952,i001663,i000947,i000342,i000661,i001478"
u023248,"i000481,i000909,i001069,i001952,i000661,i001663,i000521,i000342,i001455,i000947"
u023252,"i001069,i000481,i001952,i000909,i000521,i000661,i001663,i000554,i000646,i000947"
u023254,"i001069,i000481,i000909,i001952,i001663,i000947,i000521,i000695,i000661,i000554"
u023273,"i000481,i000909,i000521,i001952,i000555,i000324,i001922,i000342,i001069,i000554"
u023278,"i000481,i001069,i000909,i001952,i000342,i001663,i000521,i000661,i000947,i000646"
u023282,"i001455,i001952,i001445,i001673,i000661,i000481,i000554,i001710,i001046,i001069"
u023287,"i000342,i000661,i001952,i000521,i000248,i002063,i000563,i001445,i001151,i000481"
u023290,"i000554,i000481,i001069,i001952,i000909,i001949,i000521,i000931,i001663,i001445"
u023291,"i000481,i001069,i000909,i001952,i001663,i000947,i000521,i000342,i000661,i000646"
u023312,"i001952,i000481,i000661,i001069,i001663,i001046,i001455,i000521,i001002,i000909"
u023324,"i001069,i000481,i000909,i001952,i000947,i000521,i001663,i000661,i000342,i001267"
u023327,"i001069,i000481,i001952,i000909,i001455,i000661,i000947,i000521,i001663,i000554"
u023328,"i001069,i000481,i000909,i001952,i000947,i000661,i000521,i001038,i001663,i000646"
u023332,"i000695,i001049,i001455,i001584,i001688,i000481,i001922,i000058,i001240,i001673"
u023334,"i000481,i001069,i001952,i000909,i000521,i001663,i000661,i000207,i000947,i000646"
u023338,"i001663,i000481,i001952,i000646,i001069,i001478,i001038,i000521,i001046,i000661"
u023343,"i001922,i001069,i000481,i000909,i000521,i000661,i000342,i000977,i000554,i001445"
u023347,"i001875,i000618,i001296,i000521,i001069,i000481,i001952,i000563,i001508,i000661"
u023351,"i000324,i000110,i000555,i000898,i000327,i000909,i000481,i001952,i001069,i000877"
u023367,"i000481,i001069,i001952,i000909,i000521,i000947,i001663,i000661,i000342,i001455"
u023374,"i001922,i001682,i001335,i000554,i002009,i001151,i000200,i001240,i000282,i000977"
u023383,"i000481,i000909,i001069,i001952,i000695,i001663,i000661,i001240,i000554,i001455"
u023384,"i000481,i000909,i001952,i001069,i000521,i000661,i000324,i001922,i000555,i001663"
u023401,"i000481,i000342,i000521,i000661,i001069,i000909,i001952,i000947,i000646,i001663"
u023408,"i001069,i000481,i001952,i000909,i000947,i000521,i001663,i000661,i000342,i000554"
u023409,"i000481,i001069,i000909,i001952,i000521,i000342,i000947,i001663,i000661,i000324"
u023411,"i000481,i001069,i000909,i001952,i000661,i000947,i000521,i001038,i001663,i001455"
u023420,"i000481,i000909,i001952,i000342,i000661,i000521,i001663,i001069,i000207,i001038"
u023422,"i000481,i001069,i001952,i000661,i000909,i000521,i001663,i000947,i001922,i001455"
u023427,"i001069,i000481,i001952,i000909,i000661,i000521,i001663,i000324,i001455,i000947"
u023435,"i001445,i000554,i000909,i000481,i001069,i001949,i000956,i000661,i001663,i001952"
u023438,"i000481,i001069,i001952,i000909,i001663,i000661,i000695,i001455,i000947,i001445"
u023444,"i000481,i001952,i001069,i000661,i000909,i001663,i000521,i000554,i001922,i000342"
u023447,"i000481,i001069,i001952,i000909,i000521,i000661,i001663,i000342,i000947,i000207"
u023463,"i001914,i001087,i001649,i001673,i001455,i001710,i000909,i001069,i001445,i001952"
u023464,"i001069,i000481,i000909,i001952,i000521,i000947,i000661,i000324,i000342,i001663"
u023465,"i000481,i000909,i001069,i000342,i000521,i001663,i001952,i000947,i000661,i001478"
u023484,"i000554,i000909,i001069,i000481,i001922,i001949,i001191,i000521,i001240,i001445"
u023485,"i000324,i000555,i000909,i000898,i000110,i000481,i000327,i000521,i001134,i001952"
u023488,"i001069,i000481,i001952,i000909,i000947,i000661,i000521,i001455,i001663,i000342"
u023489,"i000481,i001069,i001952,i001663,i000909,i000661,i000521,i000554,i000342,i000947"
u023503,"i000481,i001069,i000909,i000521,i001952,i000324,i000342,i000947,i001663,i000555"
u023505,"i000481,i001952,i001663,i000909,i001445,i001478,i001069,i000661,i000521,i001038"
u023512,"i000481,i001952,i001069,i000909,i000661,i001663,i000521,i000947,i001038,i001455"
u023519,"i000481,i001069,i001952,i001663,i000661,i000909,i000521,i001914,i000554,i000646"
u023521,"i000481,i001952,i001069,i001455,i001922,i000661,i001445,i000909,i001673,i001914"
u023533,"i001753,i001069,i000481,i001508,i000909,i001952,i001906,i001663,i000661,i001455"
u023537,"i000342,i000481,i000521,i000661,i001663,i001952,i000554,i000909,i001478,i000646"
u023546,"i000481,i000521,i000661,i000342,i001952,i000909,i001069,i000619,i000947,i000554"
u023551,"i000481,i001952,i001069,i000521,i000661,i000909,i001663,i000342,i001038,i000646"
u023553,"i000360,i001515,i000282,i001151,i000317,i001649,i001069,i001026,i000555,i001113"
u023556,"i001069,i000481,i000909,i001952,i000521,i000947,i001663,i000342,i000661,i000324"
u023560,"i000481,i000909,i000521,i001069,i000342,i001663,i001952,i000207,i000661,i001038"
u023575,"i001952,i000661,i000481,i000342,i001455,i001445,i000521,i001069,i000909,i001002"
u023577,"i000481,i001069,i000909,i000521,i001952,i000342,i001663,i000947,i000661,i000207"
u023579,"i001069,i000481,i000909,i001952,i000661,i000324,i000555,i000947,i001455,i000521"
u023587,"i001875,i000521,i000618,i000481,i001952,i001296,i000661,i001069,i000947,i000342"
u023593,"i001069,i000481,i000909,i001952,i000521,i000947,i000661,i001663,i000342,i000324"
u023602,"i001069,i000481,i001952,i000909,i000661,i001455,i001663,i000695,i001673,i001445"
u023614,"i000481,i001069,i000909,i001952,i000521,i001663,i001038,i000661,i000342,i000947"
u023615,"i000481,i001069,i000909,i001952,i000695,i000661,i001663,i001455,i001922,i000947"
u023619,"i001069,i000909,i001952,i000481,i000661,i001445,i000947,i001455,i000554,i000521"
u023622,"i001069,i000947,i000481,i000909,i001952,i000931,i001663,i001267,i000570,i000554"
u023624,"i001069,i000481,i000909,i000947,i000521,i001952,i000342,i001267,i000661,i001663"
u023633,"i001455,i000481,i001952,i001922,i001673,i000661,i001069,i000695,i001663,i001710"
u023634,"i000481,i001069,i001952,i000521,i000661,i000342,i000947,i000909,i001663,i000554"
u023639,"i001688,i000695,i001049,i001584,i001240,i000401,i000058,i001462,i001350,i001314"
u023649,"i000481,i001069,i000909,i001952,i000521,i001663,i000947,i000342,i000661,i000554"
u023651,"i000481,i001069,i000909,i001952,i001663,i000695,i000947,i000521,i000661,i000554"
u023666,"i001922,i001682,i002009,i001335,i000977,i001151,i000481,i000200,i000282,i000521"
u023668,"i000909,i000481,i001069,i000521,i001952,i000342,i000661,i000947,i001663,i000324"
u023674,"i001069,i000481,i001952,i000521,i000909,i000342,i000661,i000947,i001922,i001663"
u023676,"i000481,i001069,i001952,i000909,i000521,i000661,i000947,i000342,i001663,i001038"
u023680,"i000481,i000554,i000646,i001663,i001949,i001046,i000909,i001445,i001952,i001069"
u023688,"i001069,i000481,i000909,i001952,i000521,i001663,i000661,i000947,i000324,i000342"
u023691,"i001952,i001455,i000661,i000481,i000342,i000521,i001673,i001069,i001710,i000909"
u023700,"i001069,i000481,i001952,i000909,i000521,i000661,i000947,i001922,i001455,i000342"
u023704,"i000158,i000481,i001069,i000554,i000909,i001952,i000521,i001143,i000555,i001455"
u023707,"i001455,i001710,i001673,i001952,i000909,i000554,i000661,i000481,i001445,i000324"
u023711,"i000481,i001069,i001952,i000909,i001663,i000695,i000661,i001455,i001445,i001240"
u023712,"i002056,i001801,i000282,i001922,i001682,i000909,i001952,i000661,i001335,i001151"
u023715,"i000481,i001069,i001952,i000909,i001922,i001455,i000555,i000324,i000661,i000695"
u023716,"i001069,i000481,i001952,i000909,i000661,i000521,i000554,i001445,i000947,i001038"
u023725,"i001949,i000652,i001191,i001240,i000695,i001688,i000058,i000554,i001445,i001455"
u023728,"i000947,i001069,i000342,i001952,i000661,i000481,i000521,i001267,i000909,i000570"
u023733,"i001949,i001455,i001445,i001673,i000554,i001952,i000481,i001069,i001663,i001914"
u023735,"i001069,i000481,i001952,i000661,i000909,i000947,i001663,i001455,i000554,i001922"
u023736,"i001069,i000481,i001952,i000909,i000661,i000521,i000324,i000947,i000555,i001455"
u023745,"i000481,i001922,i001455,i000695,i000909,i001952,i000661,i001445,i000554,i001069"
u023749,"i001069,i001914,i000481,i000909,i001649,i001952,i001087,i001663,i001455,i000554"
u023761,"i000481,i001069,i000947,i001952,i000661,i000521,i000909,i000342,i001663,i001267"
u023764,"i000481,i001069,i000909,i000521,i001952,i000342,i000947,i001663,i000661,i000324"
u023765,"i001069,i000481,i001952,i000909,i001663,i000661,i000521,i000947,i000324,i000555"
u023766,"i000481,i000521,i001069,i000909,i000342,i001952,i000947,i000661,i000619,i000555"
u023773,"i000695,i001584,i000058,i001688,i001049,i001240,i001462,i000401,i001922,i000829"
u023776,"i000481,i001069,i000909,i001952,i001663,i000521,i000947,i000661,i000554,i000646"
u023780,"i000554,i001455,i001673,i001445,i001949,i001143,i001710,i001191,i000481,i001952"
u023786,"i000554,i001143,i001445,i001191,i000956,i001949,i001455,i001240,i001673,i000909"
u023787,"i000909,i001069,i000481,i000324,i001952,i000555,i000521,i000342,i000661,i001663"
u023794,"i001069,i000481,i000909,i001952,i000661,i000947,i000521,i001455,i001663,i000324"
u023801,"i000481,i000909,i001455,i001952,i001663,i001922,i000695,i001069,i000554,i001445"
u023803,"i001069,i000481,i001952,i000909,i000661,i000521,i001663,i000947,i000646,i000554"
u023815,"i000481,i001069,i001952,i000909,i000521,i001663,i000646,i000661,i001038,i000342"
u023816,"i000521,i000481,i000554,i000909,i000661,i000342,i001143,i001952,i001069,i001949"
u023820,"i001151,i000282,i000481,i001952,i001922,i000909,i000661,i000555,i001069,i000324"
u023821,"i000909,i000481,i001952,i001069,i000324,i001455,i000521,i000661,i001673,i001663"
u023823,"i000555,i000909,i000324,i000342,i000481,i001069,i000521,i001952,i000661,i000619"
u023826,"i001069,i000481,i000947,i000909,i001952,i000521,i001663,i000931,i000661,i001713"
u023832,"i000481,i001069,i001952,i000521,i001663,i000661,i000909,i000947,i000342,i000554"
u023836,"i000661,i001952,i000481,i001046,i001455,i000521,i001069,i001445,i000342,i000646"
u023845,"i000481,i001069,i000646,i001952,i001663,i000909,i000521,i001038,i000661,i000207"
u023851,"i000481,i001069,i001952,i000661,i000909,i001922,i000521,i001663,i000342,i000554"
u023858,"i000481,i001069,i001952,i000909,i000947,i000521,i000661,i001663,i001455,i000342"
u023871,"i000909,i000521,i000481,i000342,i001069,i001952,i000661,i000554,i000555,i000947"
u023872,"i001069,i001445,i000481,i000554,i000661,i001952,i000956,i000521,i000646,i000909"
u023879,"i000554,i000481,i001069,i001952,i000521,i000909,i001455,i000342,i000947,i000661"
u023881,"i001069,i000481,i001952,i000909,i000324,i000521,i000661,i000555,i000947,i001663"
u023882,"i001922,i000481,i001952,i001455,i001682,i000661,i001914,i001673,i001445,i002009"
u023884,"i001069,i000481,i001952,i000909,i000947,i001663,i000661,i000521,i001038,i000207"
u023887,"i000481,i000909,i000521,i000324,i000342,i001952,i001069,i001922,i000555,i000554"
u023888,"i001663,i000481,i001952,i000646,i001478,i001445,i001069,i001046,i001038,i000554"
u023889,"i001069,i000481,i001952,i000909,i000947,i001663,i000646,i000521,i001038,i000342"
u023890,"i000481,i001069,i000909,i000661,i001952,i000521,i000342,i000947,i001038,i000207"
u023904,"i000481,i001069,i000909,i001952,i001663,i000521,i000947,i000661,i000554,i000646"
u023909,"i000481,i000661,i000521,i000342,i001952,i000947,i000554,i001069,i000646,i000909"
u023910,"i000521,i000481,i001952,i000661,i001069,i000554,i000342,i000947,i000909,i001663"
u023913,"i000481,i000909,i001069,i000521,i001952,i000342,i001663,i000947,i000661,i000554"
u023917,"i000481,i001952,i001069,i000909,i000661,i001922,i001455,i001663,i000521,i000324"
u023921,"i001069,i000481,i000909,i000521,i000947,i001952,i000342,i000661,i001663,i000646"
u023934,"i001069,i000481,i000909,i001952,i001663,i001455,i000661,i000521,i000646,i000947"
u023938,"i001069,i001952,i000481,i000947,i000931,i001663,i000554,i001455,i001884,i000661"
u023940,"i001069,i000909,i000947,i000481,i000521,i001952,i001713,i000661,i001663,i000931"
u023942,"i001069,i000481,i001952,i000909,i000661,i001663,i000521,i000947,i000554,i001922"
u023943,"i000909,i001069,i000481,i000521,i001663,i000554,i000342,i000947,i001952,i000251"
u023946,"i000481,i001069,i000909,i001952,i000521,i001663,i000661,i000342,i000947,i000646"
u023947,"i001069,i000646,i000481,i000521,i001952,i001189,i000661,i000947,i001663,i001296"
u023953,"i001069,i000481,i000909,i001952,i000947,i001663,i000521,i000342,i000646,i000661"
u023955,"i001069,i000947,i000301,i001753,i000481,i001508,i000931,i000909,i001906,i001952"
u023960,"i001949,i001191,i000554,i001445,i001455,i001143,i001673,i000481,i000652,i000909"
u023962,"i000481,i001952,i000661,i001069,i001922,i000521,i000342,i000909,i000554,i001663"
u023971,"i001069,i000481,i000909,i001952,i000661,i001455,i000947,i000521,i001663,i001922"
u023981,"i000909,i000661,i001069,i000481,i001952,i001445,i000521,i000270,i000324,i000555"
u023985,"i000481,i001952,i001069,i001663,i000661,i000646,i001038,i000521,i000909,i001445"
u023988,"i001069,i000481,i000909,i001952,i001663,i000947,i000521,i000661,i000324,i000342"
u023990,"i001069,i000481,i001952,i000909,i000661,i000521,i001663,i000947,i000646,i000554"
u023998,"i001922,i001682,i002009,i001240,i001335,i000481,i001049,i000695,i000977,i000006"
u024001,"i000661,i001445,i001455,i001922,i000554,i000270,i001952,i001673,i001069,i000324"
u024002,"i000481,i001069,i001663,i001952,i000909,i000646,i000661,i001038,i001478,i000521"
u024005,"i000481,i001069,i001952,i001663,i000909,i000661,i000521,i000554,i000342,i000947"
u024016,"i001069,i000481,i001952,i000947,i000521,i000909,i001663,i000661,i001038,i001267"
u024024,"i001069,i001663,i000481,i001952,i000947,i000646,i000521,i000909,i001445,i000554"
u024030,"i000481,i001069,i001952,i001663,i000909,i000661,i000695,i000521,i000554,i001455"
u024032,"i001069,i000481,i000909,i001952,i000521,i000342,i001663,i000661,i000947,i000324"
u024041,"i000481,i001952,i001069,i001663,i000661,i000909,i000158,i001455,i000521,i000554"
u024043,"i001069,i000481,i001952,i000909,i000521,i000947,i000342,i000555,i000661,i000324"
u024049,"i000481,i001069,i001952,i000909,i001663,i000661,i000521,i001922,i000947,i000342"
u024052,"i001069,i000909,i000481,i001914,i001952,i000947,i000521,i001649,i000342,i000661"
u024060,"i000481,i001952,i001069,i001922,i000661,i000909,i000521,i001455,i001663,i000947"
u024064,"i000481,i001069,i000909,i001952,i000521,i000342,i000947,i001663,i000661,i000555"
u024067,"i001922,i001682,i000977,i000342,i002009,i000481,i001335,i000909,i000521,i000661"
u024068,"i000481,i000554,i001952,i001069,i000521,i000909,i000342,i000661,i001663,i000947"
u024072,"i000481,i001069,i001952,i000909,i000661,i000521,i000324,i000555,i001663,i000947"
u024076,"i000481,i000554,i001455,i001445,i001922,i000661,i000909,i001069,i001949,i000521"
u024078,"i000481,i000521,i000342,i000909,i001069,i001663,i001952,i000661,i000947,i000554"
u024081,"i000695,i001688,i000058,i001049,i001462,i001584,i001922,i002009,i000977,i000623"
u024082,"i001069,i000481,i001952,i000947,i000909,i000521,i000661,i000342,i000554,i000931"
u024085,"i000481,i001069,i000909,i000521,i001952,i000342,i001663,i000947,i000554,i000661"
u024087,"i000481,i001069,i000909,i001952,i000521,i001663,i000661,i000342,i000554,i000947"
u024092,"i000481,i001952,i000661,i001069,i000695,i001663,i001922,i001240,i000521,i000554"
u024098,"i000661,i000521,i001952,i000481,i000909,i000342,i001069,i001455,i000554,i000619"
u024104,"i001069,i000481,i000521,i000947,i000909,i001952,i000342,i000661,i001267,i000570"
u024108,"i000481,i000909,i001069,i000695,i001663,i001952,i000661,i001240,i000521,i001922"
u024109,"i000481,i001753,i001663,i001952,i001508,i001069,i000661,i000518,i000909,i001455"
u024110,"i000481,i001069,i001952,i001663,i000909,i000661,i000947,i000521,i000342,i001914"
u024116,"i001445,i001455,i000805,i000661,i001710,i001673,i000968,i001952,i001046,i000554"
u024118,"i000481,i000695,i000521,i001240,i000909,i001688,i001952,i000554,i001922,i000342"
u024121,"i001143,i000554,i000481,i000909,i001069,i001949,i001445,i000956,i000521,i001914"
u024122,"i000695,i000058,i001049,i001584,i001688,i001240,i001922,i000401,i001462,i000554"
u024125,"i001922,i002009,i001682,i001335,i001801,i001151,i002056,i000282,i000006,i001595"
u024134,"i000481,i001069,i001952,i000661,i001663,i000909,i001922,i000554,i000521,i001914"
u024142,"i001753,i001508,i000481,i001922,i000661,i000909,i001952,i001906,i001455,i000325"
u024150,"i001455,i001673,i001710,i001914,i001445,i001952,i001753,i001069,i000661,i000805"
u024166,"i000481,i001069,i001952,i000521,i000909,i001663,i000342,i000661,i000554,i001922"
u024178,"i001922,i001682,i002009,i001335,i000200,i001151,i001595,i001240,i000282,i000977"
u024180,"i000481,i000909,i000324,i000521,i000555,i000342,i001952,i001069,i000554,i000661"
u024181,"i000481,i000521,i000909,i001952,i000342,i000324,i001069,i000555,i000661,i001663"
u024192,"i000481,i001069,i000909,i001952,i001663,i000661,i000521,i000947,i001914,i000342"
u024193,"i000481,i001069,i000909,i001952,i000521,i000342,i001663,i000947,i000661,i000555"
u024197,"i000481,i000342,i000909,i000521,i001069,i001952,i001508,i001663,i000661,i000207"
u024200,"i001069,i000909,i000947,i000521,i000481,i000342,i001952,i000661,i001267,i001663"
u024201,"i001069,i000481,i000909,i001952,i000947,i001663,i000661,i000521,i000931,i001713"
u024207,"i001455,i001952,i001673,i000909,i000481,i001710,i001069,i000324,i000661,i001445"
u024208,"i000481,i001069,i000909,i001952,i000695,i001455,i001922,i001663,i000661,i000324"
u024210,"i000481,i000909,i001663,i001952,i001455,i001240,i000554,i000695,i001445,i001922"
u024223,"i001753,i000481,i001069,i001508,i000909,i001952,i000521,i000342,i001663,i000661"
u024226,"i000481,i000521,i000661,i001069,i001952,i000342,i000554,i001445,i001663,i000909"
u024227,"i000481,i000342,i000521,i001069,i001663,i000909,i001952,i000661,i000947,i000646"
u024229,"i000481,i000661,i000909,i001952,i001069,i001038,i000521,i001663,i001445,i000646"
u024236,"i001952,i000481,i001455,i001663,i001445,i000554,i001069,i000661,i001673,i001949"
u024241,"i000481,i001952,i000909,i000521,i001069,i000324,i000555,i000661,i001663,i001922"
u024247,"i001069,i000481,i000909,i001952,i000521,i000947,i000342,i001663,i000324,i000555"
u024252,"i000324,i000555,i000909,i000481,i000521,i000110,i000898,i000342,i001069,i001952"
u024255,"i001069,i000481,i000909,i001952,i000521,i001663,i000947,i000661,i000342,i000554"
u024267,"i001069,i000481,i000947,i001952,i000521,i000342,i000909,i000570,i001267,i000661"
u024270,"i000646,i000481,i000909,i000521,i001663,i001952,i001069,i000342,i000324,i000661"
u024271,"i000481,i000909,i001455,i001069,i001952,i001663,i001445,i000695,i001673,i000554"
u024276,"i000481,i001069,i001952,i000909,i000521,i000342,i001663,i000661,i000947,i000207"
u024278,"i001069,i000481,i002132,i000521,i000909,i001663,i001952,i000646,i000947,i001038"
u024282,"i000481,i000909,i001069,i000521,i000342,i000661,i001952,i001663,i000947,i000646"
u024290,"i001069,i000909,i000481,i001713,i000947,i001952,i000931,i001663,i001445,i000661"
u024293,"i000481,i000695,i000909,i001069,i001240,i001952,i001663,i001049,i001922,i000661"
u024298,"i001508,i001753,i000481,i000909,i000555,i001906,i001455,i001952,i001069,i000324"
u024300,"i001508,i001753,i000325,i001906,i001069,i000518,i000481,i000909,i000548,i001952"
u024304,"i000481,i001069,i000909,i001952,i000521,i001663,i000947,i000661,i001455,i000342"
u024308,"i001069,i000481,i000909,i001952,i000521,i000661,i001663,i000947,i000342,i000554"
u024312,"i001069,i000481,i001952,i000947,i000909,i001663,i000521,i000342,i000661,i001267"
u024317,"i000695,i001922,i001240,i001049,i000481,i001688,i001584,i000554,i000058,i000909"
u024319,"i001455,i001445,i001710,i001673,i000554,i000481,i000661,i001952,i001046,i001914"
u024320,"i001069,i000481,i001952,i000521,i000661,i000909,i001663,i000947,i000342,i000554"
u024322,"i001069,i000481,i001952,i000909,i000947,i001663,i000661,i001445,i000521,i000646"
u024324,"i001069,i000481,i000947,i000909,i000521,i001952,i001267,i000570,i001663,i000342"
u024339,"i000481,i001069,i000909,i001952,i000158,i001663,i000521,i002132,i000646,i001038"
u024349,"i000481,i001069,i001952,i000909,i001663,i000521,i000661,i000947,i000342,i000554"
u024350,"i000481,i001069,i001663,i001952,i000158,i001038,i000521,i000661,i000554,i000646"
u024357,"i000481,i001455,i001952,i001922,i001069,i000695,i001445,i001673,i001710,i000661"
u024358,"i000555,i000324,i000110,i000327,i000909,i000898,i000481,i000521,i001069,i001952"
u024359,"i001914,i000481,i000909,i001649,i001087,i000521,i000554,i001952,i001663,i000324"
u024364,"i001952,i000481,i000661,i001455,i001046,i002146,i001673,i001710,i001445,i001663"
u024366,"i000324,i000555,i000909,i000481,i001069,i000898,i000110,i000327,i001952,i000521"
u024371,"i000481,i000909,i001069,i001952,i000661,i001922,i001663,i000554,i000521,i001455"
u024384,"i001069,i000481,i001952,i000909,i000661,i001922,i000947,i000521,i001663,i001455"
u024398,"i001922,i000695,i001049,i001240,i000058,i000977,i001584,i002009,i001688,i001682"
u024401,"i001753,i001069,i000481,i001508,i000909,i001952,i000661,i000947,i001663,i001906"
u024405,"i000481,i001069,i000909,i000695,i001455,i001663,i001952,i001445,i001240,i001914"
u024410,"i000481,i000646,i001663,i000521,i001952,i000661,i001038,i000909,i001069,i000554"
u024416,"i000481,i000909,i000342,i000521,i001069,i001952,i000661,i001663,i000947,i000207"
u024421,"i000481,i001952,i001478,i001069,i001038,i001663,i000909,i000661,i001445,i001046"
u024422,"i000481,i001922,i001445,i001663,i001240,i000554,i000661,i001952,i001455,i001914"
u024430,"i000909,i000481,i000521,i000342,i001952,i000555,i000324,i000554,i000661,i001069"
u024434,"i000481,i001069,i001952,i000909,i000521,i000661,i000342,i001922,i000555,i001663"
u024442,"i000646,i001663,i000481,i001952,i001069,i001046,i000661,i001038,i001478,i000909"
u024446,"i000481,i000521,i001069,i001952,i000909,i001663,i000661,i001038,i000646,i000342"
u024450,"i000481,i000521,i001069,i000661,i001952,i000342,i000909,i000947,i001663,i001038"
u024452,"i001445,i001663,i000481,i001952,i001069,i001455,i000554,i000909,i000646,i001046"
u024453,"i001922,i000909,i000554,i000481,i001069,i000977,i000521,i001649,i001240,i000695"
u024459,"i000481,i001069,i000909,i001952,i001038,i001663,i000521,i000661,i000207,i000342"
u024468,"i000481,i000909,i001069,i000521,i000342,i001663,i001952,i000661,i000554,i000947"
u024473,"i000555,i000324,i000481,i000909,i000521,i001952,i000661,i000342,i000554,i001922"
u024475,"i000324,i000555,i000110,i000898,i000909,i000327,i001922,i000481,i001134,i000877"
u024478,"i001949,i000481,i000909,i000898,i000327,i000521,i000324,i000554,i001952,i001455"
u024483,"i000481,i001069,i001952,i000909,i000521,i000661,i000947,i000342,i000554,i000207"
u024487,"i001069,i000481,i000521,i000661,i001952,i000947,i000909,i001663,i000554,i000342"
u024493,"i000481,i001952,i001069,i000661,i001663,i000521,i000909,i001922,i000554,i000342"
u024494,"i001069,i000481,i000909,i001952,i000661,i000947,i000521,i001663,i001922,i001455"
u024503,"i000481,i000521,i000909,i001069,i001952,i001038,i000661,i000342,i000646,i001663"
u024515,"i000481,i001069,i000909,i001952,i001663,i000661,i000947,i000521,i000342,i000695"
u024518,"i000481,i000521,i000342,i000909,i001663,i001922,i000554,i000661,i001952,i000324"
u024523,"i001952,i000481,i001663,i001069,i000521,i001151,i000342,i000909,i000554,i000661"
u024533,"i000481,i000661,i000554,i000521,i001922,i001069,i000909,i000342,i001952,i001914"
u024538,"i000481,i000909,i001663,i000342,i000521,i000661,i001952,i000554,i001069,i000695"
u024545,"i000661,i001952,i000248,i000342,i000481,i000521,i001069,i000909,i001663,i000947"
u024548,"i000481,i000695,i000909,i001240,i000554,i001922,i000324,i001952,i001663,i000521"
u024582,"i000327,i000324,i000898,i000481,i000909,i001952,i000555,i001069,i000342,i000110"
u024583,"i000481,i001069,i000909,i001952,i000324,i000521,i000555,i000342,i001663,i000661"
u024587,"i000481,i000909,i001069,i001952,i000521,i001663,i000342,i000661,i000554,i000947"
u024607,"i000481,i000909,i000324,i001952,i000521,i000695,i001922,i001663,i001069,i000555"
u024610,"i000481,i001069,i000909,i001952,i001922,i000661,i000521,i000555,i000342,i001663"
u024614,"i001952,i000481,i001069,i000661,i000909,i001046,i001663,i001445,i001002,i000342"
u024628,"i000481,i001069,i000909,i001952,i000695,i001663,i000947,i000661,i000521,i001455"
u024629,"i000481,i001922,i001455,i001663,i000661,i000554,i001952,i000521,i001240,i001445"
u024632,"i000481,i001922,i000521,i000909,i001952,i000324,i000342,i000661,i001069,i001663"
u024636,"i000695,i001049,i000058,i001584,i001462,i001688,i001922,i001240,i000401,i001649"
u024642,"i000481,i000521,i000554,i001069,i000342,i001663,i000947,i001952,i000661,i001922"
u024643,"i001069,i000481,i000909,i001952,i000947,i001663,i000661,i000521,i000342,i001267"
u024648,"i001069,i000481,i000909,i001952,i000521,i000947,i001663,i000342,i000661,i000324"
u024649,"i001069,i000481,i001952,i000909,i001663,i000661,i000521,i000554,i000646,i000947"
u024655,"i001069,i000481,i001952,i000909,i000661,i000521,i001663,i000947,i001455,i000342"
u024656,"i000909,i000481,i001069,i001663,i001952,i000521,i000342,i001478,i000661,i001038"
u024666,"i001069,i000909,i000481,i000521,i001952,i000947,i001663,i000342,i000661,i000207"
u024668,"i000481,i001240,i000554,i001922,i000521,i000695,i000342,i000909,i001949,i001688"
u024679,"i001682,i001922,i002009,i001335,i001595,i000200,i001240,i002056,i001151,i001801"
u024683,"i001069,i000481,i001952,i000909,i001478,i001663,i001445,i000661,i001046,i001455"
u024695,"i000481,i001069,i001952,i000661,i000521,i000909,i001663,i001922,i000342,i001455"
u024697,"i001455,i001673,i001710,i001952,i001445,i001069,i000554,i000805,i000931,i001914"
u024706,"i000481,i001445,i001952,i001240,i001663,i001922,i001455,i000554,i000695,i001914"
u024708,"i001717,i000956,i001191,i001445,i001314,i000554,i001240,i001949,i000652,i001786"
u024712,"i001515,i000360,i000282,i001151,i000317,i001026,i001320,i001069,i002056,i000898"
u024713,"i000555,i000324,i000909,i000481,i000110,i000327,i000898,i001069,i001952,i000521"
u024717,"i000695,i001584,i001688,i000058,i001049,i001462,i001240,i000401,i000931,i001922"
u024726,"i000481,i001952,i001069,i000661,i001038,i000909,i001663,i000521,i001455,i000947"
u024727,"i000481,i000521,i000909,i001069,i001952,i000342,i000947,i000661,i001663,i000554"
u024729,"i001069,i000481,i001952,i000521,i000947,i001663,i000661,i000909,i000342,i001038"
u024730,"i000481,i000521,i001663,i001069,i001952,i000646,i000342,i000661,i000909,i000947"
u024736,"i000521,i000481,i000342,i000909,i000661,i001952,i001663,i000646,i001069,i000619"
u024737,"i000324,i000110,i000555,i000898,i001952,i000481,i000909,i001069,i000327,i000877"
u024739,"i001069,i000481,i001952,i000909,i000324,i000521,i000555,i000661,i001455,i000947"
u024741,"i000481,i001069,i000909,i000521,i001952,i000342,i000661,i001663,i000947,i001038"
u024743,"i001952,i000481,i001069,i000661,i001663,i000909,i000947,i001455,i001038,i000521"
u024744,"i000909,i000481,i000521,i000555,i000324,i001922,i000342,i001952,i001069,i001663"
u024745,"i000481,i001069,i001952,i000909,i000695,i001663,i000661,i000521,i000554,i001922"
u024759,"i000909,i000481,i001069,i001952,i000521,i000324,i000555,i000661,i000342,i001663"
u024763,"i001914,i000481,i000554,i001663,i001445,i001649,i001455,i001240,i000695,i001952"
u024772,"i001069,i000481,i000909,i000521,i000947,i001952,i000661,i000342,i001663,i000554"
u024780,"i000481,i000909,i001952,i000324,i000110,i000555,i000521,i001069,i001038,i000207"
u024784,"i000481,i001478,i000909,i001069,i001663,i001952,i000342,i000521,i001445,i000646"
u024788,"i000481,i000909,i001069,i000521,i001952,i001663,i000342,i000947,i000646,i000324"
u024790,"i000909,i000481,i000324,i001922,i000555,i000521,i000342,i001240,i000554,i000110"
u024796,"i000481,i001069,i000909,i000521,i001952,i000342,i000324,i000947,i001663,i000661"
u024801,"i001753,i001508,i000481,i001952,i000661,i001069,i000909,i001906,i000518,i000325"
u024805,"i000481,i001069,i000909,i001952,i000521,i001663,i000661,i000342,i000947,i000554"
u024808,"i000481,i001922,i000909,i000342,i000521,i001663,i001952,i000554,i000661,i000977"
u024809,"i001753,i001508,i000909,i001906,i001455,i001673,i000661,i000518,i001952,i000324"
u024819,"i000481,i001069,i000909,i000521,i001952,i001663,i000342,i000661,i000947,i000207"
u024821,"i000555,i000342,i000481,i000521,i000909,i001952,i000324,i000661,i001069,i000619"
u024834,"i000555,i000324,i000909,i000481,i000898,i001151,i000521,i000342,i000110,i000327"
u024835,"i001069,i000481,i001952,i000909,i001445,i000947,i001663,i000661,i000931,i000521"
u024850,"i000481,i000909,i001663,i001455,i001952,i001445,i001673,i000521,i001069,i000661"
u024854,"i001069,i000481,i000909,i001952,i000521,i000947,i000342,i001663,i000324,i000646"
u024859,"i000481,i001952,i001069,i000909,i000661,i001663,i000521,i000947,i000342,i001922"
u024869,"i000909,i000481,i001069,i000521,i001663,i001478,i001952,i000342,i000646,i001038"
u024876,"i001069,i000481,i000947,i001952,i000909,i001663,i000931,i000661,i000521,i001713"
u024877,"i000909,i000481,i000521,i000324,i000554,i001069,i001952,i000555,i000342,i000661"
u024879,"i001922,i002009,i001682,i001240,i001049,i000695,i001335,i000977,i001801,i000006"
u024881,"i000481,i001069,i000909,i001952,i001663,i000695,i001455,i000661,i000947,i001445"
u024883,"i000342,i000481,i000521,i001663,i000909,i001069,i000646,i000661,i000947,i001952"
u024885,"i000481,i001922,i000909,i001952,i001663,i000661,i001914,i000695,i001455,i001069"
u024886,"i000554,i001069,i000481,i001445,i000521,i000956,i001143,i000661,i000909,i001922"
u024889,"i000481,i001922,i001240,i000695,i001952,i000554,i001663,i000909,i001445,i000521"
u024899,"i001069,i000481,i000661,i001952,i000909,i000947,i000521,i001038,i001663,i001455"
u024900,"i000481,i001069,i000909,i001952,i000521,i000947,i000342,i001663,i000555,i000661"
u024910,"i001069,i000481,i001952,i000909,i000661,i000521,i000947,i001663,i000342,i000554"
u024913,"i001069,i000481,i000909,i001952,i000521,i000324,i000661,i000555,i000947,i001663"
u024914,"i001069,i000481,i000947,i000909,i001952,i001663,i000521,i000342,i000661,i000646"
u024921,"i000481,i001069,i001663,i000909,i001952,i000661,i000554,i000695,i001240,i000521"
u024925,"i000481,i000909,i000521,i001922,i000342,i000324,i001952,i001663,i001240,i000554"
u024926,"i000481,i001952,i000661,i001069,i000947,i000521,i000342,i001663,i001455,i001445"
u024929,"i001455,i001673,i001445,i000805,i001710,i000554,i001949,i000968,i001952,i001922"
u024930,"i000481,i001069,i001952,i000521,i000909,i001663,i000342,i000661,i000554,i001922"
u024937,"i000324,i000110,i000327,i000555,i000481,i000909,i000898,i001069,i001952,i000521"
u024942,"i000695,i001584,i000058,i001049,i001688,i001462,i001240,i000401,i000931,i001922"
u024943,"i000481,i000909,i001069,i000521,i001952,i000342,i000324,i001663,i000555,i000661"
u024946,"i000481,i001952,i001069,i001922,i001455,i000695,i001914,i000909,i000661,i001673"
u024950,"i000481,i001069,i000909,i001952,i000521,i001663,i000947,i000342,i000661,i000646"
u024957,"i000481,i001069,i000909,i001952,i001663,i000695,i000947,i000521,i000661,i000342"
u024962,"i001314,i001445,i000646,i001478,i001663,i001717,i000754,i000956,i000661,i000554"
u024963,"i000481,i001069,i000521,i000909,i001952,i000661,i000947,i000342,i001663,i000646"
u024964,"i001069,i000481,i000947,i001952,i000909,i000661,i001663,i001455,i000646,i000521"
u024970,"i001143,i000554,i001240,i001949,i001786,i000956,i001191,i000695,i001922,i001688"
u024977,"i001455,i001673,i001914,i001710,i001445,i001952,i000481,i000661,i001649,i001069"
u024987,"i001682,i001922,i002009,i001335,i001595,i000200,i001151,i002056,i000282,i001240"
u024997,"i000481,i000909,i000521,i000324,i001069,i001952,i000555,i000342,i001663,i001922"
u024999,"i001069,i000481,i000909,i001952,i000521,i001663,i000324,i000342,i000661,i000555"
u025008,"i000481,i000521,i000909,i000342,i001922,i001952,i001663,i000661,i000555,i000324"
u025011,"i001922,i000977,i000521,i000342,i000481,i001682,i000646,i002009,i000661,i001217"
u025016,"i000720,i000999,i001649,i001455,i001914,i000832,i000789,i001922,i001673,i001087"
u025020,"i001455,i001445,i001673,i000554,i001046,i001952,i000805,i001949,i000931,i001710"
u025026,"i000481,i001952,i001038,i001663,i001069,i000661,i001455,i001046,i000646,i000909"
u025032,"i001069,i000481,i000646,i001663,i001952,i000909,i000947,i000661,i000521,i001445"
u025035,"i000481,i000909,i001069,i001663,i000521,i000342,i001952,i001478,i001914,i000554"
u025036,"i000481,i000909,i001922,i001952,i001069,i001663,i001914,i001240,i001455,i000695"
u025041,"i000909,i000481,i000324,i000521,i001069,i000342,i001952,i000555,i001663,i000661"
u025043,"i001922,i001682,i002009,i001595,i001335,i000200,i000006,i000977,i001113,i001801"
u025047,"i001069,i000481,i000909,i001952,i000947,i000521,i001663,i000661,i000646,i000342"
u025052,"i000695,i001240,i001688,i001922,i001049,i000481,i001584,i000554,i000521,i000909"
u025055,"i000898,i000324,i000555,i000327,i000110,i000909,i001151,i000481,i001134,i000877"
u025056,"i000481,i001069,i000909,i000521,i001952,i000554,i000342,i001663,i000947,i000661"
u025057,"i001191,i001240,i001786,i001717,i000554,i001801,i000754,i001922,i000956,i001350"
u025059,"i000481,i000909,i000324,i001922,i001952,i000555,i001151,i000521,i000282,i001240"
u025060,"i001455,i001673,i000554,i000909,i001710,i001949,i001952,i000481,i001445,i001922"
u025061,"i001240,i001922,i000695,i001786,i000909,i001049,i000554,i000754,i001688,i000324"
u025072,"i000555,i000324,i000898,i000110,i000909,i000327,i000877,i000481,i001151,i000521"
u025076,"i000481,i001663,i001952,i000695,i000554,i001240,i000661,i001445,i001922,i000909"
u025082,"i000555,i000481,i000521,i000909,i000646,i000324,i000554,i000342,i001663,i001952"
u025085,"i000909,i000481,i001922,i000521,i000342,i000324,i000555,i000554,i001663,i001952"
u025091,"i000909,i000481,i000521,i001952,i001922,i000555,i000324,i000342,i000554,i001069"
u025096,"i000909,i000481,i000521,i001922,i000324,i000342,i000555,i000554,i001952,i001069"
u025098,"i001069,i000481,i001952,i000909,i000661,i001455,i000521,i000947,i001673,i001922"
u025100,"i000695,i001922,i000481,i001240,i001688,i000521,i000909,i001049,i000554,i000058"
u025110,"i001240,i001922,i000695,i001688,i000754,i001786,i001049,i001584,i000058,i002009"
u025123,"i001914,i001087,i001649,i000481,i001952,i000909,i001069,i000342,i000554,i001663"
u025125,"i000909,i000555,i000481,i000324,i000521,i001922,i000342,i001952,i000898,i000110"
u025129,"i000481,i000909,i000521,i000342,i001922,i001240,i000554,i000324,i000555,i001952"
u025133,"i000481,i001069,i000909,i001952,i000695,i001663,i000661,i001240,i000521,i001455"
u025144,"i001922,i001240,i001049,i001688,i000695,i001786,i000977,i002009,i000754,i001350"
u025151,"i000481,i000342,i000521,i000909,i001952,i000661,i000555,i001663,i000324,i000554"
u025159,"i000324,i000555,i000909,i000110,i000898,i000327,i001151,i001922,i000877,i000481"
u025164,"i000481,i000646,i001069,i001663,i001952,i000909,i000661,i000521,i000342,i001038"
u025167,"i001069,i000481,i000947,i000909,i001952,i000521,i001713,i000570,i001267,i001663"
u025177,"i000481,i000342,i000521,i000909,i001952,i001663,i000661,i000554,i001069,i000695"
u025179,"i000909,i000481,i000324,i001922,i001240,i000555,i000521,i000342,i000695,i000554"
u025184,"i001069,i000947,i001952,i000481,i000521,i001267,i000570,i000342,i000661,i000909"
u025192,"i000909,i000481,i001952,i000555,i001069,i001151,i000282,i001922,i000521,i000324"
u025193,"i000481,i000909,i000521,i000554,i001922,i001952,i001240,i001663,i000342,i000207"
u025198,"i000481,i001069,i001952,i000661,i001663,i000909,i001922,i000554,i000695,i001445"
u025207,"i001069,i000481,i000909,i000947,i001663,i001952,i001445,i000646,i000661,i000521"
u025209,"i001069,i000481,i000521,i000947,i000909,i001508,i001952,i000555,i000342,i000661"
u025214,"i000898,i000324,i000327,i000909,i000481,i000555,i000110,i000521,i001952,i000342"
u025215,"i000909,i000481,i001952,i001069,i000661,i000521,i001038,i001663,i000646,i002146"
u025219,"i001455,i001922,i000481,i001673,i001952,i000661,i000554,i000521,i001663,i000909"
u025222,"i000695,i000058,i001049,i001688,i001584,i001240,i001922,i001462,i000401,i000554"
u025224,"i000167,i000909,i001069,i000481,i001922,i001445,i000720,i000554,i001455,i000521"
u025231,"i000555,i000324,i000898,i000909,i000327,i000110,i000481,i000342,i000521,i000877"
u025232,"i000481,i001952,i001069,i000661,i000521,i000909,i001663,i001038,i000342,i000554"
u025238,"i001922,i001240,i000695,i000481,i001688,i000909,i000554,i000521,i001049,i001786"
u025239,"i000481,i000909,i001069,i001663,i001952,i001455,i000695,i001240,i001445,i000554"
u025242,"i001069,i001952,i000481,i000909,i000661,i001455,i001445,i000521,i001038,i001663"
u025243,"i001914,i001087,i000324,i001649,i000898,i001952,i001143,i001335,i000555,i001445"
u025245,"i000481,i001069,i000909,i001952,i000521,i000324,i000555,i000661,i000947,i000342"
u025250,"i002009,i001922,i001682,i001335,i000200,i001595,i001151,i000977,i000006,i001240"
u025266,"i000909,i000481,i000521,i000342,i001663,i001952,i000554,i000555,i001922,i001069"
u025267,"i001922,i000909,i001151,i000481,i000282,i000324,i001240,i000521,i000554,i000555"
u025269,"i000909,i000481,i001922,i000521,i000324,i000342,i001240,i000555,i000554,i000695"
u025278,"i000909,i000481,i000324,i000521,i000555,i000342,i001922,i000554,i001952,i000110"
u025283,"i000324,i000555,i000898,i000110,i000909,i000327,i000877,i000481,i001134,i001151"
u025286,"i001922,i001682,i002009,i000977,i001217,i000200,i001335,i000521,i000006,i000342"
u025288,"i001240,i001922,i000695,i001191,i002009,i001786,i000754,i000554,i001682,i000200"
u025289,"i000661,i000481,i001952,i000521,i000342,i000909,i001038,i001069,i000554,i000646"
u025290,"i000481,i000909,i001069,i000521,i001952,i000324,i000555,i000342,i001922,i000554"
u025292,"i001069,i000481,i000947,i000909,i001952,i000521,i001663,i001713,i000342,i001267"
u025304,"i000909,i000481,i001922,i000521,i000324,i000342,i000555,i000554,i001240,i001663"
u025307,"i000909,i000481,i001069,i000521,i000342,i001952,i001922,i001663,i000324,i000661"
u025310,"i000481,i000521,i000342,i001069,i001952,i000909,i000661,i000619,i000646,i000947"
u025312,"i001922,i001240,i001682,i002009,i000695,i001049,i000977,i000200,i001335,i001151"
u025317,"i001922,i001240,i000695,i000909,i000481,i001688,i000324,i000555,i001049,i000521"
u025319,"i000481,i000909,i000324,i000521,i000555,i000342,i001922,i001069,i001952,i000554"
u025322,"i001069,i000481,i000909,i000521,i001952,i000947,i000342,i001663,i000661,i000207"
u025326,"i001240,i001922,i000695,i000754,i001786,i001191,i001688,i001049,i001584,i002009"
u025330,"i000909,i000481,i000521,i001922,i000324,i000555,i000342,i001952,i001663,i001069"
u025331,"i000481,i001069,i000909,i001952,i000695,i001663,i000661,i001455,i001922,i000947"
u025333,"i000909,i000481,i000521,i001069,i000342,i001952,i001663,i000554,i000324,i000661"
u025338,"i001922,i002009,i001682,i001240,i001049,i000695,i001335,i000006,i001801,i000977"
u025343,"i001455,i001673,i000554,i001445,i001710,i001914,i001949,i001143,i001952,i000481"
u025351,"i001240,i000695,i001922,i002009,i001584,i000058,i001688,i001049,i001191,i000200"
u025365,"i000481,i001069,i000909,i001952,i000521,i000661,i001663,i000324,i000342,i000555"
u025367,"i000555,i000324,i000110,i000327,i000898,i000909,i000481,i000877,i000695,i001125"
u025371,"i000481,i001069,i000909,i001663,i001952,i001038,i000646,i001445,i001478,i000661"
u025377,"i001914,i001649,i001087,i001069,i001673,i001455,i000909,i001445,i000947,i000481"
u025378,"i000909,i000342,i000481,i000521,i000324,i000646,i000661,i001952,i001663,i001069"
u025381,"i000695,i001240,i001922,i000481,i000554,i000909,i001688,i001049,i000521,i001786"
u025382,"i000324,i000555,i000898,i000110,i000909,i000327,i000877,i001151,i001134,i000481"
u025390,"i000481,i000909,i001922,i000521,i000554,i000342,i001952,i001240,i000695,i000324"
u025394,"i000481,i000909,i001069,i000521,i000342,i001952,i001663,i000947,i000661,i000554"
u025400,"i000554,i000909,i000521,i000481,i001143,i000342,i001949,i000661,i001191,i001046"
u025401,"i000481,i000909,i001069,i001753,i001952,i000521,i001663,i000661,i000342,i001046"
u025417,"i000324,i000555,i000327,i000909,i000898,i000110,i001922,i000695,i001240,i000481"
u025420,"i001455,i001952,i001069,i000481,i000909,i001445,i001673,i001710,i000554,i001949"
u025424,"i000909,i000481,i000521,i000324,i001922,i000555,i000342,i001952,i000554,i000898"
u025435,"i000481,i000521,i001952,i001069,i000661,i000947,i000909,i001663,i000342,i000646"
u025445,"i000555,i000324,i000909,i000110,i000521,i000481,i000327,i000898,i000342,i001952"
u025447,"i001949,i001240,i000554,i001191,i000695,i000481,i000058,i001922,i000342,i001717"
u025452,"i000324,i000555,i000909,i000481,i001069,i001952,i001753,i000327,i000661,i000342"
u025471,"i000324,i000555,i001455,i000481,i000898,i000695,i000909,i000110,i001445,i001673"
u025472,"i000481,i001069,i000909,i001952,i000521,i001663,i000342,i000661,i000947,i000554"
u025475,"i000661,i001952,i000481,i000521,i001069,i001455,i001038,i000909,i001663,i001002"
u025477,"i001240,i000695,i001922,i001191,i001688,i001584,i000058,i001049,i000554,i000956"
u025484,"i000481,i001952,i000661,i001069,i000521,i000646,i001663,i000909,i001038,i000158"
u025490,"i000661,i000481,i001952,i001069,i000521,i001663,i000342,i000947,i001038,i000646"
u025492,"i000909,i000481,i000521,i000342,i000324,i001069,i001663,i001753,i000661,i000555"
u025493,"i000481,i001922,i000695,i001952,i000909,i001663,i001069,i001240,i001914,i001584"
u025498,"i001069,i000481,i000909,i001952,i000947,i000521,i001663,i000661,i000342,i001713"
u025499,"i000481,i001038,i001663,i001952,i000909,i000661,i000646,i000521,i001478,i001069"
u025504,"i000481,i000909,i000342,i000521,i001952,i000661,i001663,i000324,i000554,i000555"
u025510,"i000695,i001240,i001922,i001688,i001049,i001584,i000058,i000481,i000909,i000554"
u025530,"i001240,i000695,i001688,i000481,i001922,i001906,i000909,i000342,i001049,i000555"
u025536,"i001069,i000481,i001952,i000909,i000661,i000521,i001455,i000947,i001663,i000324"
u025542,"i000481,i001952,i001069,i000909,i001663,i001478,i000661,i001038,i001455,i000947"
u025554,"i001688,i000695,i001049,i001584,i001350,i001240,i000401,i000058,i001462,i000646"
u025557,"i000481,i000909,i000324,i000521,i000555,i001069,i001952,i000342,i000661,i000554"
u025561,"i000481,i000909,i000521,i001922,i000342,i001069,i001952,i000661,i001663,i000555"
u025562,"i000554,i001143,i000481,i000521,i000909,i000555,i000324,i000661,i001952,i001949"
u025566,"i000481,i001952,i001038,i001455,i001663,i001069,i000909,i001046,i000661,i000554"
u025574,"i000554,i000481,i000521,i001240,i000661,i001143,i001191,i001952,i000342,i001949"
u025577,"i000481,i001455,i001445,i001069,i000909,i000661,i001663,i000695,i001952,i000554"
u025584,"i000481,i000521,i000909,i000342,i001663,i001240,i001922,i001952,i000646,i000554"
u025585,"i000481,i000909,i000324,i000555,i000521,i000342,i001922,i001952,i000554,i001240"
u025586,"i000481,i001069,i001455,i001952,i000661,i001445,i000909,i000554,i001038,i001673"
u025590,"i000481,i001069,i000909,i001952,i001663,i001455,i000521,i000661,i001478,i000554"
u025591,"i000909,i000481,i000521,i000324,i001922,i000342,i000695,i000554,i001240,i000555"
u025592,"i000481,i000909,i001922,i000695,i001240,i001952,i001663,i000554,i000521,i001049"
u025597,"i000481,i001455,i000695,i001952,i001069,i001673,i001663,i000661,i001240,i000909"
u025609,"i000481,i000909,i000324,i000521,i000555,i000342,i001922,i001069,i001952,i000554"
u025616,"i001240,i001922,i002009,i001682,i001335,i000695,i001801,i001151,i001786,i000200"
u025617,"i000481,i001663,i000909,i001069,i000521,i000342,i001952,i000554,i000661,i000646"
u025622,"i000327,i000898,i000110,i000324,i000555,i000909,i000481,i000695,i000877,i001240"
u025628,"i000909,i000481,i000521,i000342,i000661,i001663,i001952,i000555,i001069,i000554"
u025630,"i000324,i000909,i000555,i000327,i000898,i000481,i000110,i001069,i001952,i001455"
u025631,"i000481,i000909,i001069,i001952,i001455,i000695,i001922,i001663,i000661,i001240"
u025638,"i000481,i000909,i000342,i001922,i000521,i000554,i000661,i001663,i001952,i000555"
u025640,"i000481,i000521,i000909,i001663,i001069,i000342,i001952,i000661,i000554,i001914"
u025648,"i000646,i000481,i001445,i000909,i001663,i001069,i001922,i000661,i001952,i000554"
u025650,"i000324,i000909,i000481,i000555,i000521,i000898,i000110,i001952,i001069,i000342"
u025652,"i001952,i000481,i001455,i000554,i001069,i000661,i001673,i001445,i001663,i000909"
u025677,"i000909,i001445,i000481,i000554,i000521,i001949,i001952,i000661,i001663,i000342"
u025678,"i000481,i001952,i001069,i000909,i001663,i000661,i000521,i000947,i001038,i000342"
u025681,"i001069,i000481,i000947,i001952,i000661,i000521,i000909,i001663,i001455,i000570"
u025684,"i000481,i000909,i000695,i000521,i001952,i001663,i001240,i000207,i001688,i000342"
u025687,"i000481,i001952,i000909,i000521,i000661,i001922,i000342,i001663,i001069,i000554"
u025690,"i000909,i000481,i002146,i001046,i001069,i001952,i001663,i001445,i000661,i000521"
u025698,"i000554,i001240,i001191,i001786,i000956,i001949,i001922,i001143,i000695,i001717"
u025705,"i000554,i001143,i000342,i001949,i000481,i001240,i000521,i000661,i001952,i000956"
u025709,"i000481,i000909,i000521,i001069,i001952,i000342,i001663,i000661,i000947,i000646"
u025714,"i000481,i001240,i000695,i001663,i000554,i001952,i001445,i001688,i000956,i001922"
u025717,"i000481,i001069,i000521,i000909,i001952,i001663,i000554,i000342,i000661,i000947"
u025726,"i001922,i000695,i001240,i000481,i001688,i000909,i000521,i001584,i001049,i000324"
u025727,"i000481,i001445,i001952,i001069,i001455,i000661,i001663,i000909,i001038,i001478"
u025728,"i000909,i000481,i000342,i000521,i001478,i000554,i000324,i001663,i001952,i001949"
u025729,"i001922,i001240,i002009,i001786,i001682,i000695,i001049,i001335,i000977,i000754"
u025731,"i000481,i000909,i000521,i001952,i000324,i000555,i001069,i000342,i000695,i001663"
u025734,"i001240,i001922,i000695,i001786,i000754,i002009,i001191,i001688,i001584,i001049"
u025737,"i000695,i001240,i001688,i001922,i001049,i000481,i001584,i000058,i000554,i000909"
u025749,"i001922,i000695,i001240,i000909,i001049,i001688,i001584,i000481,i000324,i000058"
u025755,"i000909,i000481,i000521,i000695,i001240,i000342,i000324,i000554,i001663,i000555"
u025757,"i001069,i000481,i000909,i001952,i000947,i000521,i001663,i000342,i000646,i000207"
u025760,"i001069,i000481,i001952,i000947,i000909,i001663,i000661,i000931,i001455,i000521"
u025761,"i000342,i000253,i000521,i000977,i001217,i000661,i000481,i001922,i000646,i000909"
u025763,"i000481,i001069,i000909,i001952,i000521,i001663,i000661,i000947,i000342,i000324"
u025769,"i000695,i001688,i001240,i001049,i001922,i001584,i000058,i000754,i001786,i000554"
u025772,"i001240,i001922,i000695,i001688,i001049,i001584,i000481,i000058,i000909,i000554"
u025778,"i001240,i000695,i001922,i000327,i000481,i000324,i000555,i000909,i001049,i000554"
u025783,"i001069,i000909,i000481,i000947,i001455,i000661,i000521,i001922,i001914,i001952"
u025785,"i001240,i000695,i001922,i001688,i001049,i001584,i000058,i000481,i000754,i000554"
u025787,"i001455,i001673,i001710,i001445,i001952,i000554,i000481,i000661,i001069,i000909"
u025790,"i000909,i001922,i000481,i001240,i000324,i000521,i000695,i000554,i000555,i000342"
u025791,"i001922,i000909,i001151,i000555,i000324,i000481,i001240,i000695,i000282,i000521"
u025792,"i001922,i001049,i000695,i000058,i001240,i001584,i001688,i000977,i002009,i001462"
u025795,"i001455,i001673,i001710,i001952,i001445,i000805,i000968,i000554,i001949,i000661"
u025796,"i000555,i000324,i000898,i000327,i000110,i000481,i000909,i000521,i000877,i000554"
u025799,"i001688,i000695,i001049,i001584,i001350,i001240,i000058,i000401,i000754,i001778"
u025800,"i000324,i000555,i000898,i000110,i000327,i000909,i000877,i001134,i000481,i001151"
u025801,"i000481,i000695,i000521,i001688,i001952,i001240,i000554,i001663,i000342,i000909"
u025802,"i001240,i000695,i001922,i001688,i001584,i001049,i000058,i002009,i000754,i001191"
u025815,"i000554,i001143,i001240,i001786,i001191,i001949,i000909,i000481,i001922,i001455"
u025823,"i001922,i001240,i000695,i001049,i002009,i001688,i001786,i001682,i001584,i000058"
u025825,"i000695,i001240,i001688,i001922,i001049,i001584,i000058,i000754,i001786,i000909"
u025829,"i000754,i001786,i001350,i001240,i001688,i000554,i001922,i001314,i001191,i000695"
u025838,"i000324,i000555,i000110,i000898,i000909,i000327,i001922,i001134,i000695,i001151"
u025844,"i000754,i001786,i001350,i001240,i001314,i001688,i000554,i001922,i001191,i000200"
u025845,"i000909,i000481,i000342,i000521,i000324,i000555,i001922,i001663,i000554,i000661"
u025850,"i000661,i000481,i001952,i000521,i000342,i001922,i000554,i000646,i001038,i001663"
u025855,"i000909,i001922,i001240,i000481,i000695,i000324,i000521,i000554,i001049,i001688"
u025856,"i001922,i001240,i000695,i000909,i001688,i001049,i000481,i001584,i000754,i001786"
u025864,"i001069,i000481,i000909,i001952,i001455,i000695,i000661,i001663,i001673,i000947"
u025866,"i001688,i000695,i001049,i001584,i001350,i000058,i001240,i000401,i001778,i000754"
u025873,"i000909,i000481,i000521,i000342,i000554,i001663,i000695,i001240,i001922,i000646"
u025880,"i000909,i000481,i001922,i001240,i000695,i000521,i000554,i000342,i001663,i000324"
u025900,"i000481,i000909,i000661,i001663,i001952,i001069,i001922,i000521,i000554,i000342"
u025906,"i000555,i000898,i000324,i000481,i000110,i000909,i000521,i000877,i001952,i000554"
u025917,"i001922,i002009,i000977,i001682,i000956,i001717,i000554,i001335,i001240,i001151"
u025919,"i000481,i000909,i000521,i001952,i001069,i000555,i000342,i000324,i000661,i001663"
u025923,"i000695,i001240,i001688,i001922,i001049,i001584,i000481,i000754,i000554,i001786"
u025925,"i000324,i000555,i000909,i000481,i000898,i000110,i001952,i000521,i000342,i000327"
u025926,"i001922,i000695,i001688,i001240,i001049,i000058,i001584,i001786,i000977,i000554"
u025931,"i001240,i001191,i001786,i000695,i001922,i000754,i001688,i001949,i000058,i000554"
u025939,"i001922,i000695,i001240,i001688,i001049,i000909,i001584,i000481,i000058,i000521"
u025944,"i000110,i000324,i000555,i000898,i000327,i000909,i000877,i001134,i000481,i001516"
u025945,"i000909,i000481,i001069,i000521,i001663,i000342,i001952,i001038,i001478,i000324"
u025951,"i000754,i001786,i001350,i001314,i001240,i000554,i001922,i001688,i001191,i001717"
u025955,"i001922,i002009,i001682,i001240,i001335,i000977,i000481,i000006,i001151,i000695"
u025957,"i000695,i000058,i001584,i001688,i001049,i001240,i001922,i000554,i000401,i001786"
u025965,"i000909,i002146,i001922,i000481,i000646,i000554,i000521,i000754,i001688,i000695"
u025969,"i002009,i001922,i001682,i001335,i001240,i001151,i001595,i000200,i001801,i000282"
u025971,"i001922,i000909,i001240,i000481,i000324,i000695,i000521,i000554,i000342,i001786"
u025977,"i000909,i000481,i001922,i001240,i000695,i000521,i000324,i000342,i000555,i000554"
u025983,"i000695,i001584,i001240,i001049,i000058,i001688,i001922,i001462,i001786,i000401"
u025989,"i001922,i001240,i000695,i001049,i000481,i001688,i000909,i001584,i000554,i000521"
u025994,"i001922,i001240,i000695,i001049,i001688,i001786,i000909,i001584,i000754,i000058"
u025996,"i001922,i001240,i000695,i001688,i001049,i001584,i000481,i000909,i000058,i000554"
u026007,"i000481,i001952,i000695,i001455,i000661,i001069,i001049,i000947,i001584,i001673"
u026009,"i000554,i001240,i000909,i001922,i001191,i000481,i000695,i001143,i001949,i001786"
u026011,"i001922,i000909,i000481,i001240,i000324,i000521,i000695,i000342,i000554,i001949"
u026016,"i000481,i001952,i000909,i000521,i001663,i000661,i000342,i001038,i000554,i000646"
u026017,"i001922,i001240,i000695,i001049,i001688,i001786,i000909,i001584,i000754,i000058"
u026030,"i000481,i000956,i001240,i000554,i001663,i000695,i001445,i001688,i001191,i001952"
u026038,"i000695,i001688,i001049,i001584,i000058,i001240,i001462,i001922,i000401,i001786"
u026039,"i001240,i001922,i001786,i002009,i000695,i001335,i000200,i001682,i000754,i001049"
u026042,"i001455,i000481,i001673,i001922,i000661,i001952,i000909,i001445,i000695,i000555"
u026044,"i000909,i000481,i000521,i000695,i000554,i001240,i000342,i001688,i001922,i001663"
u026051,"i000909,i000481,i000521,i000661,i000342,i001952,i001663,i001069,i000554,i000324"
u026061,"i000909,i000481,i001240,i001922,i000695,i000554,i000324,i000521,i000555,i000342"
u026064,"i000481,i000521,i001922,i000909,i000695,i000342,i001240,i001688,i000661,i000554"
u026069,"i000342,i000481,i000909,i000521,i001663,i000661,i000646,i000554,i001478,i001952"
u026077,"i001151,i001922,i000282,i001320,i001026,i002009,i000360,i001515,i001682,i001113"
u026079,"i000481,i000521,i000342,i000661,i000909,i001952,i001663,i001069,i000646,i000554"
u026086,"i001069,i001952,i000661,i000481,i000342,i000909,i000521,i000947,i001455,i001445"
u026091,"i000695,i001584,i001688,i001049,i000058,i001240,i001462,i001922,i000401,i001786"
u026107,"i000909,i000481,i001922,i001240,i000324,i000695,i000521,i000555,i000554,i000342"
u026109,"i000909,i000481,i000521,i001069,i000342,i001952,i000661,i001663,i000947,i000554"
u026118,"i000695,i001688,i001240,i001049,i001922,i001584,i000058,i000754,i001786,i001462"
u026121,"i000909,i000481,i001922,i000342,i000521,i001663,i000554,i000324,i001240,i001952"
u026122,"i000481,i000521,i000909,i000342,i000554,i001663,i001922,i001952,i000661,i001949"
u026124,"i000695,i001240,i001922,i000481,i001688,i000554,i000521,i001049,i000058,i000909"
u026137,"i000481,i001478,i001952,i001663,i000909,i000646,i000521,i001445,i000661,i000554"
u026144,"i001069,i000481,i001952,i000909,i001663,i000661,i000947,i000521,i000342,i000554"
u026148,"i001922,i001240,i000695,i001049,i001688,i001786,i002009,i000058,i000754,i001682"
u026149,"i001240,i001922,i000695,i001688,i001049,i001584,i000754,i000058,i002009,i001786"
u026163,"i000555,i000324,i000110,i001952,i000327,i000481,i000898,i000909,i000877,i000521"
u026172,"i001922,i001682,i000200,i002009,i001240,i001335,i001595,i001786,i001151,i001350"
u026177,"i000909,i000481,i000342,i000324,i000521,i001922,i000555,i001240,i000554,i000695"
u026179,"i001240,i001922,i000695,i001688,i001584,i001049,i000754,i000058,i001191,i001786"
u026185,"i000555,i000324,i000110,i001952,i001069,i000481,i000898,i001151,i000327,i000909"
u026190,"i001240,i001688,i000695,i001922,i000481,i000554,i001049,i000909,i001584,i000754"
u026193,"i000909,i000481,i000342,i000521,i001922,i000324,i000555,i001240,i000554,i001952"
u026195,"i000695,i001240,i001922,i001688,i000481,i001049,i000909,i001584,i000554,i000324"
u026201,"i000695,i001584,i001049,i001688,i000058,i001240,i001462,i001922,i000401,i001350"
u026215,"i001240,i001786,i001922,i000754,i001191,i001350,i000695,i002009,i001801,i001682"
u026218,"i000695,i001688,i001922,i001240,i001049,i001584,i000058,i000554,i000521,i000754"
u026219,"i000481,i001952,i001069,i000909,i000661,i001038,i001663,i000521,i000947,i000646"
u026221,"i001240,i001922,i000695,i000754,i001786,i001688,i002009,i001049,i001584,i001191"
u026224,"i000282,i001515,i001151,i000360,i001682,i001922,i001335,i001320,i000317,i001113"
u026247,"i000661,i001952,i000481,i001046,i001914,i001445,i001455,i001673,i000646,i000342"
u026263,"i001069,i000481,i001952,i001922,i000947,i000661,i000521,i000909,i000342,i001663"
u026264,"i000481,i001069,i001952,i000909,i000661,i001663,i001455,i000521,i000695,i000947"
u026268,"i000909,i000481,i001069,i000521,i000342,i001952,i001663,i000947,i000661,i000207"
u026294,"i000481,i001952,i001069,i001663,i000661,i000909,i001038,i000521,i000646,i001478"
u026296,"i000481,i001952,i001069,i000661,i001663,i001922,i000909,i000554,i001240,i001445"
u026306,"i001069,i000909,i000481,i001952,i001922,i000324,i000555,i000661,i000947,i001455"
u026309,"i001069,i000481,i001952,i000909,i000661,i000324,i000521,i001151,i000555,i001922"
u026317,"i001069,i000481,i001952,i000661,i001922,i000909,i000947,i000695,i001663,i001455"
u026321,"i000481,i000909,i001952,i001069,i001922,i000324,i000661,i001455,i001663,i000521"
u026323,"i001069,i001952,i001455,i000481,i001673,i000661,i000947,i001445,i000931,i000909"
u026324,"i000481,i001069,i000909,i001952,i001663,i000661,i000947,i000521,i001455,i000554"
u026330,"i000481,i001069,i000909,i000521,i000947,i001952,i000342,i000661,i001914,i001663"
u026341,"i001952,i000481,i001069,i000661,i001663,i001455,i000521,i001038,i000947,i001002"
u026347,"i001069,i001952,i000481,i000909,i000947,i000661,i000521,i001455,i001663,i000931"
u026353,"i001069,i000481,i001952,i000909,i000661,i000947,i000521,i001455,i000324,i001663"
u026354,"i000909,i001069,i000481,i001952,i000947,i000661,i001914,i000521,i001663,i000342"
u026364,"i001455,i001445,i001952,i001069,i000554,i001673,i000931,i000661,i000695,i001240"
u026369,"i000481,i001914,i001069,i001663,i000521,i000661,i000554,i001922,i000909,i001952"
u026372,"i001952,i000661,i000481,i001753,i001455,i001069,i001663,i001508,i001673,i001906"
u026381,"i001069,i000481,i000947,i000909,i000554,i001952,i000521,i000661,i001663,i000931"
u026399,"i001069,i000481,i001952,i000909,i000661,i000947,i000521,i001663,i001922,i000342"
u026402,"i000481,i001069,i000909,i001952,i000521,i000947,i000661,i001663,i000342,i001455"
u026407,"i000324,i000555,i000110,i000898,i000327,i000909,i001134,i000877,i000481,i001952"
u026409,"i001455,i001952,i000481,i000661,i001673,i001069,i001445,i001710,i001046,i000909"
u026421,"i000481,i001069,i000909,i001952,i001663,i000521,i000947,i000661,i000342,i000695"
u026424,"i001455,i001673,i001710,i001445,i001952,i000661,i000554,i000805,i000481,i000909"
u026441,"i001875,i000554,i001949,i000618,i001143,i000956,i001069,i001240,i000947,i001455"
u026443,"i000481,i001952,i001069,i000909,i000661,i001663,i000521,i001455,i000947,i001038"
u026453,"i000481,i001069,i001952,i001663,i000661,i000909,i000695,i000521,i000947,i001922"
u026456,"i001069,i000481,i001952,i000909,i000521,i000661,i000342,i000324,i000947,i000555"
u026458,"i001922,i001320,i001335,i001682,i002009,i000282,i001595,i001151,i002056,i001113"
u026463,"i000481,i001069,i000909,i000521,i001952,i000947,i001663,i000342,i000661,i000646"
u026465,"i000481,i000909,i000695,i001069,i001663,i001952,i001240,i001455,i000661,i000554"
u026471,"i000481,i000909,i001069,i001952,i001663,i000521,i000661,i000342,i000207,i000947"
u026472,"i000909,i000481,i001069,i001952,i000324,i000555,i000554,i000521,i000661,i000342"
u026476,"i000481,i001069,i002132,i001038,i001952,i000646,i001663,i000521,i000661,i000909"
u026485,"i000481,i000909,i001069,i001952,i000695,i001663,i000661,i001455,i001240,i000521"
u026487,"i000481,i001069,i000909,i001952,i000521,i001663,i000947,i000342,i000661,i000646"
u026490,"i001069,i000947,i000481,i001189,i001952,i000661,i000521,i000909,i000570,i000646"
u026492,"i000695,i000058,i001049,i001584,i001240,i001688,i001462,i000842,i000401,i000931"
u026496,"i001069,i000481,i001952,i000909,i001663,i000521,i000554,i000661,i000342,i000947"
u026498,"i000481,i001069,i001952,i000909,i000695,i000947,i000661,i001663,i001455,i000521"
u026499,"i000481,i001069,i001952,i000909,i000521,i000342,i000947,i001663,i000661,i000207"
u026504,"i000481,i001069,i001952,i000909,i000661,i001663,i001922,i000521,i000947,i000554"
u026507,"i000481,i001069,i000909,i001952,i000521,i001663,i000947,i000207,i000661,i000342"
u026509,"i000481,i001478,i000909,i001069,i001663,i001952,i001445,i000521,i000661,i001046"
u026511,"i000251,i000220,i001069,i000931,i000909,i000695,i000947,i000554,i001445,i001663"
u026516,"i001922,i000481,i000695,i000909,i001455,i001914,i001952,i001682,i001049,i000661"
u026518,"i001455,i001673,i001710,i001445,i001952,i000805,i001922,i000554,i001914,i001682"
u026519,"i000695,i001584,i000058,i001688,i001049,i001462,i001240,i000401,i001922,i000829"
u026521,"i000481,i001069,i001952,i000909,i001663,i000695,i000661,i001455,i001922,i001445"
u026531,"i001069,i000481,i001952,i000909,i000661,i001455,i001663,i000555,i000324,i000521"
u026540,"i001455,i001673,i001914,i001710,i001445,i001649,i000554,i001087,i001949,i001952"
u026544,"i001049,i000695,i001584,i000058,i001688,i001462,i001922,i001240,i000401,i000842"
u026549,"i000324,i000555,i000909,i000481,i001455,i001952,i000110,i000661,i000898,i001673"
u026550,"i001069,i000481,i000931,i000909,i000947,i000554,i001952,i001663,i000695,i001455"
u026556,"i000555,i000324,i000327,i000909,i000110,i000898,i000481,i001069,i000521,i001952"
u026565,"i001069,i000481,i001952,i000909,i001455,i000661,i000324,i001663,i000695,i000554"
u026576,"i000481,i000661,i000521,i000909,i001069,i001952,i000554,i000947,i000342,i001663"
u026580,"i000555,i000324,i000110,i000481,i000898,i000909,i001952,i000327,i000877,i000554"
u026582,"i000481,i001069,i001952,i000909,i001663,i000521,i001038,i001455,i000947,i000661"
u026593,"i001069,i000481,i000909,i001952,i000521,i000947,i000661,i001663,i000342,i000554"
u026597,"i001069,i001455,i001952,i000481,i000909,i001673,i001445,i000554,i001914,i001949"
u026600,"i001455,i001922,i001445,i000481,i001673,i001914,i001710,i000554,i000695,i001952"
u026601,"i001069,i000481,i000909,i001952,i000947,i000521,i000661,i001663,i000342,i001455"
u026602,"i001462,i000695,i000058,i001584,i001049,i001688,i000401,i000829,i001240,i000842"
u026610,"i001069,i000481,i001952,i000661,i000909,i001663,i000947,i001922,i001455,i000521"
u026611,"i000554,i001455,i001952,i000481,i001069,i001445,i000661,i000931,i001949,i001673"
u026627,"i001753,i001069,i001508,i001906,i000947,i000325,i001267,i001875,i001952,i001711"
u026634,"i000931,i001069,i000842,i001455,i000652,i000554,i000947,i000695,i000909,i001952"
u026640,"i000481,i001952,i000661,i001069,i000342,i001663,i000521,i001445,i000909,i000947"
u026647,"i001069,i000481,i001952,i000947,i000909,i000661,i000931,i001663,i001445,i001713"
u026652,"i001069,i000481,i000909,i001952,i001922,i000521,i000661,i001455,i000947,i000324"
u026656,"i000481,i001069,i000909,i001952,i000521,i001663,i000947,i000342,i000661,i000554"
u026658,"i000695,i000481,i001240,i000909,i001049,i001663,i000554,i001455,i001584,i001688"
u026660,"i000481,i001952,i000661,i001069,i001038,i001046,i001663,i001445,i001455,i000521"
u026661,"i001922,i001682,i002009,i001335,i001595,i000200,i001801,i001151,i000977,i000006"
u026662,"i000909,i000481,i001069,i001952,i000521,i000661,i001663,i000947,i000342,i001445"
u026666,"i001952,i001069,i000481,i000661,i001455,i000521,i000909,i000324,i000110,i001038"
u026667,"i000481,i001069,i001455,i001952,i000909,i001663,i001922,i001673,i000695,i000661"
u026676,"i001069,i000481,i001952,i000661,i000909,i000947,i000521,i001663,i001038,i000646"
u026699,"i000481,i000646,i001069,i000661,i000521,i001952,i001663,i000909,i000342,i000947"
u026713,"i001069,i001952,i000909,i000947,i000931,i000481,i001455,i000661,i001914,i000570"
u026714,"i000931,i001069,i000695,i000652,i000909,i000947,i001455,i000058,i000842,i000554"
u026715,"i000481,i001952,i001069,i000661,i001663,i000909,i001455,i001922,i001673,i001445"
u026716,"i001952,i000481,i001069,i001038,i001445,i001046,i000661,i000646,i000909,i001663"
u026717,"i000909,i000481,i001069,i000695,i001922,i001455,i001673,i001952,i000554,i000324"
u026718,"i001952,i001455,i000481,i000661,i001069,i001673,i001445,i001663,i001046,i000909"
u026723,"i000481,i001069,i000909,i001952,i001455,i000695,i001663,i000661,i001445,i000947"
u026724,"i000909,i001069,i000481,i000521,i001952,i000947,i001663,i000342,i000661,i000324"
u026726,"i000481,i001069,i000909,i001952,i000661,i001508,i000521,i001663,i001455,i001753"
u026731,"i001069,i000481,i000947,i000909,i001952,i000521,i001267,i000570,i000931,i001713"
u026739,"i001914,i001649,i001087,i001069,i000481,i000909,i001952,i001663,i001922,i001455"
u026748,"i001314,i001445,i000661,i001663,i000646,i000554,i001478,i001952,i001455,i001710"
u026751,"i000481,i001069,i001952,i000909,i001663,i000661,i001914,i000554,i000695,i001455"
u026756,"i000481,i000521,i001952,i000909,i000661,i001069,i000342,i001663,i001038,i000646"
u026767,"i001069,i000481,i001952,i001922,i000661,i000909,i001663,i000947,i000695,i001455"
u026773,"i000481,i001952,i001069,i000521,i001663,i000661,i000909,i001922,i000342,i000947"
u026775,"i000481,i001069,i000909,i001952,i000521,i000661,i001663,i000555,i000324,i000947"
u026784,"i001069,i000481,i000947,i000909,i001952,i001663,i000521,i000661,i001267,i000342"
u026792,"i001069,i000481,i001753,i000909,i001952,i001508,i001906,i000947,i001455,i000521"
u026793,"i000481,i001952,i001069,i001038,i000661,i001663,i000909,i000521,i001455,i000646"
u026798,"i001914,i001455,i001673,i001445,i001710,i001649,i000554,i001952,i001087,i000909"
u026801,"i001069,i000947,i001952,i000481,i000661,i001663,i000521,i001267,i000554,i000342"
u026802,"i001069,i000947,i000481,i001952,i000521,i000909,i000661,i001663,i000342,i000570"
u026805,"i000481,i001069,i001952,i001508,i000909,i001663,i000661,i001038,i000207,i000947"
u026806,"i001952,i001069,i000481,i001922,i001455,i000909,i000661,i000282,i001673,i001682"
u026814,"i000481,i001069,i000909,i001952,i001922,i000661,i001663,i000947,i001455,i000521"
u026821,"i000481,i001069,i001952,i000909,i000521,i000947,i001663,i000661,i000342,i000554"
u026836,"i000282,i001151,i001515,i001922,i000360,i001682,i001335,i002009,i001113,i002056"
u026838,"i001069,i000481,i000909,i001952,i000947,i000521,i000661,i001663,i001455,i000342"
u026843,"i000324,i001069,i000909,i000555,i000481,i001914,i001455,i001952,i000661,i000898"
u026846,"i000555,i000324,i000110,i000327,i000898,i001455,i000481,i000909,i000877,i001673"
u026847,"i001069,i000947,i000521,i000481,i000909,i000342,i001952,i000661,i001663,i001267"
u026853,"i000481,i001952,i000909,i001069,i000324,i001922,i000555,i001663,i000661,i000554"
u026858,"i001069,i000481,i000947,i001952,i000909,i000521,i001267,i000661,i001663,i000342"
u026859,"i000481,i001952,i000909,i001069,i000521,i000555,i000898,i000324,i001663,i000661"
u026864,"i000481,i001069,i001952,i000909,i001663,i000661,i000947,i000521,i000646,i001038"
u026868,"i000481,i001069,i001952,i000909,i001455,i000661,i000521,i001445,i001663,i001038"
u026869,"i001069,i000481,i000909,i001952,i000947,i001663,i000661,i000521,i000554,i000342"
u026875,"i001455,i001673,i001952,i001710,i001445,i000481,i001069,i000909,i001914,i000661"
u026878,"i000481,i001069,i001952,i001914,i001663,i001038,i000661,i000909,i001445,i000554"
u026886,"i001952,i000661,i000909,i001478,i001445,i000481,i001046,i001663,i001069,i001710"
u026887,"i001069,i001445,i000481,i000661,i001038,i001952,i000646,i001949,i000909,i000554"
u026891,"i000695,i001922,i001049,i001335,i000167,i000058,i000200,i002009,i001584,i001682"
u026892,"i000909,i001069,i000481,i001952,i000521,i000947,i000661,i001663,i000342,i001713"
u026897,"i000695,i001584,i000058,i001688,i001049,i001462,i001240,i000401,i001922,i000829"
u026903,"i001914,i001087,i001649,i000909,i001952,i001455,i001069,i000481,i001673,i001663"
u026909,"i001914,i001087,i001649,i001069,i000481,i001952,i001455,i001445,i000909,i000554"
u026918,"i000481,i001069,i002132,i001952,i001038,i000646,i001663,i000521,i000158,i000909"
u026920,"i001069,i000481,i001952,i000909,i000947,i000661,i001663,i000521,i000342,i001922"
u026922,"i000481,i001952,i001069,i000661,i001663,i000909,i000947,i000521,i001455,i001038"
u026926,"i001069,i000481,i001952,i000909,i000947,i000661,i001663,i000521,i000695,i001455"
u026934,"i000909,i000481,i001069,i001445,i001455,i000324,i000554,i001952,i000661,i001663"
u026935,"i000481,i001952,i001069,i000661,i001455,i001038,i000909,i000521,i000720,i000554"
u026942,"i001663,i001952,i000481,i001069,i001478,i000909,i000646,i000661,i000521,i000947"
u026952,"i000909,i001069,i000481,i001952,i000661,i000521,i001663,i000342,i000947,i001445"
u026969,"i000481,i001069,i000909,i001952,i001663,i000661,i000521,i000947,i000342,i001455"
u026970,"i001069,i000481,i001663,i001952,i000947,i000646,i000909,i000570,i001038,i000661"
u026971,"i001455,i001673,i001710,i001445,i001952,i001069,i000554,i000805,i000481,i000909"
u026973,"i000481,i001069,i000909,i001952,i001663,i000947,i000695,i000521,i000661,i000646"
u026974,"i000481,i000521,i001952,i000909,i000342,i000661,i001069,i001663,i000554,i000619"
u026977,"i001069,i000481,i001952,i000909,i000947,i001663,i000661,i000521,i001038,i000207"
u026989,"i000481,i001952,i001069,i001663,i000661,i001455,i000909,i000521,i000695,i001922"
u026992,"i001069,i000481,i001952,i000947,i000909,i001663,i000661,i000521,i000931,i001445"
u027019,"i001069,i000481,i001952,i000909,i001663,i000661,i001914,i000947,i000554,i001949"
u027023,"i000481,i001069,i001952,i000661,i000521,i000342,i000909,i001663,i000947,i001478"
u027029,"i000481,i001069,i001952,i001455,i000909,i000661,i001922,i001673,i001663,i000695"
u027034,"i001069,i000481,i000909,i000947,i001952,i000521,i001663,i000661,i000646,i000931"
u027037,"i001445,i001069,i001952,i000481,i001455,i000661,i000909,i000554,i000931,i001663"
u027045,"i000481,i001069,i001952,i000909,i001922,i000661,i001455,i001663,i000695,i000521"
u027057,"i001922,i000481,i000909,i000521,i000324,i000342,i001663,i000661,i001952,i001914"
u027064,"i000481,i001069,i001952,i000661,i000909,i001663,i001455,i000695,i001445,i000554"
u027067,"i000695,i000058,i001049,i001584,i001688,i001240,i001462,i001922,i000931,i000401"
u027068,"i000481,i001069,i001753,i000909,i001952,i001663,i001455,i001906,i000342,i000661"
u027069,"i001952,i000481,i000661,i001069,i001455,i001445,i001663,i000521,i000342,i000554"
u027073,"i001151,i000282,i001515,i001320,i000360,i001682,i001026,i001922,i000555,i002056"
u027077,"i001069,i000481,i001952,i000909,i000324,i000555,i000661,i000521,i001455,i001663"
u027078,"i001069,i000481,i000909,i001952,i000521,i001663,i000947,i000661,i000342,i000646"
u027079,"i000481,i000521,i000661,i001069,i001952,i000909,i001455,i000947,i000554,i000342"
u027082,"i000909,i001069,i000481,i001952,i000661,i000521,i001455,i000324,i000554,i001445"
u027083,"i000481,i000909,i001663,i001952,i001069,i001478,i000342,i000521,i000661,i001038"
u027085,"i000909,i001914,i001069,i000481,i001649,i001952,i000521,i001087,i001455,i000342"
u027086,"i000481,i001455,i001952,i000909,i000695,i001069,i001663,i001240,i000661,i000554"
u027088,"i000481,i001069,i001952,i000521,i000909,i000661,i000947,i000342,i001663,i001455"
u027092,"i000324,i000555,i000909,i000898,i001069,i000481,i000327,i001952,i000110,i000521"
u027093,"i001455,i001673,i000481,i001952,i001069,i000695,i001710,i000909,i001445,i000661"
u027096,"i001922,i000481,i001455,i000324,i001673,i000909,i001952,i000555,i000554,i000661"
u027103,"i001069,i001914,i000481,i001649,i000909,i000947,i001952,i001663,i001455,i001087"
u027105,"i001069,i000481,i001952,i000661,i000909,i001663,i001455,i001922,i001673,i000947"
u027111,"i000481,i001069,i001952,i001663,i000909,i001038,i000661,i001478,i000646,i000521"
u027114,"i000481,i001069,i000909,i000521,i001952,i001663,i000342,i000947,i000661,i000554"
u027121,"i001949,i000554,i000695,i001914,i000058,i001069,i000931,i001455,i000652,i001445"
u027122,"i000481,i001952,i001069,i000661,i000909,i001663,i000521,i001038,i001455,i000342"
u027124,"i000909,i000481,i001069,i001952,i000661,i001445,i000521,i001455,i001663,i001673"
u027139,"i000481,i001069,i001952,i001663,i000695,i000909,i000661,i001455,i001240,i001445"
u027140,"i001069,i000481,i000947,i000909,i001952,i001663,i001267,i001713,i000570,i000931"
u027142,"i002056,i001922,i001335,i001682,i001801,i000282,i001595,i001623,i000968,i001952"
u027151,"i000521,i000481,i001069,i001952,i000661,i000342,i000909,i000947,i000554,i000555"
u027160,"i001875,i000618,i000481,i001069,i000947,i001952,i000521,i001189,i001455,i001949"
u027161,"i001069,i000481,i000909,i001952,i000947,i000521,i000661,i001663,i001455,i000342"
u027165,"i000481,i001952,i001069,i000521,i000646,i000947,i000661,i001875,i001663,i000342"
u027174,"i001151,i000282,i001515,i001026,i000360,i001682,i001069,i001922,i001320,i000555"
u027181,"i000931,i001069,i000947,i000481,i000909,i001952,i000652,i001455,i000554,i001445"
u027182,"i000652,i000931,i001455,i001445,i001949,i000805,i001673,i000695,i001069,i000251"
u027185,"i001914,i001649,i001087,i000909,i000481,i001952,i001455,i001673,i001069,i000554"
u027188,"i001069,i001952,i000481,i001663,i000947,i000909,i000661,i001455,i001267,i000646"
u027189,"i001069,i000481,i000909,i001952,i000661,i001455,i000521,i000947,i000342,i001663"
u027192,"i000695,i000481,i001049,i001069,i001455,i001240,i000909,i001584,i001688,i001673"
u027195,"i000481,i001069,i001952,i000909,i000661,i000324,i000521,i001663,i001922,i000555"
u027196,"i000481,i001069,i000909,i001952,i000521,i001663,i000342,i000661,i001038,i000207"
u027201,"i001455,i001673,i000968,i001445,i000805,i001710,i001952,i000661,i001914,i000554"
u027205,"i000481,i001952,i000909,i000661,i001069,i000521,i001663,i001455,i000947,i001038"
u027207,"i000481,i001952,i001069,i000909,i000521,i000661,i000324,i000555,i001663,i000342"
u027213,"i001445,i001455,i001314,i000554,i000481,i001673,i000661,i001952,i001710,i001069"
u027216,"i001069,i000481,i001952,i000909,i000695,i001455,i000661,i000324,i001922,i000947"
u027220,"i000481,i000695,i001069,i000909,i001952,i001455,i001922,i001663,i001914,i001240"
u027222,"i000324,i000555,i000110,i000898,i000327,i001151,i001952,i000481,i001134,i000909"
u027226,"i001069,i000220,i000931,i000251,i000947,i000652,i000695,i001445,i000909,i001455"
u027238,"i000481,i001069,i000909,i001952,i001663,i000521,i000947,i000342,i000695,i000661"
u027240,"i001069,i000481,i001952,i000661,i001455,i000909,i000521,i000947,i000554,i000931"
u027246,"i001455,i001673,i001952,i000661,i001710,i000342,i001445,i000554,i001046,i001949"
u027255,"i000481,i000909,i001952,i001069,i000661,i001455,i001914,i000521,i001753,i000324"
u027261,"i001478,i000481,i000909,i001069,i001663,i001952,i001445,i001038,i000646,i000342"
u027265,"i001069,i001952,i000481,i000947,i000909,i000661,i000521,i001663,i000342,i001455"
u027266,"i001069,i000481,i000947,i001952,i000909,i000521,i000661,i000342,i001663,i000554"
u027269,"i000481,i001069,i001952,i000909,i000521,i001663,i000947,i000661,i001038,i000342"
u027272,"i001663,i000481,i001952,i000646,i001069,i001478,i000661,i001046,i001445,i001038"
u027280,"i000481,i001069,i000909,i001952,i001663,i000947,i000661,i000521,i000646,i000554"
u027285,"i001069,i000947,i001952,i000481,i000521,i000909,i000554,i000931,i000661,i001663"
u027291,"i001069,i001753,i000481,i000909,i001952,i001663,i001455,i000947,i001508,i001906"
u027299,"i000554,i001069,i000481,i001455,i001952,i000909,i001914,i000931,i001445,i001143"
u027303,"i001069,i000481,i000909,i001952,i000947,i001663,i000661,i000521,i001455,i000695"
u027305,"i000481,i001069,i001952,i000909,i001663,i001922,i000695,i000661,i000521,i001240"
u027307,"i000481,i001046,i001445,i000646,i000661,i000909,i001952,i001010,i000158,i001069"
u027311,"i001069,i000481,i000947,i000909,i000521,i001952,i000342,i000661,i001663,i000570"
u027317,"i000481,i001069,i000909,i001952,i000695,i000947,i000661,i001663,i001455,i000521"
u027322,"i001508,i001753,i000325,i001927,i000518,i001906,i000301,i000282,i000324,i001065"
u027331,"i001069,i000481,i000909,i001952,i001663,i000947,i000521,i000646,i000342,i000554"
u027335,"i001069,i001455,i000481,i001508,i000931,i001952,i001649,i000554,i000947,i000360"
u027342,"i001875,i000618,i000481,i001069,i001952,i001949,i001455,i001673,i000521,i000646"
u027344,"i000481,i000695,i001455,i001069,i000909,i001952,i001673,i001922,i001663,i001049"
u027346,"i000481,i001069,i000909,i001952,i000521,i001663,i000947,i000661,i000342,i000324"
u027347,"i000481,i000909,i001069,i001952,i001922,i000695,i000661,i001663,i000554,i001455"
u027351,"i001069,i000481,i000909,i001952,i000947,i000521,i001663,i000661,i000342,i001267"
u027353,"i001069,i000909,i000481,i000521,i000947,i001952,i000661,i000342,i000570,i001455"
u027363,"i001952,i001069,i000481,i000661,i001663,i000947,i001455,i000909,i000521,i001673"
u027366,"i000481,i001069,i000909,i001952,i001663,i000695,i001455,i000661,i000947,i001922"
u027377,"i001914,i001649,i001087,i001069,i001952,i001455,i001673,i000481,i001663,i000554"
u027379,"i001069,i000481,i000909,i001952,i001663,i000947,i000521,i000661,i000342,i000324"
u027380,"i000554,i001455,i001673,i000481,i001952,i001445,i001949,i000909,i001143,i001069"
u027396,"i000481,i000661,i000521,i001069,i001952,i000909,i001663,i000342,i001455,i000947"
u027399,"i000481,i001069,i000909,i001952,i000521,i001663,i000947,i000342,i000661,i000646"
u027401,"i000947,i001069,i000661,i001267,i001952,i000521,i000481,i000342,i000570,i001663"
u027407,"i000481,i001952,i000646,i001038,i001069,i001663,i000661,i000909,i000521,i001046"
u027408,"i001069,i000481,i000909,i001753,i001952,i001508,i000947,i001663,i000661,i001455"
u027409,"i000481,i001952,i001069,i001663,i000661,i000909,i000521,i001038,i000207,i000646"
u027411,"i001914,i000481,i001069,i001952,i001087,i000661,i001649,i000909,i000521,i000342"
u027414,"i000909,i000481,i001069,i000521,i001952,i000342,i000661,i000324,i001663,i001038"
u027415,"i000481,i001069,i001952,i001663,i000909,i000661,i000521,i001478,i000342,i000947"
u027417,"i000481,i000909,i000521,i001069,i001952,i000661,i000324,i001922,i000342,i000555"
u027422,"i001914,i001649,i001087,i001455,i001673,i000554,i000481,i001445,i001922,i000909"
u027428,"i001240,i000695,i001922,i000058,i001584,i001049,i001688,i001191,i000754,i002009"
u027429,"i001335,i001922,i001682,i002009,i000200,i001595,i002056,i001801,i001113,i000282"
u027430,"i001069,i000481,i001952,i000909,i000661,i001922,i001455,i000324,i000521,i000947"
u027439,"i000481,i001069,i001952,i000909,i000947,i000521,i000661,i001663,i000342,i001455"
u027441,"i000481,i000909,i001069,i001952,i000661,i000521,i001663,i001922,i000342,i000554"
u027449,"i001143,i000554,i001455,i001949,i000931,i000909,i001069,i001445,i001673,i000481"
u027451,"i000481,i001069,i000909,i001952,i000661,i000521,i001663,i000342,i000947,i001038"
u027458,"i000554,i000909,i001949,i000481,i001069,i001143,i001455,i000521,i001191,i001445"
u027467,"i001069,i000481,i001952,i000909,i000661,i000947,i001455,i000521,i001663,i001445"
u027470,"i001952,i001069,i000481,i000661,i001455,i000909,i001673,i001663,i000521,i001710"
u027483,"i000695,i001584,i000058,i001688,i001049,i001462,i001240,i001922,i000401,i001682"
u027484,"i001069,i000481,i000909,i001952,i000947,i000521,i000661,i001663,i000342,i001455"
u027489,"i000481,i001069,i000909,i001952,i001663,i000521,i000947,i000661,i000342,i001038"
u027491,"i000481,i001069,i000909,i001952,i001663,i000695,i000521,i000661,i001922,i000947"
u027496,"i001069,i000481,i000947,i001952,i000909,i001663,i000661,i000521,i000931,i001267"
u027497,"i001952,i000481,i001069,i000661,i000646,i001663,i001038,i000521,i001046,i001455"
u027505,"i000481,i001952,i001069,i000909,i000521,i000661,i000947,i001663,i001038,i000342"
u027512,"i000481,i001069,i000909,i001952,i001455,i000661,i000324,i001663,i001922,i000555"
u027515,"i001455,i001952,i001069,i000661,i001445,i001914,i000909,i001673,i000481,i001710"
u027521,"i001069,i000481,i001952,i001663,i000909,i000947,i000521,i001445,i000661,i000207"
u027527,"i001069,i000481,i001952,i001455,i000909,i000661,i001445,i001663,i001673,i000554"
u027529,"i001143,i000554,i001069,i000481,i000909,i001455,i001952,i000661,i001949,i000521"
u027531,"i000481,i001069,i000909,i001952,i000661,i001663,i000521,i000947,i001922,i000342"
u027532,"i001710,i001455,i001673,i001445,i001952,i000661,i001143,i001069,i000554,i000909"
u027548,"i001069,i000947,i000481,i001952,i000521,i000661,i000342,i001875,i001663,i001267"
u027555,"i001455,i000481,i001046,i001952,i001673,i001445,i000661,i001710,i000554,i001478"
u027563,"i000909,i001069,i000481,i000661,i001952,i000521,i000947,i001663,i000324,i000342"
u027565,"i001455,i000481,i001922,i001952,i001673,i001710,i000661,i000909,i001069,i000695"
u027566,"i001069,i000481,i001952,i000909,i000521,i000661,i000947,i001663,i000342,i000554"
u027568,"i001952,i000481,i000661,i001455,i000248,i001069,i001710,i001673,i000909,i001663"
u027573,"i000646,i001445,i001663,i000661,i000481,i001069,i000521,i001952,i001314,i001046"
u027578,"i001069,i000481,i000909,i001952,i000521,i001663,i000947,i000342,i000661,i000554"
u027579,"i000481,i000909,i001069,i000521,i000342,i001663,i001952,i000554,i000661,i000324"
u027583,"i001069,i000481,i000909,i001952,i000324,i001455,i000661,i000947,i000521,i001663"
u027589,"i001455,i001673,i001710,i001952,i001069,i001445,i000481,i000909,i000554,i000661"
u027593,"i000481,i001069,i001952,i000909,i000661,i001663,i000521,i000947,i000342,i000554"
u027597,"i000481,i001069,i001952,i000909,i000661,i001663,i001922,i000521,i000695,i000947"
u027604,"i001922,i000481,i001455,i000909,i001952,i001240,i001663,i000661,i000695,i000554"
u027605,"i000481,i001069,i000909,i001952,i000521,i001663,i000947,i000342,i000661,i000646"
u027612,"i001069,i000481,i001952,i000909,i000661,i001663,i000947,i000521,i001455,i000324"
u027613,"i001914,i001649,i001087,i001069,i000909,i000931,i001922,i001445,i000481,i001801"
u027631,"i001455,i001673,i001710,i001952,i001445,i000805,i000968,i000661,i001069,i000931"
u027637,"i000481,i000909,i001069,i001952,i001663,i000947,i000521,i001922,i000661,i000342"
u027640,"i000324,i000898,i000555,i000327,i000481,i000909,i000110,i001455,i001952,i001914"
u027646,"i000481,i001952,i001069,i000661,i001455,i000695,i001922,i000909,i000554,i001445"
u027651,"i000661,i001952,i000481,i001455,i000521,i001673,i001069,i001445,i001038,i000554"
u027652,"i001952,i000481,i001069,i000661,i001455,i000909,i000947,i001663,i001673,i000521"
u027654,"i001069,i000481,i001952,i000909,i000661,i001455,i001663,i001673,i001922,i000947"
u027662,"i001069,i000481,i000909,i001952,i000521,i000947,i000661,i001663,i000646,i000342"
u027671,"i001069,i000481,i000909,i000947,i001952,i001663,i000661,i000521,i001038,i001445"
u027677,"i000909,i000481,i001069,i001922,i000695,i000661,i001952,i001663,i000521,i000554"
u027686,"i001069,i000481,i001952,i000909,i000947,i000661,i001663,i000521,i001455,i000554"
u027690,"i000481,i001069,i000909,i001952,i001663,i000661,i000947,i001455,i000521,i000554"
u027691,"i001151,i000282,i001515,i001320,i001026,i000360,i001922,i001682,i000555,i000317"
u027696,"i001069,i000481,i000909,i001952,i000947,i001663,i000661,i000521,i000695,i001455"
u027703,"i000909,i000481,i001952,i001069,i001455,i000661,i000521,i001663,i000554,i001673"
u027707,"i001952,i000481,i001069,i000661,i000521,i001455,i001038,i001663,i000947,i001445"
u027714,"i000481,i000661,i000521,i001069,i001445,i001663,i000342,i001906,i000554,i001952"
u027716,"i001914,i001649,i001922,i000909,i001087,i000554,i001455,i000481,i001673,i001445"
u027729,"i001069,i000481,i000909,i001952,i000521,i000947,i000661,i001663,i000342,i000324"
u027730,"i001069,i000909,i000481,i000947,i001952,i000521,i001663,i001713,i000342,i000931"
u027733,"i001069,i000481,i000909,i001952,i000521,i000947,i001663,i000661,i000646,i001038"
u027740,"i000481,i001069,i001952,i001663,i000909,i000661,i000521,i000554,i001455,i001445"
u027747,"i001753,i000325,i001508,i001906,i001069,i000518,i000481,i001927,i000548,i000301"
u027761,"i000324,i000555,i000110,i001069,i000898,i000327,i000909,i001952,i001134,i000481"
u027768,"i000481,i001952,i001069,i000661,i000909,i001455,i001038,i001445,i000554,i001663"
u027771,"i000931,i001069,i000652,i000947,i000842,i001455,i000695,i000554,i000251,i000570"
u027774,"i001455,i001673,i001710,i001445,i001952,i000805,i000554,i001069,i000661,i000931"
u027775,"i000481,i001069,i001952,i000909,i000521,i001663,i000661,i000342,i000947,i000554"
u027777,"i000481,i000909,i001069,i001663,i001445,i001952,i000554,i000695,i001478,i001455"
u027779,"i001069,i000481,i001952,i000909,i000947,i000521,i000661,i000324,i001663,i001455"
u027784,"i000481,i001952,i001663,i000661,i001445,i001922,i000554,i001240,i001069,i001914"
u027787,"i001069,i000481,i001952,i000947,i000909,i000661,i001663,i000521,i000931,i000324"
u027788,"i001922,i001682,i002009,i001335,i000200,i001595,i000977,i001240,i001151,i000006"
u027789,"i001455,i001673,i001710,i001069,i000931,i000805,i001445,i001952,i000661,i000947"
u027794,"i001069,i000481,i000909,i001952,i000661,i001663,i001455,i000947,i001673,i000695"
u027797,"i000646,i001952,i000481,i000661,i001663,i001069,i000521,i001046,i000909,i000554"
u027805,"i000661,i000521,i001508,i000481,i000342,i001922,i001753,i001069,i001952,i000947"
u027806,"i001069,i000481,i001952,i000909,i000947,i000661,i000521,i001455,i000555,i001663"
u027812,"i000481,i001069,i001952,i000909,i000661,i001663,i000947,i000521,i000554,i000342"
u027818,"i001069,i000481,i001952,i000909,i000947,i000661,i001455,i000521,i000554,i000342"
u027819,"i001682,i002009,i001922,i001335,i001595,i000282,i000200,i001151,i002056,i001515"
u027827,"i000481,i001952,i001069,i001663,i000661,i001455,i001922,i000695,i001445,i000909"
u027830,"i000481,i001069,i000909,i001952,i001663,i000521,i000947,i000661,i000342,i000646"
u027834,"i000909,i001455,i001922,i001952,i000661,i000554,i001445,i000481,i001673,i002146"
u027836,"i000481,i001069,i000909,i000695,i001952,i001663,i001455,i000554,i000661,i001240"
u027837,"i001508,i001906,i001753,i000325,i001069,i000481,i001952,i000909,i000518,i000548"
u027845,"i001240,i001922,i000695,i001191,i001049,i002009,i001688,i001584,i000554,i001682"
u027861,"i000481,i000909,i000521,i000661,i001952,i001922,i001069,i000342,i000646,i001663"
u027863,"i002056,i001801,i001335,i001922,i000282,i001623,i001595,i001682,i001552,i000968"
u027865,"i001069,i000481,i001952,i000909,i000947,i000521,i000661,i000554,i001455,i001663"
u027870,"i000646,i001663,i000481,i001952,i000661,i001046,i000521,i001069,i000554,i001314"
u027873,"i001069,i000481,i000947,i001952,i000909,i000521,i001663,i000661,i001267,i001038"
u027878,"i000481,i001069,i001952,i000909,i000661,i001922,i001663,i000695,i000521,i000554"
u027879,"i000481,i001952,i000661,i001922,i001069,i001455,i001663,i000909,i001673,i000521"
u027882,"i000324,i000555,i000898,i000909,i000481,i001069,i000110,i001952,i000327,i000521"
u027892,"i001069,i000481,i001952,i000909,i000661,i001922,i001663,i000554,i001455,i000521"
u027893,"i000521,i000481,i000661,i000342,i001952,i001069,i000947,i000646,i000909,i000619"
u027896,"i001069,i000481,i001952,i000661,i000521,i000947,i000909,i001663,i000342,i000554"
u027899,"i000695,i000058,i001584,i001049,i001462,i001688,i000401,i001240,i000829,i001922"
u027902,"i001069,i000481,i000909,i001952,i000947,i000661,i000521,i001663,i000342,i001455"
u027903,"i001069,i000481,i001952,i000909,i000947,i001753,i000661,i000646,i001663,i001508"
u027904,"i001069,i000481,i000909,i001952,i000521,i000947,i000324,i001922,i000661,i000555"
u027908,"i000481,i001069,i001952,i000661,i001922,i000909,i000947,i001663,i000521,i000695"
u027909,"i000481,i001069,i001952,i001455,i000695,i000909,i000661,i001922,i001663,i001673"
u027917,"i000481,i001069,i001952,i000661,i001922,i000909,i001663,i000554,i000521,i000695"
u027928,"i001455,i001922,i000481,i001445,i000661,i001952,i000554,i001673,i001710,i000695"
u027938,"i000555,i000324,i001151,i001069,i000481,i000554,i000342,i000909,i000521,i000661"
u027940,"i001069,i000909,i000481,i001914,i001649,i001952,i001087,i001922,i000521,i001455"
u027943,"i000282,i001151,i001515,i000360,i001026,i001320,i002056,i001922,i001682,i000317"
u027949,"i000555,i000324,i000327,i000898,i000481,i000909,i000110,i000554,i001455,i000877"
u027966,"i000253,i000661,i000342,i000521,i001952,i000646,i000481,i001069,i000947,i001663"
u027967,"i001069,i000481,i001952,i000661,i000521,i000947,i000342,i001663,i000909,i000646"
u027968,"i001069,i000481,i001952,i000661,i000947,i001663,i000909,i000521,i000554,i000646"
u027971,"i000481,i001069,i000909,i001952,i001663,i000661,i000521,i000947,i000342,i001455"
u027974,"i000481,i001952,i001455,i000661,i001663,i001069,i000909,i001673,i001922,i000947"
u027978,"i001952,i000481,i001069,i000661,i001455,i001663,i000909,i000521,i000947,i001673"
u027980,"i001455,i001673,i001710,i001445,i001952,i000554,i000661,i001922,i001069,i001914"
u027982,"i000481,i000342,i000661,i001952,i001663,i000521,i000909,i001069,i000646,i000947"
u027993,"i000481,i000909,i001069,i001952,i001663,i000661,i000342,i000521,i000947,i000646"
u027994,"i000481,i001952,i001455,i000695,i001663,i001922,i001069,i001445,i000661,i000909"
u027999,"i001952,i000481,i001069,i000661,i001663,i001038,i001455,i000909,i000947,i001046"
u028000,"i000481,i001455,i001922,i001952,i001663,i000909,i001445,i001673,i000661,i001914"
u028002,"i001069,i000481,i000695,i001952,i001922,i001455,i000661,i000909,i001673,i001663"
u028015,"i001922,i000481,i001952,i001682,i000909,i002009,i001335,i000282,i000661,i000555"
u028017,"i000481,i001069,i000909,i001952,i001663,i000947,i000695,i000661,i000521,i000554"
u028020,"i000555,i000324,i001151,i000909,i000282,i001515,i001069,i000481,i001952,i000521"
u028022,"i000481,i001069,i000695,i000909,i001952,i001663,i001455,i001240,i000947,i001049"
u028023,"i001455,i001952,i000481,i001673,i001710,i000554,i001445,i001663,i000661,i001069"
u028024,"i001069,i000481,i001952,i000909,i000661,i000947,i001922,i001663,i000521,i000342"
u028027,"i001455,i000481,i001952,i000695,i001069,i001673,i001922,i000909,i000661,i000555"
u028028,"i001914,i001649,i001069,i001455,i000481,i000909,i001143,i001952,i001087,i000554"
u028034,"i000481,i001952,i001069,i000661,i001455,i001922,i000909,i000695,i001663,i000947"
u028038,"i001069,i000481,i001952,i000947,i000931,i000661,i001445,i001455,i001906,i000521"
u028047,"i001069,i000481,i000909,i000947,i001952,i001663,i000521,i000661,i000646,i000931"
u028048,"i000481,i001069,i001952,i000909,i001455,i000324,i000661,i000555,i000695,i001922"
u028050,"i000481,i001952,i001069,i000661,i000521,i001663,i000909,i000342,i000248,i000207"
u028052,"i001069,i001455,i001952,i000481,i000661,i001673,i000909,i000947,i001445,i001710"
u028057,"i001069,i000481,i000947,i000909,i001663,i000342,i001952,i000521,i001267,i001478"
u028061,"i001952,i001455,i000481,i000661,i001673,i001710,i000554,i001445,i001069,i001046"
u028083,"i001069,i000909,i000947,i000481,i001713,i000661,i000555,i000167,i001922,i001445"
u028088,"i001952,i000481,i001069,i000661,i001455,i000909,i001663,i001445,i001673,i002063"
u028105,"i001753,i001508,i000661,i001455,i001069,i001673,i001906,i000481,i001952,i000518"
u028107,"i000481,i001069,i000909,i000521,i001952,i000661,i000554,i000947,i000342,i001663"
u028111,"i000481,i000521,i000661,i001069,i000909,i001952,i000342,i000947,i001663,i000554"
u028112,"i001914,i001087,i001649,i001069,i001455,i000909,i001673,i000481,i001952,i001445"
u028114,"i000521,i000481,i000342,i001952,i001069,i000909,i000661,i000947,i001663,i000555"
u028129,"i001151,i000360,i000282,i001515,i001320,i001026,i000317,i000555,i001113,i001069"
u028137,"i001753,i001508,i000909,i001906,i000325,i001927,i001069,i001455,i000324,i000481"
u028138,"i000481,i001069,i001952,i000909,i000661,i001922,i000521,i000947,i000342,i000324"
u028143,"i000720,i001455,i001922,i001710,i001335,i001445,i001673,i001682,i002056,i000282"
u028145,"i000481,i000661,i001952,i000521,i001069,i000947,i000909,i001663,i000342,i000646"
u028149,"i000481,i001069,i000909,i000521,i001952,i001663,i000342,i000947,i000661,i000554"
u028151,"i000481,i001663,i001445,i001922,i000554,i000661,i001952,i001914,i000646,i000909"
u028163,"i001455,i001922,i000481,i001952,i001673,i001445,i000661,i000695,i001710,i001663"
u028168,"i000481,i001069,i001952,i000909,i001663,i000661,i000521,i001038,i000646,i000947"
u028173,"i001069,i000481,i000909,i001952,i001922,i000342,i000661,i000521,i000947,i001663"
u028176,"i000481,i000695,i001069,i000909,i001952,i001455,i001240,i001663,i001049,i000324"
u028180,"i001455,i000324,i001922,i001710,i001673,i000481,i000909,i000555,i001445,i000554"
u028181,"i001069,i000481,i000947,i001952,i000909,i000661,i000521,i001663,i000342,i001267"
u028191,"i000481,i001069,i000909,i001952,i000521,i001663,i000661,i000947,i000342,i001038"
u028199,"i001069,i000909,i001952,i000481,i000947,i001713,i000931,i000661,i001663,i000521"
u028207,"i000481,i001069,i001952,i000695,i001663,i001455,i000909,i001673,i000661,i001445"
u028213,"i000481,i001952,i000909,i001663,i001069,i001038,i000661,i001478,i000521,i000646"
u028217,"i000481,i001069,i001952,i001663,i000521,i000661,i000909,i000342,i001038,i000207"
u028225,"i001069,i000481,i000909,i001952,i001663,i000947,i000661,i000521,i001922,i000342"
u028228,"i000481,i001069,i000909,i001952,i000521,i000554,i001663,i001038,i000661,i000342"
u028231,"i000481,i001952,i001069,i000909,i000661,i001478,i001663,i001445,i000521,i000947"
u028236,"i001914,i001087,i001649,i001069,i001952,i000481,i001673,i001455,i000909,i001663"
u028238,"i001069,i000481,i001952,i000909,i000661,i000521,i000324,i000947,i000555,i000342"
u028242,"i000481,i000661,i000342,i000521,i000909,i001952,i001663,i001069,i000554,i001922"
u028256,"i000909,i001069,i000481,i001952,i000521,i000661,i000342,i001663,i000947,i001455"
u028259,"i001455,i001673,i001710,i001952,i001445,i000661,i000805,i000554,i001069,i000481"
u028260,"i000481,i000695,i000909,i001240,i001455,i000554,i001663,i001049,i000324,i001922"
u028274,"i001069,i001952,i000481,i000909,i000324,i000661,i000555,i000521,i000554,i001455"
u028282,"i000481,i000909,i001952,i001069,i001663,i000695,i001455,i000661,i001240,i001922"
u028286,"i001455,i001673,i001710,i000554,i001952,i001445,i001069,i000909,i000481,i001949"
u028291,"i000481,i000909,i001069,i001952,i000695,i001663,i000661,i000521,i000554,i001240"
u028297,"i001069,i000481,i000947,i001663,i000909,i001952,i000521,i000661,i001267,i000931"
u028301,"i001069,i000481,i000909,i000947,i001952,i001663,i000521,i000661,i000931,i000646"
u028305,"i000481,i001952,i000661,i001069,i000521,i001663,i000342,i000947,i000646,i000909"
u028312,"i000481,i001069,i000909,i001952,i000521,i000324,i001922,i000555,i001663,i000661"
u028319,"i000481,i001952,i000661,i001069,i000521,i000342,i000909,i000947,i001663,i000554"
u028322,"i001069,i000909,i001713,i000947,i000481,i000931,i000167,i001952,i000661,i001445"
u028327,"i001922,i001649,i001682,i001335,i002009,i001914,i000167,i000481,i001069,i000909"
u028333,"i000909,i001069,i000481,i000947,i000931,i001952,i000521,i000342,i001663,i001713"
u028334,"i001069,i001753,i000481,i001952,i001508,i000909,i000518,i001906,i000521,i001663"
u028338,"i001455,i001952,i001673,i000481,i000554,i001710,i000661,i001445,i001143,i001069"
u028339,"i000909,i000481,i001069,i001952,i000521,i000661,i000342,i001038,i001663,i000947"
u028340,"i001069,i000481,i001952,i000909,i000661,i000947,i001663,i000324,i000521,i001922"
u028349,"i001069,i001952,i000481,i000909,i001478,i001445,i000661,i001455,i001663,i000521"
u028350,"i001069,i000481,i001952,i000909,i000661,i001663,i000947,i000554,i001445,i000521"
u028353,"i000695,i000058,i001584,i001049,i001462,i001688,i000401,i000931,i001240,i000652"
u028354,"i000481,i001455,i000909,i001952,i000695,i001663,i001922,i001240,i001069,i001445"
u028358,"i000481,i001069,i000909,i001952,i001663,i000661,i000947,i000521,i000695,i001455"
u028360,"i000481,i001069,i000909,i001952,i001663,i000947,i000521,i000342,i000661,i000646"
u028370,"i001069,i000909,i000481,i001952,i000521,i000661,i000555,i001922,i000342,i000947"
u028393,"i000481,i001069,i001952,i000909,i000521,i001663,i000661,i000342,i000947,i001038"
u028395,"i000481,i001069,i001952,i000909,i001663,i000521,i000661,i001038,i001478,i000207"
u028401,"i001455,i001673,i001952,i001710,i001445,i000554,i000661,i001949,i000481,i000805"
u028403,"i000521,i000481,i000661,i001952,i001069,i000342,i000947,i000909,i001663,i000554"
u028420,"i001069,i000481,i000909,i001952,i000521,i000661,i000947,i000342,i001663,i000554"
u028425,"i000481,i000342,i000521,i000909,i001952,i000661,i001663,i001069,i000619,i000554"
u028426,"i001069,i000481,i001952,i000909,i000521,i000661,i001663,i000947,i000554,i000342"
u028433,"i000481,i001069,i000909,i001952,i000695,i001663,i001455,i000661,i001240,i000554"
u028436,"i000481,i001069,i001952,i001445,i001455,i001949,i001038,i000720,i000999,i001663"
u028439,"i000342,i000661,i001069,i000521,i000947,i000481,i001952,i000909,i000253,i001663"
u028444,"i001069,i000481,i000909,i001952,i000521,i000661,i000324,i000555,i000947,i001455"
u028445,"i000555,i000324,i000909,i000481,i000327,i001069,i001952,i000110,i000898,i000554"
u028446,"i001069,i000481,i001952,i001663,i000947,i000661,i001046,i001445,i000646,i000909"
u028450,"i000481,i001069,i001952,i000909,i000521,i000661,i001663,i000947,i000342,i001038"
u028451,"i000481,i000909,i001069,i001663,i001952,i000521,i000947,i000342,i000661,i001038"
u028458,"i000554,i001455,i001673,i001445,i001949,i001191,i001143,i001922,i001240,i000481"
u028464,"i001663,i000646,i000481,i001069,i001952,i001478,i001445,i001046,i000909,i001038"
u028475,"i000481,i001069,i000909,i001952,i000521,i001663,i000947,i000342,i000661,i000646"
u028479,"i000110,i000324,i000695,i001688,i001952,i000555,i000481,i000554,i000327,i001049"
u028482,"i001455,i001673,i001710,i000805,i001445,i001952,i001914,i000554,i001949,i000661"
u028486,"i000720,i000999,i000832,i001069,i000789,i001455,i001445,i001922,i001649,i001952"
u028493,"i000481,i001069,i000646,i001952,i000158,i000521,i000661,i000909,i001663,i000342"
u028494,"i000521,i000554,i000342,i000481,i001069,i000909,i001663,i000661,i000947,i001922"
u028495,"i001455,i001673,i001710,i001445,i001952,i000554,i000481,i001069,i000661,i001949"
u028501,"i001069,i000554,i000909,i001445,i000931,i001191,i000481,i001952,i001455,i001949"
u028506,"i000695,i001462,i000058,i001584,i000931,i001049,i001688,i000652,i000842,i001069"
u028509,"i000481,i000909,i000342,i000521,i001922,i001952,i000661,i001069,i000554,i000555"
u028515,"i001069,i000481,i001952,i000909,i000661,i001663,i000521,i000947,i000554,i001922"
u028522,"i000481,i001069,i000909,i001952,i001663,i000521,i000947,i000661,i000342,i000554"
u028525,"i000481,i001663,i000646,i001952,i001069,i000521,i000661,i001046,i002132,i001038"
u028531,"i000695,i001049,i001240,i001069,i000842,i000481,i000554,i001455,i000947,i000058"
u028534,"i001922,i001682,i002009,i001335,i001595,i000200,i001240,i002056,i001049,i001801"
u028544,"i000481,i001952,i001069,i000661,i000909,i000521,i001663,i000947,i001455,i001038"
u028546,"i000481,i001069,i000909,i001952,i001663,i000661,i000947,i000695,i001455,i000521"
u028547,"i001069,i000481,i001952,i000909,i000947,i000661,i001663,i000521,i000931,i001455"
u028549,"i000481,i001069,i001952,i000661,i001663,i000909,i000521,i000554,i000947,i001922"
u028561,"i000481,i001069,i000909,i001952,i000521,i001663,i000661,i000342,i001038,i000646"
u028562,"i001069,i000481,i001952,i000909,i000661,i001663,i000521,i000947,i001922,i000695"
u028565,"i000554,i001240,i001191,i000956,i001949,i001143,i000695,i001922,i000058,i001914"
u028567,"i000481,i001069,i000909,i001952,i001663,i000661,i000695,i000521,i001455,i000554"
u028569,"i001069,i000481,i000947,i001952,i000521,i000909,i000661,i001663,i000342,i001267"
u028571,"i001069,i000481,i001952,i000909,i000661,i000947,i000521,i001663,i001922,i000342"
u028578,"i001922,i001682,i002009,i001335,i000200,i000977,i001595,i000695,i001151,i000006"
u028589,"i000481,i001069,i001952,i000646,i000909,i000521,i001663,i001038,i000661,i000947"
u028597,"i001069,i000909,i000481,i001952,i000661,i000521,i000947,i000342,i001663,i001922"
u028600,"i001069,i000481,i001952,i000909,i001455,i000661,i001663,i001922,i001445,i000324"
u028604,"i000931,i000695,i000652,i000251,i000058,i000554,i000220,i001069,i001445,i001240"
u028614,"i000481,i001069,i001952,i000661,i001663,i000909,i000554,i000521,i000947,i001445"
u028617,"i000481,i001952,i001069,i000661,i000909,i000521,i001038,i000947,i001663,i001455"
u028619,"i000695,i001584,i000058,i001049,i001688,i001240,i001462,i000401,i000652,i000931"
u028626,"i001069,i000909,i000481,i001952,i000947,i000661,i000521,i000342,i000931,i001455"
u028632,"i001069,i000481,i001952,i000909,i000324,i000555,i001922,i000661,i000521,i001455"
u028640,"i000481,i000909,i001069,i001922,i001663,i000661,i001952,i000521,i001455,i000695"
u028644,"i001240,i000695,i000058,i001049,i001584,i001922,i001688,i001462,i002009,i000401"
u028645,"i001069,i000481,i000909,i001952,i000521,i000947,i000661,i001663,i000342,i001455"
u028650,"i001069,i000481,i001952,i000909,i000661,i000947,i000521,i001663,i001455,i000342"
u028654,"i000481,i001069,i001952,i000158,i000909,i000661,i001455,i000555,i001673,i001663"
u028657,"i001922,i002009,i001682,i001335,i001801,i001240,i000200,i000006,i001595,i001049"
u028663,"i000481,i001455,i001663,i000909,i000695,i001445,i001952,i001240,i000554,i000661"
u028668,"i000481,i001952,i001069,i000909,i000661,i001663,i000521,i001046,i000554,i001455"
u028671,"i000695,i000058,i001584,i000554,i001240,i001049,i000931,i001688,i001922,i001949"
u028672,"i001922,i000342,i000661,i000521,i000909,i000481,i000554,i000947,i001069,i001663"
u028678,"i000931,i001069,i000652,i000695,i001949,i000947,i001455,i000909,i000058,i000554"
u028679,"i000481,i000909,i000695,i001069,i001952,i001663,i001240,i000521,i000661,i001455"
u028692,"i001069,i000481,i001952,i000661,i000521,i000947,i000909,i000342,i000646,i001663"
u028697,"i001069,i000481,i001952,i000909,i001753,i001906,i001455,i001445,i000661,i001663"
u028698,"i001922,i000481,i000661,i001952,i001663,i001455,i001914,i001673,i000909,i000521"
u028700,"i000481,i001069,i000909,i001952,i000521,i001663,i000947,i000661,i000342,i001038"
u028704,"i001069,i000947,i000481,i000909,i001952,i000521,i001267,i001663,i000570,i000342"
u028709,"i000481,i001952,i001069,i000661,i001663,i001922,i000909,i001455,i001240,i000695"
u028710,"i001069,i001914,i000947,i000481,i000909,i001663,i001952,i001267,i001455,i001445"
u028714,"i001049,i000695,i001584,i000058,i001688,i001462,i000401,i001240,i001922,i000842"
u028715,"i000481,i001069,i001952,i000909,i001663,i000521,i000661,i000947,i001038,i000342"
u028717,"i001069,i000481,i000909,i001952,i000521,i000947,i000342,i000661,i001663,i000324"
u028722,"i000481,i001069,i001952,i000661,i001922,i001663,i000909,i001455,i001445,i000695"
u028726,"i001069,i000481,i001952,i000909,i000521,i000947,i000661,i001663,i000324,i000555"
u028731,"i000481,i001069,i001952,i000909,i000661,i001922,i001663,i000521,i000947,i000342"
u028732,"i000481,i000695,i001069,i001952,i001922,i000661,i001455,i001240,i001663,i001049"
u028735,"i001922,i001682,i001335,i002009,i000200,i001595,i001240,i001151,i000167,i000977"
u028736,"i001069,i001952,i000481,i000661,i000909,i001922,i000521,i000947,i000554,i001663"
u028737,"i001069,i000481,i000947,i001952,i000661,i000521,i000570,i001663,i000342,i001267"
u028741,"i000481,i000909,i001069,i001952,i000661,i000947,i001922,i001663,i001455,i000521"
u028748,"i001069,i000481,i000909,i001952,i000521,i000342,i000947,i001663,i000661,i000324"
u028771,"i000481,i001069,i001952,i000909,i000324,i000521,i000661,i001663,i001455,i000555"
u028775,"i000481,i001069,i001952,i000521,i000909,i000661,i000947,i001455,i000342,i000554"
u028780,"i000695,i001688,i001922,i001049,i001584,i001240,i000481,i001455,i000058,i001952"
u028782,"i001069,i000481,i001952,i000909,i000521,i000661,i001663,i000947,i000554,i000342"
u028790,"i000481,i000695,i000909,i001069,i001952,i001663,i001240,i001455,i000324,i001922"
u028794,"i000324,i000555,i000909,i000898,i001151,i000110,i000481,i001952,i000327,i000282"
u028800,"i000481,i001069,i000909,i001952,i001663,i000947,i000521,i000661,i000342,i000646"
u028803,"i001710,i001455,i001673,i001445,i001952,i000661,i000324,i000805,i000720,i000909"
u028808,"i000481,i001069,i000661,i001952,i000909,i000521,i000342,i000947,i001663,i001038"
u028821,"i001914,i001069,i000481,i001952,i001649,i000909,i001949,i000554,i001455,i000947"
u028824,"i001069,i001143,i000554,i000481,i001952,i000909,i001455,i000661,i001949,i000521"
u028830,"i001069,i000481,i001952,i000909,i001663,i000947,i001455,i001445,i000661,i000646"
u028831,"i001069,i000481,i000947,i001952,i001663,i000909,i001267,i000661,i001713,i000570"
u028834,"i000481,i001952,i001069,i000909,i001038,i001663,i000521,i000646,i001046,i000661"
u028844,"i000481,i000909,i000521,i001069,i001663,i001952,i000554,i000661,i000342,i001949"
u028845,"i000481,i001069,i000646,i000521,i000661,i001952,i000909,i001663,i000947,i001046"
u028847,"i001069,i000481,i001952,i000661,i000909,i001663,i000947,i000521,i000554,i000646"
u028850,"i001069,i001713,i000909,i000947,i000481,i000931,i000167,i001267,i001007,i000342"
u028852,"i000481,i001069,i001952,i001663,i000947,i000661,i000909,i000342,i000521,i001038"
u028854,"i000481,i001455,i001952,i001069,i001922,i000909,i001673,i000695,i000661,i000555"
u028856,"i000481,i001069,i000342,i000909,i000521,i001663,i001952,i000646,i000661,i000947"
u028859,"i000481,i001952,i000661,i001455,i000909,i001069,i000342,i001445,i000521,i001673"
u028863,"i000481,i001922,i000909,i001069,i001952,i000661,i001663,i000324,i001455,i000555"
u028865,"i000481,i001952,i001922,i001455,i000661,i001069,i001673,i000909,i001914,i000695"
u028870,"i001069,i000481,i000909,i001952,i000521,i001663,i000661,i000342,i000947,i000324"
u028879,"i000481,i001069,i000909,i001952,i001663,i000695,i000947,i000521,i000661,i000554"
u028884,"i000909,i001069,i000481,i001952,i001663,i000661,i000521,i000947,i001445,i001914"
u028894,"i001952,i000481,i001069,i000661,i000909,i000521,i001663,i001455,i001038,i000554"
u028901,"i000481,i001069,i000909,i001952,i001663,i000695,i001455,i000661,i001922,i000554"
u028911,"i000481,i000909,i001663,i000646,i000521,i001069,i001478,i001753,i000661,i001952"
u028916,"i001922,i001952,i000481,i001069,i001455,i000661,i000909,i001682,i000947,i001663"
u028919,"i001069,i000481,i000909,i001952,i000521,i000947,i000661,i000342,i000324,i001663"
u028932,"i000481,i001069,i001952,i000909,i000661,i001663,i001673,i001455,i001445,i000695"
u028933,"i000909,i000481,i001069,i000521,i000342,i001952,i000661,i001922,i000554,i001663"
u028935,"i001710,i001455,i001673,i001952,i000909,i001069,i000324,i001445,i000481,i000898"
u028938,"i000554,i001143,i001240,i000481,i001949,i000695,i000521,i001191,i000909,i001952"
u028940,"i000481,i001952,i000521,i000661,i001069,i000554,i000342,i000947,i000909,i001663"
u028950,"i001069,i000481,i000909,i001952,i001663,i000947,i000521,i000661,i000646,i001038"
u028952,"i000661,i001445,i000554,i000521,i001455,i000481,i000342,i001143,i000909,i001952"
u028971,"i001069,i000481,i000947,i000521,i001952,i000909,i000661,i000570,i000342,i001663"
u028975,"i000481,i001952,i001069,i001663,i000695,i000661,i001240,i001445,i000554,i001922"
u028988,"i000947,i001069,i000481,i000342,i000521,i001952,i000661,i001663,i000909,i001267"
u028991,"i000695,i001922,i001455,i000481,i001952,i001673,i001049,i000909,i001240,i001069"
u028993,"i000661,i001952,i000481,i001455,i000646,i001478,i000521,i001046,i001663,i001038"
u028997,"i000481,i000909,i000695,i001663,i001069,i000521,i001240,i001049,i001952,i000661"
u029000,"i000481,i001069,i000909,i001952,i000521,i000947,i001663,i000342,i000661,i000554"
u029003,"i000481,i000909,i001069,i001952,i000521,i000342,i000661,i000947,i001663,i000646"
u029004,"i000898,i000324,i000327,i000481,i000909,i001952,i001455,i001069,i000555,i000110"
u029005,"i000481,i001069,i001952,i001663,i000521,i000909,i000661,i000947,i000554,i000342"
u029018,"i000481,i001069,i001952,i000661,i000909,i001663,i000521,i001922,i000947,i000342"
u029020,"i000481,i001069,i001952,i001663,i000909,i000521,i000661,i000554,i000342,i001922"
u029025,"i001069,i000481,i001952,i000661,i000947,i000521,i000909,i000646,i000342,i000570"
u029027,"i000481,i000909,i001952,i001069,i000521,i001038,i001663,i000646,i000207,i000324"
u029030,"i001069,i000481,i000909,i001952,i001663,i000947,i000554,i000521,i000661,i000324"
u029037,"i000481,i001069,i000909,i001952,i000521,i000661,i000342,i000947,i001663,i001455"
u029041,"i000947,i001069,i000521,i000481,i000661,i001952,i000342,i001267,i000570,i000909"
u029043,"i001069,i000481,i001952,i000909,i001455,i000661,i000695,i001922,i000947,i000324"
u029056,"i001069,i000481,i001952,i000947,i000909,i000521,i000661,i001663,i000554,i000342"
u029065,"i000481,i000909,i001069,i001663,i000695,i001952,i001455,i000661,i001240,i000554"
u029072,"i000481,i000324,i000909,i000555,i000521,i001952,i001069,i000661,i000342,i000898"
u029079,"i001069,i000481,i001952,i000947,i000909,i000521,i001663,i000661,i000554,i001949"
u029081,"i000481,i001922,i000554,i001663,i000342,i000521,i001240,i000909,i000956,i000661"
u029085,"i000481,i001663,i001069,i001952,i000909,i000342,i000661,i000521,i000646,i000947"
u029086,"i000481,i001069,i000909,i001952,i000695,i001663,i000947,i001240,i000661,i000521"
u029100,"i000481,i001952,i000909,i001069,i001663,i000554,i000661,i001455,i000521,i000646"
u029105,"i000481,i001069,i001952,i000909,i000521,i001663,i000947,i000661,i001038,i000207"
u029106,"i000481,i001952,i001069,i000909,i000521,i000342,i000661,i000555,i001663,i000947"
u029112,"i001069,i000481,i000909,i001952,i001663,i000661,i000947,i000695,i000521,i000554"
u029113,"i001069,i000947,i000481,i000521,i000661,i001189,i000342,i000909,i001267,i000570"
u029117,"i000521,i000481,i000661,i000342,i001952,i000646,i001508,i001753,i000518,i000909"
u029118,"i001663,i001069,i000481,i001952,i000646,i001445,i001478,i000909,i000521,i000947"
u029122,"i001922,i001682,i002009,i001240,i000481,i000977,i001335,i001049,i000521,i000006"
u029129,"i000481,i000909,i001069,i000342,i000521,i001952,i000947,i001663,i000661,i000646"
u029138,"i001069,i000481,i000909,i001952,i000521,i000555,i000342,i000324,i000947,i000661"
u029143,"i000481,i001069,i001952,i000909,i000521,i001663,i000342,i000661,i000947,i000554"
u029144,"i001069,i000947,i000661,i000481,i001952,i000909,i000521,i001663,i000342,i001267"
u029145,"i000999,i001445,i000661,i000481,i001069,i001952,i001914,i000909,i001455,i001922"
u029153,"i001069,i000481,i000909,i001952,i000521,i000661,i000342,i001663,i000947,i000324"
u029168,"i001038,i000481,i001445,i001952,i001663,i001046,i001284,i000661,i000909,i001949"
u029182,"i000554,i001682,i001922,i001455,i000481,i001445,i001191,i000931,i001240,i001335"
u029184,"i000909,i001069,i000481,i001952,i000324,i000661,i000342,i000521,i000947,i000555"
u029187,"i000282,i001515,i002056,i001026,i001151,i000360,i001320,i001335,i001623,i001801"
u029189,"i001069,i000695,i000481,i001663,i001952,i000554,i001455,i001049,i001240,i001949"
u029202,"i001069,i001663,i000481,i001952,i000646,i000909,i000947,i001478,i000661,i000521"
u029206,"i001069,i000481,i001952,i001922,i000661,i000909,i001663,i000947,i000521,i000695"
u029213,"i000805,i001455,i001445,i001710,i001673,i000554,i001952,i001069,i001949,i001046"
u029221,"i000481,i001952,i000661,i001663,i001069,i001455,i001046,i000909,i001445,i000521"
u029229,"i000554,i000481,i001143,i001922,i001455,i000521,i000661,i001240,i001069,i001445"
u029237,"i000481,i001069,i000909,i001952,i001663,i001753,i000695,i000661,i001240,i001455"
u029240,"i001143,i000554,i001952,i001455,i000909,i000661,i000481,i000521,i001069,i000342"
u029241,"i001069,i000481,i000909,i001952,i001663,i000947,i000521,i000646,i000554,i000695"
u029245,"i000481,i001069,i000909,i001663,i001952,i000521,i000646,i000947,i000342,i001478"
u029254,"i001151,i000282,i001515,i001026,i001320,i001922,i000360,i001682,i001335,i002009"
u029264,"i000481,i001952,i001069,i000661,i001663,i001455,i001914,i000909,i001445,i000554"
u029265,"i000481,i001069,i000909,i001952,i001663,i000521,i000342,i000324,i000646,i000554"
u029268,"i001069,i000481,i000909,i001952,i001663,i000947,i000521,i000342,i000661,i000554"
u029277,"i000481,i001069,i000909,i001952,i000521,i000947,i001663,i000661,i000554,i001038"
u029280,"i000481,i001069,i001952,i000909,i000661,i000324,i001455,i000555,i000521,i001922"
u029283,"i001445,i001069,i000481,i001952,i001455,i000909,i000554,i000661,i000931,i001663"
u029295,"i000909,i000481,i001069,i000521,i001952,i000342,i000554,i000661,i001663,i000947"
u029299,"i001069,i000481,i000909,i001952,i000521,i001663,i000661,i000947,i000342,i000554"
u029301,"i001455,i000481,i001952,i001673,i000909,i001069,i000521,i000554,i001663,i001445"
u029305,"i001069,i000909,i000481,i000947,i001952,i000521,i001663,i001713,i000342,i000661"
u029310,"i001069,i000481,i000947,i000909,i001952,i000521,i000342,i000661,i001663,i000554"
u029319,"i000481,i000554,i001952,i000909,i001143,i000661,i000521,i001455,i001069,i001922"
u029327,"i000481,i000342,i000909,i000521,i001069,i001952,i000947,i001663,i000661,i000207"
u029330,"i001069,i000481,i000947,i001952,i001663,i000909,i001267,i000661,i000570,i000646"
u029331,"i000481,i000695,i001952,i001663,i001455,i001240,i001922,i000661,i001445,i000554"
u029337,"i000481,i001069,i001952,i000909,i000661,i001663,i000521,i000554,i000947,i000342"
u029341,"i000695,i001584,i000058,i001688,i001049,i001240,i001462,i000401,i001922,i000829"
u029345,"i001952,i001069,i000661,i001455,i001753,i001508,i000481,i001906,i000325,i001673"
u029347,"i000282,i001922,i001151,i001240,i001515,i000695,i000555,i000360,i000324,i000554"
u029349,"i001069,i000481,i000909,i001952,i000521,i000947,i000342,i000661,i001663,i000324"
u029350,"i000481,i000909,i001069,i000521,i001952,i000342,i001663,i000661,i000947,i000554"
u029361,"i000481,i001952,i001663,i001922,i000661,i001069,i001455,i001445,i001914,i001240"
u029367,"i000909,i001710,i001445,i001663,i000481,i001952,i001069,i001455,i001673,i001478"
u029368,"i001922,i000909,i001952,i000481,i000555,i000324,i001151,i001069,i001455,i001710"
u029375,"i000695,i001688,i001584,i001049,i001462,i000058,i000401,i001240,i001778,i000623"
u029379,"i000481,i001069,i001952,i000909,i001038,i001663,i000521,i000661,i000207,i000646"
u029381,"i001753,i000481,i001069,i000909,i001906,i001952,i001508,i001663,i000342,i000521"
u029385,"i001314,i001445,i000661,i001663,i000646,i000554,i000481,i001069,i001952,i001478"
u029388,"i001069,i000947,i000481,i001952,i000661,i000521,i001267,i001663,i000909,i000342"
u029390,"i001069,i000481,i001952,i000661,i000909,i001663,i000554,i000521,i000342,i000947"
u029398,"i000481,i001069,i000909,i001952,i001663,i000661,i001455,i000695,i000646,i001922"
u029399,"i001069,i000481,i000947,i000909,i001952,i000521,i000342,i000661,i001663,i001267"
u029400,"i001335,i001922,i001682,i000200,i001649,i002009,i001914,i002056,i001087,i001801"
u029404,"i001455,i001673,i001710,i000805,i001445,i000554,i000968,i001952,i001914,i001949"
u029407,"i001191,i001445,i000554,i001240,i001949,i000956,i000652,i001801,i000909,i001717"
u029417,"i000481,i000909,i000521,i001663,i000661,i001952,i001922,i001069,i000342,i000554"
u029421,"i001717,i000956,i000554,i001191,i001445,i001069,i000652,i000481,i001877,i000646"
u029422,"i000481,i001069,i001952,i000909,i001663,i000661,i000521,i001038,i000947,i000646"
u029425,"i001455,i001952,i000481,i001949,i001445,i000554,i001673,i001038,i001663,i001046"
u029430,"i000481,i001069,i000909,i001952,i001663,i000521,i000661,i000947,i000342,i001455"
u029435,"i000481,i000661,i001952,i000909,i001046,i001010,i000158,i001069,i000646,i001663"
u029443,"i000481,i001069,i001952,i000661,i000909,i000521,i001663,i000947,i000342,i000207"
u029445,"i001069,i001682,i001713,i001922,i000909,i000931,i001335,i002009,i000481,i000167"
u029446,"i001069,i000481,i001952,i000909,i000661,i000521,i001663,i000947,i001455,i000554"
u029462,"i001069,i000481,i000909,i000167,i000554,i001445,i001143,i001922,i001952,i000521"
u029467,"i000555,i000324,i000327,i000909,i000110,i000898,i000481,i001069,i001952,i000521"
u029470,"i001069,i000947,i001267,i000481,i001952,i000931,i000570,i000652,i000909,i001663"
u029472,"i000555,i000324,i000909,i000481,i001069,i000898,i000110,i000327,i001952,i000521"
u029476,"i001952,i000481,i001069,i000661,i000947,i001663,i000909,i000521,i001038,i001267"
u029480,"i001952,i000481,i000661,i001069,i000909,i001002,i001455,i001663,i000521,i001445"
u029488,"i001069,i000481,i001952,i000909,i000521,i000947,i000661,i001663,i000342,i000555"
u029491,"i001069,i000481,i001952,i000909,i000661,i000521,i000947,i001455,i000324,i000555"
u029494,"i000909,i001069,i000481,i001952,i000521,i000947,i000661,i000555,i001663,i000324"
u029505,"i000327,i000324,i000898,i000110,i000555,i000481,i001952,i000909,i001069,i001914"
u029506,"i000646,i000481,i001069,i001663,i001952,i000661,i000909,i001046,i000521,i001445"
u029521,"i000481,i001069,i001753,i000909,i001952,i000661,i001455,i001663,i001508,i000521"
u029526,"i001952,i000481,i001069,i001663,i000909,i000661,i001038,i001455,i001046,i000646"
u029530,"i001069,i000481,i001952,i000909,i000661,i000947,i001663,i000521,i001445,i000931"
u029542,"i001069,i000481,i000909,i000947,i001952,i000521,i001663,i000661,i000342,i001713"
u029543,"i001069,i000909,i000481,i001952,i000661,i000521,i000947,i000554,i001663,i000342"
u029545,"i001069,i000481,i001952,i000947,i000661,i001663,i000521,i000909,i001455,i000342"
u029548,"i000481,i001069,i000909,i001952,i001663,i000695,i000521,i000947,i000661,i001455"
u029553,"i001069,i000481,i000909,i001952,i000947,i000521,i000661,i001663,i000931,i001455"
u029559,"i001069,i000481,i001952,i000661,i000909,i001455,i000947,i001663,i000521,i001922"
u029561,"i000481,i001069,i000909,i001952,i000521,i000342,i000324,i000661,i000555,i000947"
u029576,"i001069,i000481,i000909,i000947,i001713,i001952,i000521,i001663,i000342,i000661"
u029591,"i000481,i001069,i000909,i001952,i001663,i000521,i000947,i000661,i000554,i000342"
u029595,"i000481,i001069,i001952,i000947,i000521,i000909,i000661,i000342,i001663,i001038"
u029598,"i000481,i001952,i001069,i000661,i000909,i001663,i001455,i001922,i000521,i000554"
u029605,"i000909,i000481,i001952,i000521,i000661,i001069,i000324,i000342,i000554,i000555"
u029610,"i001455,i001952,i001673,i001069,i001710,i000481,i001445,i000661,i000554,i000909"
u029615,"i000661,i000481,i001952,i001069,i001455,i000521,i001445,i000554,i001038,i001046"
u029624,"i000481,i001952,i001069,i000909,i000661,i001663,i000521,i001455,i001038,i000646"
u029632,"i000481,i001069,i000909,i001952,i000521,i001663,i000661,i000342,i000947,i000554"
u029634,"i000481,i000646,i001663,i001069,i001952,i000909,i000521,i001038,i000661,i001478"
u029642,"i000481,i001069,i001952,i000909,i001663,i000661,i000521,i000554,i000342,i000646"
u029654,"i000481,i001952,i001069,i001663,i000661,i001508,i000909,i000521,i001753,i000342"
u029659,"i000481,i001069,i001952,i001663,i000661,i000909,i000521,i001922,i000554,i000947"
u029662,"i000481,i000909,i001952,i000324,i001069,i000555,i000521,i000661,i001922,i000898"
u029663,"i000481,i000521,i000909,i001952,i001069,i000342,i000661,i000619,i000207,i001663"
u029665,"i000481,i000521,i001069,i000909,i001952,i000661,i000342,i001663,i000646,i001038"
u029674,"i000909,i001069,i000481,i001952,i000521,i000324,i001663,i000554,i000342,i001445"
u029677,"i001069,i000481,i001952,i000661,i000909,i001663,i000947,i000521,i000342,i000554"
u029681,"i000481,i000521,i000909,i000342,i000661,i000554,i001952,i001922,i001069,i001663"
u029686,"i000481,i000909,i001069,i001952,i001663,i000521,i000342,i000947,i000554,i000661"
u029694,"i000481,i001952,i001069,i000661,i000909,i001455,i001922,i001663,i001445,i000695"
u029695,"i000481,i001952,i001069,i000661,i001508,i001038,i000521,i000909,i001455,i001753"
u029700,"i000481,i000909,i000521,i001069,i000342,i001952,i001663,i000324,i000555,i000661"
u029716,"i001069,i000481,i000909,i001952,i001663,i000947,i000521,i000554,i000342,i000661"
u029719,"i001191,i001445,i000554,i000956,i001949,i001801,i001240,i001922,i001914,i001143"
u029733,"i001922,i001682,i001335,i002009,i000200,i001595,i002056,i001240,i001151,i000006"
u029737,"i000481,i001922,i001455,i001914,i000909,i001952,i000695,i000661,i001673,i001069"
u029738,"i000481,i001069,i001952,i000521,i000909,i001663,i000342,i000661,i001922,i000554"
u029740,"i001952,i000481,i001069,i001663,i001455,i000661,i000909,i001038,i000521,i000947"
u029756,"i000481,i001069,i001952,i001663,i000909,i000661,i000554,i000695,i000521,i001240"
u029758,"i000481,i001952,i001069,i000661,i000521,i000909,i001663,i000342,i000947,i000646"
u029759,"i000521,i000481,i000909,i000342,i001952,i001069,i000661,i001663,i000947,i000554"
u029760,"i000481,i001952,i001069,i000909,i000661,i000521,i000947,i001038,i000342,i000207"
u029763,"i000481,i001478,i001663,i001069,i001952,i001445,i000909,i001038,i000661,i001046"
u029769,"i000947,i001069,i000481,i001952,i000661,i001267,i000342,i000521,i001663,i000570"
u029775,"i000481,i001069,i001952,i000909,i000661,i001663,i000947,i000521,i000342,i000207"
u029778,"i000481,i000909,i001069,i001952,i001663,i000661,i001455,i000947,i000521,i001922"
u029779,"i000909,i001069,i000481,i000521,i001952,i001663,i000947,i000342,i000661,i000646"
u029787,"i000695,i001462,i000058,i001584,i001688,i000829,i001049,i000360,i000132,i000401"
u029795,"i000481,i000909,i001952,i000555,i000521,i000324,i001069,i000661,i001151,i000898"
u029805,"i000481,i000909,i001952,i000695,i000521,i001922,i001069,i001663,i000324,i000661"
u029806,"i000282,i001515,i001151,i000360,i001069,i000481,i001682,i000555,i000317,i001026"
u029810,"i001069,i000481,i000909,i001952,i000521,i000947,i000342,i001663,i000661,i000554"
u029817,"i000481,i001952,i001069,i001663,i000661,i000909,i001038,i000554,i000521,i001478"
u029827,"i001069,i000481,i000909,i001952,i000521,i000342,i000947,i000324,i001663,i000555"
u029831,"i000909,i001069,i000481,i001952,i000521,i000661,i000947,i000342,i001663,i000324"
u029840,"i000521,i000481,i001952,i000661,i000342,i001069,i000554,i000947,i001663,i000619"
u029857,"i000481,i000521,i000909,i001069,i000342,i001952,i001922,i001663,i000554,i000661"
u029861,"i000481,i001069,i001952,i000909,i001663,i000521,i000661,i000324,i001922,i000554"
u029863,"i000481,i001069,i000909,i001952,i000695,i001663,i000661,i000947,i000521,i001240"
u029865,"i000481,i001455,i000695,i000909,i000554,i001240,i001922,i000324,i001952,i001445"
u029866,"i001922,i002009,i001682,i001335,i001801,i001595,i000200,i000977,i001049,i000006"
u029870,"i000481,i001069,i000909,i001952,i001663,i000521,i000947,i000661,i000646,i000342"
u029890,"i001069,i000481,i001952,i000909,i000947,i000661,i000521,i000554,i001663,i001455"
u029902,"i000481,i001069,i001952,i000909,i000661,i000521,i001922,i000554,i000324,i001663"
u029906,"i000481,i000909,i001663,i001069,i001478,i001952,i000554,i001445,i000342,i001143"
u029934,"i001455,i001673,i001710,i001445,i001952,i000805,i000554,i001069,i000481,i000661"
u029936,"i000481,i001069,i000909,i001952,i000695,i001663,i000947,i000661,i000521,i001455"
u029939,"i000481,i000909,i001922,i001952,i001663,i001069,i000661,i001240,i000695,i001455"
u029940,"i000909,i000481,i001069,i000521,i000342,i001952,i000324,i001663,i000661,i001038"
u029949,"i000481,i000909,i001069,i000695,i001952,i001663,i001240,i000661,i000521,i001455"
u029950,"i000342,i000481,i000661,i001069,i000909,i001952,i001445,i001663,i001478,i001046"
u029954,"i000481,i001069,i001952,i000661,i000521,i000909,i000342,i000947,i001663,i000554"
u029967,"i000481,i001069,i001952,i000661,i000554,i000521,i000947,i000909,i001663,i001445"
u029983,"i000481,i001069,i000909,i001952,i001663,i000521,i000947,i000661,i000342,i000646"
u029985,"i001069,i000481,i001952,i000947,i000909,i000661,i001663,i000521,i001038,i000342"
u029987,"i001069,i000481,i000646,i001952,i000521,i000661,i001663,i000909,i000947,i001038"
u030005,"i001069,i000481,i000909,i001952,i000324,i000555,i000521,i000947,i000342,i000661"
u030015,"i001069,i000554,i001445,i001191,i000661,i001455,i001949,i000956,i001143,i000652"
u030028,"i000646,i000481,i001069,i001663,i001952,i000661,i000909,i000521,i001046,i000554"
u030037,"i000909,i000481,i000521,i000342,i001914,i001069,i000324,i001649,i000555,i000646"
u030045,"i000481,i001069,i000521,i001952,i000909,i001663,i000661,i000342,i000554,i000947"
u030048,"i001069,i000947,i001952,i001267,i001906,i000481,i000661,i001508,i000342,i001753"
u030049,"i000909,i000481,i001069,i000521,i000342,i001952,i001663,i000554,i001038,i000661"
u030050,"i000481,i000909,i001663,i001952,i001069,i001038,i000521,i000661,i000207,i001478"
u030053,"i001069,i000481,i000909,i001952,i000324,i000555,i000521,i000947,i000661,i000342"
u030056,"i000481,i000909,i000521,i001663,i000342,i000554,i001069,i001952,i001922,i001949"
u030065,"i000909,i000324,i000481,i001069,i000555,i001952,i000554,i000521,i000661,i001445"
u030068,"i000909,i000481,i001952,i000324,i001069,i000521,i000555,i000342,i001663,i000661"
u030078,"i000481,i000909,i001069,i001952,i001663,i000695,i000661,i001455,i001240,i000554"
u030079,"i001069,i000481,i000909,i001952,i000521,i000342,i000947,i001663,i000324,i000555"
u030085,"i001069,i000481,i001952,i000909,i000947,i000661,i000521,i001663,i000324,i001445"
u030086,"i000909,i001069,i000481,i001952,i001663,i000521,i000661,i000947,i000342,i001445"
u030087,"i001069,i000481,i001952,i000947,i000909,i000521,i000661,i000342,i001663,i000554"
u030088,"i000481,i001069,i001952,i000909,i001478,i001663,i000661,i001445,i000342,i000521"
u030095,"i001455,i001445,i001952,i001949,i000554,i000481,i001673,i001710,i000661,i000909"
u030096,"i000481,i000521,i001069,i000661,i001952,i000342,i000909,i000947,i001663,i000554"
u030098,"i000695,i001584,i000058,i001049,i001688,i001240,i000401,i001462,i001922,i000554"
u030102,"i001663,i000481,i001952,i001038,i001478,i000646,i001069,i001445,i001046,i000661"
u030110,"i000481,i000909,i001069,i001952,i000521,i001663,i000661,i001038,i000947,i000342"
u030111,"i000481,i001069,i001952,i001663,i000909,i000521,i000661,i000646,i001038,i000207"
u030115,"i000481,i001455,i000695,i001922,i000661,i001445,i001663,i001952,i001673,i000909"
u030123,"i000909,i001069,i000481,i001952,i001713,i000324,i000342,i001906,i001753,i001038"
u030134,"i000909,i000481,i001069,i001952,i000324,i000555,i001922,i001151,i000282,i001455"
u030148,"i000481,i000909,i001069,i001952,i001663,i000521,i000947,i000661,i000342,i000646"
u030153,"i000481,i001069,i000909,i001952,i000661,i000947,i001663,i000521,i001455,i000554"
u030161,"i001455,i001673,i001710,i001952,i001445,i000909,i001069,i000481,i000805,i000554"
u030162,"i000481,i001069,i001952,i000909,i001663,i000521,i000342,i000947,i000661,i000207"
u030164,"i000481,i000909,i001069,i001952,i000521,i000324,i000661,i001663,i000555,i001922"
u030170,"i000661,i000481,i001952,i000342,i000248,i001663,i000521,i001455,i001069,i000554"
u030172,"i000646,i000481,i001069,i001663,i001952,i000909,i000661,i001046,i000521,i001445"
u030174,"i000481,i001952,i001069,i000521,i000661,i000947,i000909,i001663,i000342,i001038"
u030176,"i001069,i000481,i000909,i001952,i000521,i001663,i000661,i000947,i000554,i000342"
u030177,"i000481,i000909,i000521,i000324,i000555,i001952,i000342,i000661,i001922,i001069"
u030182,"i000481,i001952,i001069,i000661,i001663,i001922,i000695,i001455,i000909,i001914"
u030190,"i001069,i000909,i000481,i001952,i000947,i000661,i000324,i000521,i001455,i000555"
u030191,"i001906,i001753,i001069,i001508,i000325,i001952,i000481,i000909,i000342,i000548"
u030194,"i000481,i001069,i001952,i001455,i001445,i001038,i001949,i000661,i001673,i001663"
u030198,"i001049,i000695,i001584,i001688,i000058,i001462,i000401,i001240,i001922,i001877"
u030199,"i000481,i001069,i001952,i000521,i000909,i000661,i001663,i000947,i000646,i001038"
u030202,"i000661,i000481,i001952,i001445,i001038,i001455,i001069,i001046,i001663,i000521"
u030204,"i001663,i000481,i001952,i000646,i001478,i001069,i001038,i001046,i000554,i001445"
u030206,"i001069,i000909,i001713,i000947,i000481,i000570,i000931,i001908,i001007,i000342"
u030211,"i001049,i000695,i001584,i001688,i000058,i001462,i001922,i001240,i000842,i000401"
u030214,"i000481,i000909,i001069,i001952,i001663,i000521,i001038,i000646,i000661,i001478"
u030217,"i000481,i001069,i000909,i001952,i000695,i001663,i001455,i000661,i001240,i000554"
u030220,"i001922,i001682,i001335,i002009,i000977,i000200,i001151,i000481,i000282,i000661"
u030221,"i001952,i001663,i000481,i000646,i000661,i001069,i000521,i001038,i000909,i001046"
u030226,"i000481,i001069,i000909,i001952,i001663,i000521,i000661,i000947,i000342,i000554"
u030229,"i000898,i000327,i000324,i000555,i000110,i001455,i000481,i000877,i001673,i001952"
u030230,"i000481,i001952,i001069,i000909,i001663,i001038,i000521,i000661,i000646,i000947"
u030242,"i000481,i001069,i001952,i001663,i000661,i000909,i000342,i000521,i001914,i000554"
u030244,"i001069,i000481,i000909,i001952,i000521,i000947,i000661,i001663,i000342,i000324"
u030255,"i001508,i001753,i001069,i000481,i001952,i000909,i001906,i000661,i000947,i000325"
u030263,"i000481,i001069,i000909,i001952,i000521,i001663,i000342,i000947,i000661,i000554"
u030268,"i001455,i000554,i001191,i001949,i001673,i000695,i001143,i001240,i001952,i000805"
u030278,"i001914,i001649,i001087,i001455,i001673,i000481,i001445,i001710,i000554,i001663"
u030280,"i000481,i001922,i000695,i001952,i000661,i001069,i001663,i001682,i000554,i001914"
u030295,"i000481,i001069,i001952,i000661,i000909,i000521,i000554,i001663,i001455,i001922"
u030296,"i001069,i000481,i000909,i001952,i000521,i000947,i000342,i001663,i000324,i000661"
u030297,"i001753,i001906,i001508,i001455,i001069,i000325,i000481,i000909,i000695,i001673"
u030299,"i000481,i001069,i001952,i000661,i000521,i000909,i000342,i001663,i000947,i000646"
u030301,"i000481,i000909,i001069,i000342,i001663,i000521,i001952,i000661,i000947,i000646"
u030307,"i001952,i001069,i000481,i000909,i000661,i001455,i000695,i000931,i001663,i001002"
u030316,"i000481,i001069,i000909,i001952,i000521,i000947,i001663,i000342,i000661,i000554"
u030324,"i000481,i001663,i000342,i000521,i001069,i000909,i001952,i000661,i001478,i000646"
u030331,"i000481,i000909,i001455,i000695,i001952,i001069,i001922,i000661,i001663,i001914"
u030334,"i000909,i000481,i001952,i000521,i000661,i001663,i001922,i001069,i000695,i000554"
u030337,"i000481,i001069,i001952,i000909,i001038,i000521,i001663,i001445,i000661,i000646"
u030339,"i000481,i000909,i001069,i001952,i000521,i000342,i001663,i000947,i000661,i000207"
u030341,"i000554,i001949,i001455,i000481,i001240,i000909,i001143,i001191,i001445,i000695"
u030343,"i001335,i001922,i001682,i002009,i000200,i001240,i002056,i001595,i000282,i001151"
u030346,"i000481,i001952,i000909,i000521,i001069,i000661,i000554,i001663,i001455,i000207"
u030354,"i000909,i000481,i001069,i000521,i001952,i001663,i000342,i000947,i000661,i000554"
u030361,"i001069,i000481,i000909,i001952,i000521,i000947,i001038,i001663,i000661,i000342"
u030362,"i001663,i000481,i001952,i000909,i001069,i000646,i000554,i000661,i000521,i001455"
u030367,"i000481,i000909,i000521,i001069,i000342,i001952,i001663,i000661,i000207,i001038"
u030368,"i000521,i000481,i000342,i001069,i000661,i000947,i000619,i001952,i000554,i000909"
u030375,"i000909,i001478,i000481,i000342,i000661,i002146,i001445,i001952,i001663,i001069"
u030377,"i000481,i000909,i001069,i001952,i000521,i001663,i000947,i000342,i000661,i000646"
u030380,"i000324,i000555,i000909,i001069,i000481,i000110,i001952,i000898,i000521,i000661"
u030381,"i000481,i001069,i001952,i000909,i000521,i000661,i001663,i000342,i000324,i000947"
u030382,"i000481,i000909,i001952,i001069,i000521,i000324,i000661,i000555,i001663,i000342"
u030389,"i001069,i000481,i001952,i000521,i000947,i000909,i000661,i001663,i000695,i001922"
u030390,"i001069,i000947,i000481,i001952,i000521,i000909,i000661,i000570,i000342,i001267"
u030401,"i000481,i001663,i000909,i001952,i001069,i001478,i000646,i000554,i001445,i001038"
u030404,"i000481,i001069,i000909,i001952,i000695,i001663,i000661,i000521,i000554,i001240"
u030408,"i001069,i000481,i000947,i000909,i001952,i001663,i000521,i000661,i000342,i001267"
u030415,"i000521,i000481,i001069,i000661,i000342,i000947,i001952,i000909,i001663,i000646"
u030426,"i000481,i001922,i000909,i001952,i001663,i001455,i000695,i001914,i000661,i001069"
u030439,"i000909,i001069,i000481,i000521,i001952,i000661,i000554,i000342,i000947,i001143"
u030440,"i001914,i001649,i001087,i001455,i001673,i001445,i001949,i001710,i000554,i000695"
u030443,"i001069,i000481,i001952,i000661,i001663,i000695,i000909,i001922,i001455,i001445"
u030457,"i000481,i001069,i000909,i001952,i000521,i001663,i000661,i000324,i000947,i000342"
u030463,"i000481,i000342,i000521,i001069,i000909,i001952,i001663,i000947,i000661,i000554"
u030466,"i001069,i000481,i000909,i001952,i000521,i000324,i000661,i001663,i000947,i000555"
u030472,"i001753,i000481,i001508,i000909,i000324,i001922,i000661,i001455,i000518,i000555"
u030474,"i000481,i001069,i001952,i000909,i000521,i001663,i000661,i001038,i000947,i000207"
u030484,"i001455,i001952,i001673,i000481,i001445,i000661,i001710,i000554,i001046,i001949"
u030485,"i000481,i001922,i001952,i000661,i001663,i001069,i001240,i000554,i000909,i001445"
u030500,"i001069,i000481,i000909,i001952,i000324,i000521,i000661,i001663,i000555,i000342"
u030503,"i000521,i000481,i000342,i000661,i001952,i001069,i000646,i001663,i000909,i000947"
u030505,"i001151,i000282,i001320,i001515,i001026,i002056,i001922,i000360,i002009,i001682"
u030509,"i000481,i001952,i001069,i000661,i000342,i000521,i000947,i000158,i001663,i001455"
u030511,"i000481,i001069,i001952,i000521,i000909,i001663,i000661,i001038,i000342,i000646"
u030512,"i000481,i001069,i001952,i000909,i001663,i000521,i000661,i000646,i001038,i001455"
u030522,"i001455,i001673,i001710,i001445,i001952,i000554,i001914,i001949,i000661,i000805"
u030533,"i001069,i000481,i000947,i000909,i001952,i000521,i001663,i000661,i000342,i000931"
u030537,"i001455,i001952,i000909,i000481,i001069,i001673,i001710,i000521,i000324,i000661"
u030550,"i000481,i001069,i001952,i000909,i000661,i000521,i001663,i000554,i000342,i001455"
u030551,"i000521,i000481,i000661,i000342,i001952,i001069,i001663,i000554,i000909,i000947"
u030555,"i001069,i001952,i001455,i000720,i000481,i000661,i001445,i000947,i001673,i000931"
u030558,"i000521,i001069,i000947,i000481,i000342,i000661,i001952,i001189,i001875,i000646"
u030561,"i000481,i001952,i001069,i000909,i000661,i000521,i001663,i000947,i001038,i000342"
u030568,"i001952,i000481,i001455,i000661,i001673,i001069,i000554,i001710,i001445,i001663"
u030574,"i000481,i001069,i001952,i001663,i000909,i000661,i000521,i000342,i000947,i001922"
u030596,"i001663,i000481,i001069,i001952,i000646,i001478,i000909,i001038,i000521,i000947"
u030602,"i000521,i000481,i000909,i001069,i000342,i000661,i000947,i001952,i001663,i000619"
u030606,"i001069,i000481,i000909,i001952,i000947,i000521,i001663,i000661,i001455,i000342"
u030610,"i000481,i001069,i001952,i000909,i000521,i001663,i000661,i000342,i000947,i000554"
u030612,"i001069,i000481,i001952,i000661,i000909,i001663,i001922,i001445,i000554,i000521"
u030616,"i000481,i001069,i000909,i001952,i000521,i001663,i000554,i000947,i000342,i000931"
u030618,"i000481,i001069,i001952,i000909,i000661,i000521,i001663,i000554,i000342,i000947"
u030624,"i000481,i000661,i001952,i000521,i001069,i001663,i001038,i000646,i000342,i000909"
u030625,"i000481,i000909,i001952,i001455,i001069,i001922,i000661,i001445,i001663,i001673"
u030635,"i000481,i000909,i001069,i001952,i001663,i000521,i000947,i000661,i000646,i001455"
u030640,"i001069,i000909,i000481,i000521,i001952,i000947,i000342,i000554,i001663,i000661"
u030655,"i001069,i000481,i001952,i000947,i000909,i000661,i001663,i000521,i001455,i000931"
u030657,"i000481,i001069,i000909,i001952,i000521,i001663,i000342,i000324,i000661,i000947"
u030661,"i001069,i000481,i001952,i000909,i000947,i000661,i000521,i001663,i001455,i001922"
u030670,"i001069,i000481,i000909,i001952,i001663,i000521,i000947,i000324,i000661,i001455"
u030673,"i000481,i001069,i001952,i001663,i000661,i000695,i000554,i001240,i000909,i000521"
u030677,"i000898,i000324,i000327,i000909,i000110,i000481,i000555,i001952,i001069,i000521"
u030679,"i000646,i000481,i001069,i001663,i001952,i000909,i000521,i000661,i001038,i000342"
u030680,"i000481,i001952,i000661,i000521,i001069,i001663,i001922,i000947,i001455,i000342"
u030683,"i001069,i000909,i000481,i001952,i001455,i000661,i000324,i000947,i000555,i000695"
u030686,"i001584,i001049,i000695,i000401,i000058,i001688,i001462,i001240,i000842,i001922"
u030687,"i000481,i000521,i000342,i001069,i001952,i000661,i001663,i000947,i000909,i001267"
u030689,"i000481,i001069,i000909,i001952,i001663,i000521,i000947,i000661,i000554,i000342"
u030692,"i000481,i001069,i001952,i000521,i001663,i000661,i000909,i000554,i000207,i001038"
u030694,"i000481,i001069,i000909,i001952,i000521,i000661,i000342,i001663,i000947,i001038"
u030695,"i000481,i001952,i001069,i000909,i001663,i000661,i000521,i001038,i001455,i000646"
u030703,"i001922,i002009,i001682,i001240,i000695,i001049,i001335,i001801,i000481,i000977"
u030709,"i000481,i001922,i000661,i000909,i001069,i001663,i001952,i000521,i000554,i001240"
u030710,"i000481,i001069,i000909,i000521,i001952,i000342,i000947,i001663,i000324,i000661"
u030714,"i001069,i000481,i001952,i000947,i000909,i000661,i000521,i001663,i001038,i001455"
u030728,"i000481,i001952,i001069,i000909,i001663,i000661,i001455,i000947,i000521,i001922"
u030732,"i000481,i001069,i001952,i001663,i000909,i000661,i000521,i001922,i000554,i000342"
u030733,"i000554,i000909,i000481,i001069,i001949,i000521,i001143,i001445,i001455,i001191"
u030743,"i000661,i001952,i000481,i001445,i001069,i001455,i001046,i000646,i001038,i001663"
u030746,"i000909,i000481,i001069,i000521,i001952,i000324,i000342,i000661,i000555,i000947"
u030748,"i001069,i000909,i000481,i001952,i000521,i000947,i000661,i000555,i000324,i000342"
u030756,"i000481,i000909,i001069,i000521,i000342,i001952,i001663,i000661,i000947,i000646"
u030757,"i001710,i001455,i001952,i001673,i001445,i000661,i001069,i000805,i000481,i000909"
u030758,"i000909,i000481,i001069,i000521,i000342,i001952,i001663,i000661,i000324,i000947"
u030773,"i001455,i001673,i001710,i001445,i001952,i000805,i000554,i000968,i001949,i000661"
u030785,"i000909,i000481,i001069,i001663,i001952,i000521,i000342,i000661,i001478,i000947"
u030793,"i000481,i001069,i001952,i000521,i001663,i000661,i000554,i000947,i000909,i000342"
u030795,"i001069,i000481,i000909,i001952,i000521,i001663,i000947,i000342,i000661,i000207"
u030797,"i001952,i001069,i000481,i001663,i000947,i000661,i001267,i000909,i000521,i000342"
u030800,"i000342,i000521,i000481,i001922,i000977,i000909,i001663,i000661,i000554,i000646"
u030803,"i000555,i000324,i000327,i000898,i000110,i000909,i000877,i000481,i001134,i001455"
u030824,"i000554,i001455,i001143,i001445,i001673,i001949,i000481,i001191,i001240,i000956"
u030825,"i001914,i001649,i000167,i000999,i001445,i000909,i001922,i000720,i000481,i001069"
u030828,"i000646,i000481,i001663,i000661,i000521,i001952,i001069,i000909,i001038,i001046"
u030830,"i001663,i001069,i000481,i001240,i001952,i000646,i000909,i000342,i000554,i000947"
u030838,"i001069,i000481,i000909,i001952,i000521,i000324,i000342,i000661,i001663,i000555"
u030844,"i001922,i001682,i002009,i001240,i000695,i001335,i001049,i001801,i000977,i000200"
u030849,"i000481,i000909,i001069,i001952,i000695,i001663,i000661,i001240,i000554,i001455"
u030859,"i000909,i000481,i001069,i000521,i001952,i000342,i001143,i000554,i000661,i001663"
u030876,"i000909,i000481,i001069,i000521,i000342,i001952,i000947,i001663,i000207,i000661"
u030880,"i000481,i000909,i001069,i001952,i001663,i000521,i001922,i000342,i000661,i000554"
u030886,"i001069,i000481,i001663,i001952,i000909,i000947,i000646,i000521,i001038,i001478"
u030889,"i000481,i001952,i001069,i001663,i001038,i000909,i000521,i000661,i001478,i000646"
u030890,"i001922,i002009,i001682,i000695,i001049,i001240,i001335,i001801,i000006,i000977"
u030907,"i000342,i000481,i000521,i000909,i001069,i000661,i001663,i000554,i001952,i001720"
u030915,"i000646,i000481,i000521,i001069,i001046,i001663,i001952,i000661,i000342,i000909"
u030918,"i001069,i000481,i000947,i000909,i001663,i001952,i000521,i001445,i000931,i000695"
u030923,"i000481,i000695,i001069,i000909,i001952,i001455,i001240,i001663,i001049,i000324"
u030933,"i000481,i001069,i001952,i001663,i000521,i000909,i000646,i001038,i000207,i000661"
u030935,"i000909,i001069,i000481,i000521,i000947,i001952,i000342,i001663,i000661,i000646"
u030947,"i000481,i001952,i001455,i001069,i000695,i000661,i001663,i001445,i001673,i001922"
u030953,"i001914,i001649,i001087,i001455,i001673,i000481,i001952,i001710,i001069,i001663"
u030968,"i000481,i001952,i001069,i000521,i000661,i000947,i000909,i000342,i001663,i000646"
u030970,"i001069,i000481,i000909,i001952,i000947,i000521,i000661,i000342,i001663,i000207"
u030973,"i000521,i000481,i001069,i000909,i001952,i000342,i000947,i000661,i001663,i000570"
u030975,"i001069,i000481,i001952,i000909,i000324,i000661,i000947,i000521,i000555,i001922"
u030982,"i001688,i001049,i000695,i001584,i001240,i000401,i000058,i001462,i001350,i001314"
u030987,"i000909,i000481,i001922,i000324,i000521,i000555,i000342,i001952,i001240,i001069"
u030994,"i000909,i000481,i000521,i000342,i001952,i000661,i001663,i001069,i000646,i000554"
u031007,"i000481,i001069,i001952,i000909,i001663,i000521,i000661,i000342,i000554,i000695"
u031010,"i000555,i000324,i000909,i000481,i000327,i001069,i000898,i001952,i000110,i000521"
u031014,"i000481,i001069,i001952,i000909,i000661,i001922,i001455,i000324,i001663,i000521"
u031016,"i000909,i001914,i000481,i001649,i001952,i001663,i001087,i000521,i001069,i000324"
u031017,"i000481,i000909,i001952,i000521,i001922,i000555,i000324,i000661,i000554,i001069"
u031020,"i001069,i000481,i000909,i001952,i001663,i000521,i000947,i000661,i000342,i000646"
u031024,"i000909,i001914,i001069,i000481,i001649,i001663,i000554,i001087,i000931,i000947"
u031028,"i000481,i000661,i001952,i000521,i000554,i000342,i001069,i001663,i000909,i000646"
u031035,"i001069,i000481,i000947,i001952,i000909,i000521,i001663,i000931,i000342,i000661"
u031039,"i000481,i001952,i001069,i001663,i000661,i000521,i000909,i001038,i000646,i000207"
u031040,"i000554,i000481,i001143,i001069,i001455,i001949,i001952,i000661,i001445,i001914"
u031046,"i000481,i001069,i000909,i000521,i001952,i000342,i001663,i000554,i000661,i000646"
u031052,"i000481,i001069,i000909,i001952,i001663,i000661,i000947,i000521,i001455,i001914"
u031053,"i000481,i001455,i000695,i001952,i000909,i001673,i001922,i001445,i001240,i001663"
u031054,"i000481,i000909,i001069,i001952,i000324,i000521,i000555,i000554,i000695,i001922"
u031063,"i001069,i000481,i000661,i001952,i000554,i000521,i000909,i000947,i001445,i001663"
u031067,"i000481,i000909,i000521,i001952,i001038,i001069,i000324,i001663,i000342,i000207"
u031069,"i001922,i001335,i002009,i001682,i000200,i001595,i000977,i001801,i001240,i000006"
u031070,"i000521,i000481,i000342,i000661,i000947,i001952,i001069,i000909,i000646,i000619"
u031073,"i001069,i000481,i001952,i000909,i000947,i000521,i001663,i000661,i001267,i000646"
u031075,"i000555,i000324,i000481,i000909,i001069,i000521,i000342,i001952,i000661,i001663"
u031090,"i001649,i001914,i001087,i000554,i000481,i001922,i000695,i001663,i001455,i001240"
u031092,"i000481,i001952,i001663,i000695,i001240,i000661,i000554,i001922,i001069,i001455"
u031105,"i001069,i000481,i000909,i001952,i000521,i000342,i000947,i001663,i000324,i000555"
u031109,"i001478,i000481,i001952,i001663,i001445,i000909,i001038,i001046,i001455,i001069"
u031112,"i000481,i000909,i000521,i000342,i001952,i001069,i000555,i001922,i000661,i000324"
u031118,"i000481,i001069,i000521,i001952,i000909,i001663,i000342,i000661,i000947,i000646"
u031122,"i001069,i000481,i000909,i001952,i000947,i000661,i000521,i001445,i000324,i000555"
u031124,"i000481,i000909,i001952,i000521,i001069,i000555,i000324,i000342,i000661,i000554"
u031125,"i001069,i000481,i000909,i000947,i001952,i001663,i000521,i000661,i001713,i000342"
u031126,"i001335,i001922,i001682,i002009,i000200,i001595,i001801,i001240,i001649,i002056"
u031127,"i000481,i001069,i001952,i000909,i000521,i001663,i000207,i001038,i000661,i000646"
u031129,"i000555,i000324,i000110,i000909,i000327,i000898,i001151,i000481,i001134,i000877"
u031131,"i000481,i001069,i001952,i000909,i000521,i000661,i001663,i000342,i000947,i001922"
u031132,"i000481,i001952,i001069,i000521,i001663,i000909,i000661,i000342,i000646,i000554"
u031134,"i000481,i001478,i001663,i000342,i000909,i001069,i001952,i000661,i000521,i000947"
u031135,"i000909,i000481,i000521,i001922,i000555,i000324,i001952,i000554,i001069,i000342"
u031139,"i000324,i000898,i000555,i000327,i000909,i000110,i000481,i001069,i001952,i001134"
u031145,"i000481,i001952,i000661,i001069,i000909,i001663,i001455,i000521,i001478,i000342"
u031153,"i001069,i000481,i000909,i001952,i000521,i000947,i001663,i000342,i000661,i000554"
u031157,"i000695,i000058,i001584,i001049,i001688,i001240,i000401,i001922,i001462,i001949"
u031164,"i000481,i001663,i000909,i001952,i001038,i001069,i001478,i000661,i000521,i000554"
u031168,"i001952,i000481,i000342,i000661,i001663,i000521,i001069,i000646,i000947,i000909"
u031170,"i000646,i001663,i000481,i001952,i001046,i001069,i000909,i001478,i001038,i001445"
u031187,"i000481,i000909,i001069,i001952,i000521,i001663,i000342,i000324,i000661,i000554"
u031189,"i001069,i000481,i001952,i000909,i000947,i001663,i000521,i000661,i000342,i001713"
u031194,"i001952,i000481,i001219,i000661,i001038,i001069,i000898,i001949,i001455,i000207"
u031201,"i001151,i000282,i001515,i000360,i000555,i000317,i001320,i001069,i000324,i001682"
u031202,"i001069,i001713,i000909,i000481,i001952,i000947,i000661,i001663,i000931,i001445"
u031205,"i000481,i000909,i001922,i001069,i001952,i001663,i000554,i000661,i001445,i000521"
u031220,"i001151,i000282,i001515,i000360,i001026,i000555,i001922,i001320,i000324,i000317"
u031222,"i000324,i000555,i000898,i000110,i000327,i000481,i000521,i000909,i001952,i000877"
u031227,"i001922,i000554,i001240,i002009,i001682,i001335,i000977,i001786,i001801,i001151"
u031230,"i000909,i000481,i001069,i000521,i000342,i001952,i001663,i000947,i001478,i000661"
u031231,"i001069,i000931,i000947,i000909,i000481,i001952,i000342,i000521,i001296,i000661"
u031233,"i000909,i000481,i001922,i000324,i000521,i000555,i000342,i001069,i001151,i000898"
u031234,"i001952,i000661,i000481,i001069,i001002,i001455,i000521,i001038,i000909,i001663"
u031235,"i000555,i001508,i000481,i000909,i001753,i000324,i000342,i000521,i001906,i000518"
u031238,"i000481,i000909,i001952,i001922,i001663,i000661,i000695,i000521,i001069,i001914"
u031239,"i000555,i000324,i000898,i000327,i000110,i000909,i000481,i000877,i000521,i001151"
u031240,"i002146,i001478,i001445,i000481,i001046,i001663,i001952,i000909,i000646,i000661"
u031253,"i000481,i000909,i000324,i001952,i000555,i000521,i001922,i000342,i000661,i000646"
u031258,"i001069,i000481,i000909,i001952,i001922,i000324,i000661,i001663,i000555,i001455"
u031259,"i000481,i001952,i001663,i000661,i001069,i000554,i000521,i001240,i001455,i000695"
u031264,"i001952,i000554,i000481,i001663,i001143,i001455,i001949,i001445,i001069,i000661"
u031271,"i001069,i000909,i000481,i000947,i000521,i001952,i000342,i000931,i001713,i001663"
u031274,"i001049,i000695,i001688,i001584,i001922,i001240,i000058,i001462,i000401,i002009"
u031280,"i001069,i000481,i001753,i000909,i001952,i001508,i001906,i001663,i000661,i000342"
u031285,"i000481,i000909,i000521,i000342,i001663,i000977,i001922,i001069,i000661,i000554"
u031294,"i000909,i001069,i000481,i000521,i001952,i000342,i000661,i000947,i000324,i001663"
u031306,"i000481,i000909,i000521,i000324,i001952,i000555,i001922,i001069,i000554,i000661"
u031326,"i000909,i001922,i000324,i000481,i000342,i000521,i000555,i001240,i000554,i000695"
u031343,"i000481,i000909,i001069,i001952,i001663,i000947,i000661,i000521,i000554,i000646"
u031349,"i000481,i001952,i001455,i001663,i001069,i000909,i001478,i001038,i000661,i001445"
u031353,"i000481,i000909,i001952,i001069,i001478,i001663,i000521,i000342,i000661,i001038"
u031355,"i001069,i000481,i000909,i000521,i001952,i001663,i001445,i000661,i000947,i000342"
u031384,"i001445,i000646,i000481,i001038,i001663,i001046,i001952,i000661,i001069,i001478"
u031385,"i000481,i000909,i001922,i000324,i000555,i001240,i000695,i000521,i000554,i000110"
u031393,"i000481,i001069,i001952,i000909,i000646,i000555,i000521,i000324,i001663,i000342"
u031395,"i000481,i000909,i000324,i000521,i001952,i001922,i000695,i001069,i000555,i000554"
u031400,"i000481,i001069,i001952,i000521,i000909,i001663,i000342,i000947,i000661,i000554"
u031402,"i001922,i001069,i000481,i000720,i000282,i000909,i000167,i001952,i001649,i000521"
u031406,"i000481,i000909,i001952,i000521,i001663,i000661,i001069,i000342,i000554,i001038"
u031409,"i000481,i001069,i000909,i001952,i001663,i000661,i000521,i000947,i000342,i001038"
u031426,"i000481,i001922,i000521,i000324,i000661,i001335,i000909,i001682,i001952,i001663"
u031427,"i000909,i000481,i001069,i000324,i001952,i000521,i001922,i000695,i000342,i001663"
u031429,"i000481,i001922,i000909,i001240,i000695,i000554,i000521,i001688,i001949,i001663"
u031431,"i001069,i000909,i000555,i001914,i000481,i001649,i000324,i001087,i000327,i001952"
u031433,"i001952,i000481,i000909,i001663,i001069,i000661,i001478,i001455,i001445,i001046"
u031440,"i001455,i001673,i001710,i001445,i001952,i000554,i000805,i000661,i001914,i001069"
u031445,"i000481,i001069,i001952,i000909,i001663,i000661,i000521,i000947,i001038,i001455"
u031447,"i000324,i000555,i000898,i000327,i000110,i000481,i000909,i001134,i001455,i000877"
u031448,"i000898,i000324,i000909,i000110,i000327,i000555,i000481,i000342,i001952,i000521"
u031459,"i000481,i000909,i001922,i000521,i000324,i000555,i001952,i000342,i000695,i000554"
u031461,"i001191,i000554,i001949,i001801,i001240,i001786,i000956,i001922,i001143,i001914"
u031465,"i000481,i001952,i000909,i000555,i000324,i000521,i000898,i000110,i000554,i000327"
u031470,"i000481,i000909,i001069,i001663,i001952,i000521,i000947,i000342,i000695,i000554"
u031471,"i000481,i001952,i001663,i001038,i001069,i001046,i000646,i000661,i001478,i000909"
u031472,"i000695,i001584,i001462,i000058,i001049,i001688,i000360,i000829,i001778,i000401"
u031490,"i001906,i000325,i001753,i001508,i001927,i000548,i001065,i000518,i001069,i000301"
u031492,"i000481,i000521,i000909,i000342,i000554,i001663,i001952,i001240,i001922,i000695"
u031502,"i001069,i000481,i000909,i001952,i000521,i001663,i000324,i000342,i000555,i000947"
u031524,"i000481,i001952,i001069,i000661,i001922,i001663,i000695,i001455,i000909,i001240"
u031530,"i001663,i000481,i001952,i000646,i000521,i000909,i001069,i001240,i000554,i001478"
u031533,"i000521,i000481,i000909,i000342,i000661,i001952,i001038,i000646,i001663,i001069"
u031534,"i001455,i001673,i001445,i001710,i000554,i000661,i001952,i001949,i000481,i000805"
u031559,"i000481,i001069,i000909,i001952,i001663,i000947,i000661,i000695,i000521,i000342"
u031592,"i000481,i000909,i001069,i001952,i000521,i000324,i000342,i000555,i001663,i000661"
u031595,"i000481,i000909,i000324,i000521,i001952,i001922,i000342,i000555,i001069,i000898"
u031601,"i000909,i001069,i000481,i000521,i000342,i001952,i000947,i001663,i000324,i000661"
u031603,"i001455,i001673,i001710,i001445,i001952,i000805,i000554,i001914,i001949,i000661"
u031606,"i001069,i000909,i000481,i001952,i001663,i001038,i000947,i000207,i001713,i001478"
u031612,"i001922,i000695,i001240,i001688,i000481,i001049,i000554,i001584,i000058,i000909"
u031619,"i000481,i000521,i001952,i000342,i000661,i000554,i001663,i001922,i000248,i002063"
u031622,"i001069,i000481,i000909,i000521,i001952,i000947,i001663,i000342,i000661,i000646"
u031624,"i000695,i000481,i001069,i001952,i001922,i001240,i001049,i001688,i000661,i001663"
u031630,"i000481,i000521,i000554,i000909,i000661,i000342,i000555,i000324,i001952,i001922"
u031635,"i001069,i000947,i000481,i000909,i000521,i001267,i001952,i000342,i001663,i000931"
u031636,"i001952,i000481,i001069,i000661,i000947,i000521,i001875,i000342,i001663,i000909"
u031645,"i000481,i000909,i001952,i001069,i000521,i000661,i001663,i000342,i001038,i000947"
u031646,"i000481,i000909,i000521,i001069,i000342,i001952,i000324,i000661,i001922,i001663"
u031647,"i001673,i001455,i001710,i001069,i001445,i001952,i001914,i000909,i000481,i000661"
u031653,"i000481,i001069,i000909,i001952,i001663,i000521,i000947,i000661,i000342,i000646"
u031660,"i001922,i002009,i001682,i001335,i000481,i001240,i000006,i000977,i000695,i001801"
u031661,"i000481,i001952,i001069,i001663,i000909,i001753,i000661,i000521,i000554,i001455"
u031662,"i001069,i000481,i001952,i000909,i001663,i001478,i000661,i000947,i001038,i000521"
u031664,"i000909,i000481,i000521,i000342,i001069,i001952,i000324,i001663,i000554,i000661"
u031672,"i000481,i001069,i000909,i001952,i000521,i001663,i000661,i001038,i000947,i001753"
u031676,"i000909,i001069,i001713,i000481,i000947,i000521,i000342,i001952,i001663,i001007"
u031681,"i000481,i001069,i000909,i001663,i001952,i000521,i000342,i000947,i000661,i000554"
u031682,"i001069,i000481,i000909,i000947,i001952,i000521,i001663,i000661,i000342,i001713"
u031695,"i000481,i001952,i001069,i001922,i000695,i001914,i001663,i000661,i001240,i001455"
u031696,"i001069,i000481,i000909,i001952,i000324,i000555,i000521,i000661,i001663,i000342"
u031707,"i000342,i000521,i000481,i001922,i001663,i000909,i000661,i000977,i001952,i000646"
u031710,"i000481,i001952,i000909,i001069,i000521,i000555,i000324,i000661,i000342,i001663"
u031714,"i000481,i001952,i000661,i001455,i001038,i001663,i000521,i000554,i000909,i000646"
u031718,"i000282,i001151,i001515,i000360,i001026,i000317,i001320,i001922,i002056,i001335"
u031723,"i000481,i000695,i001663,i000909,i001240,i001455,i001914,i000554,i001069,i000058"
u031732,"i000481,i001069,i000909,i000521,i000342,i001952,i001663,i000554,i000661,i001922"
u031737,"i000554,i001682,i001949,i000481,i001922,i000909,i001069,i001143,i001445,i001335"
u031739,"i000481,i001069,i000909,i000521,i001952,i000324,i000342,i000555,i001663,i000661"
u031745,"i000282,i001151,i001515,i000481,i000909,i001069,i000554,i000555,i000324,i000360"
u031758,"i000481,i001069,i001753,i000909,i001952,i001508,i000521,i001906,i000947,i000661"
u031762,"i000481,i000909,i000521,i001922,i000324,i000555,i000342,i001952,i001069,i000661"
u031777,"i000695,i001049,i000058,i001584,i001688,i001462,i001240,i000401,i000931,i000842"
u031778,"i000555,i000324,i000909,i000898,i000110,i000327,i000481,i000521,i000342,i000877"
u031782,"i000481,i000521,i000342,i000661,i001952,i000909,i001663,i001922,i000554,i000646"
u031794,"i000481,i001046,i001952,i000646,i001069,i001663,i000909,i001038,i000661,i000554"
u031807,"i000909,i000481,i001069,i000342,i000324,i000521,i001952,i001663,i000947,i001478"
u031810,"i000554,i001191,i001949,i000909,i000481,i001240,i001143,i001069,i001445,i001455"
u031825,"i000481,i001952,i000909,i000661,i000324,i000521,i000555,i001151,i000282,i001922"
u031826,"i000481,i001455,i000661,i001952,i000521,i001673,i001663,i000554,i000646,i001069"
u031829,"i000342,i000554,i000909,i001143,i000521,i000324,i001922,i000661,i001753,i000555"
u031835,"i001069,i000947,i000481,i000909,i001952,i001267,i000570,i001663,i000521,i001713"
u031836,"i000342,i000481,i000521,i000909,i001663,i000661,i001069,i000646,i001952,i001478"
u031863,"i000481,i000695,i001455,i001240,i001663,i001445,i001922,i001952,i000554,i000661"
u031864,"i001922,i001682,i002009,i000200,i001335,i001595,i001240,i001151,i000695,i000006"
u031879,"i001240,i000554,i001922,i001191,i001786,i001949,i000695,i001143,i000754,i000058"
u031883,"i000481,i001069,i001952,i001753,i001508,i001663,i000521,i000661,i001038,i000947"
u031887,"i000521,i000481,i001069,i000342,i000661,i000554,i000909,i001952,i000947,i001663"
u031892,"i001914,i001649,i001087,i000554,i001673,i001445,i001455,i001949,i000481,i001046"
u031895,"i000481,i000521,i001952,i000909,i001069,i000342,i000661,i000555,i001663,i000554"
u031907,"i001952,i000481,i001069,i001663,i000909,i000521,i000661,i000646,i001038,i001046"
u031908,"i001240,i000695,i001922,i000481,i001688,i000909,i000521,i000554,i001049,i000754"
u031914,"i000555,i000324,i001922,i001151,i000909,i001240,i000327,i000110,i000521,i000554"
u031916,"i000342,i000521,i000481,i000909,i000661,i001663,i001952,i000253,i000947,i001069"
u031929,"i000481,i000521,i000909,i001952,i000342,i001663,i000661,i001069,i000646,i001922"
u031931,"i000481,i001069,i000909,i001952,i001663,i000695,i000661,i001455,i000947,i000521"
u031932,"i001069,i000947,i000481,i001952,i000909,i001663,i000521,i001267,i000661,i000342"
u031935,"i001914,i001649,i001087,i000909,i001069,i000481,i000554,i001455,i001952,i001663"
u031942,"i000695,i001240,i000481,i001922,i001688,i001049,i001584,i000554,i001952,i000058"
u031943,"i000282,i001151,i001515,i000360,i001320,i000909,i001069,i000481,i001026,i001922"
u031945,"i001952,i000481,i001069,i000661,i001455,i001663,i001673,i000909,i001710,i001038"
u031946,"i000481,i000342,i001663,i001922,i000521,i000554,i000909,i000661,i001952,i000977"
u031947,"i000481,i000521,i001753,i001952,i001069,i001508,i000909,i000342,i000661,i001663"
u031955,"i000481,i000521,i001069,i001952,i000909,i000661,i000342,i000947,i001663,i000646"
u031958,"i000481,i001069,i001038,i001952,i000909,i000521,i000661,i001663,i000646,i000947"
u031963,"i000324,i000555,i000481,i001069,i000909,i000521,i000898,i000110,i001952,i000877"
u031965,"i000481,i000909,i000521,i000342,i001952,i001069,i001663,i000661,i000324,i000555"
u031971,"i000481,i000909,i000521,i001069,i001952,i000554,i001663,i000342,i000661,i000555"
u031979,"i000695,i001584,i000058,i001688,i001240,i001049,i001922,i001462,i000401,i000251"
u031990,"i001922,i001455,i000481,i001673,i001952,i001710,i000695,i000661,i001445,i001663"
u031991,"i001875,i000481,i001069,i000521,i001952,i001753,i000342,i001508,i000909,i000661"
u031996,"i000481,i001753,i000521,i001952,i001508,i000661,i000909,i000518,i001069,i001663"
u032007,"i000695,i001584,i000058,i001049,i001688,i001462,i001240,i000401,i001922,i000931"
u032010,"i001922,i000481,i001455,i001952,i000555,i000324,i001682,i001673,i000909,i001069"
u032028,"i000909,i000695,i001240,i000481,i001922,i000521,i000554,i000324,i001688,i000555"
u032029,"i000521,i000481,i000342,i001069,i000909,i001952,i000661,i000947,i000646,i000619"
u032034,"i001922,i002009,i001682,i001335,i000977,i001240,i001801,i000695,i000200,i000554"
u032039,"i000481,i001922,i000909,i000521,i000342,i000554,i000324,i001952,i001240,i001663"
u032047,"i000481,i001069,i001952,i000909,i000521,i001663,i000661,i000554,i000342,i000947"
u032050,"i000481,i001069,i000909,i000521,i001952,i000342,i000947,i001663,i000324,i000555"
u032052,"i000909,i000481,i000324,i000521,i000555,i001922,i000342,i001952,i000554,i001240"
u032054,"i000481,i000521,i001922,i000342,i001069,i000909,i001952,i000661,i001663,i000646"
u032057,"i001069,i000481,i000909,i001952,i000521,i000324,i000947,i000555,i000661,i000342"
u032061,"i000481,i001952,i000661,i001069,i000909,i000521,i001663,i000342,i000646,i001038"
u032068,"i000481,i001069,i001455,i000909,i001952,i000661,i000695,i001673,i000554,i001922"
u032081,"i000909,i000481,i000521,i001069,i001952,i000324,i000342,i000661,i000555,i000554"
u032085,"i000909,i001069,i000481,i000342,i000521,i000947,i001952,i001663,i000207,i000661"
u032086,"i000167,i001922,i000481,i001069,i000999,i001445,i000909,i001682,i001455,i001049"
u032102,"i001906,i001069,i001753,i000481,i001952,i000909,i000342,i000661,i000248,i001663"
u032108,"i000909,i000481,i001922,i000324,i000521,i000555,i001240,i000342,i000554,i000695"
u032109,"i000481,i000909,i001069,i000521,i000342,i001952,i000324,i001663,i000947,i000555"
u032140,"i000481,i001922,i001952,i001455,i001914,i000661,i001673,i000695,i001069,i000909"
u032142,"i000909,i000481,i001922,i000324,i000521,i000342,i000555,i000554,i001240,i000110"
u032143,"i000909,i001922,i000481,i000324,i000555,i000521,i001240,i000342,i000554,i000695"
u032144,"i000324,i000555,i000909,i000110,i000898,i000481,i000327,i001134,i001922,i000342"
u032149,"i000909,i000481,i000521,i001922,i000342,i000324,i000555,i000554,i001952,i001240"
u032167,"i000481,i001952,i001069,i000661,i000909,i001663,i000521,i001038,i001455,i000646"
u032169,"i001240,i001922,i000695,i001688,i000481,i000909,i001786,i001049,i000554,i000754"
u032174,"i001069,i000481,i000909,i000947,i001952,i001663,i001445,i001455,i000695,i000931"
u032179,"i000481,i001952,i001069,i000661,i001663,i001455,i001922,i000554,i000695,i000909"
u032189,"i001240,i000695,i001922,i001688,i001049,i001584,i001786,i000058,i000754,i000481"
u032194,"i000481,i000909,i000342,i001069,i000521,i001952,i001663,i001478,i000324,i000898"
u032195,"i000695,i001240,i001688,i001922,i001049,i001584,i000481,i000058,i000554,i000754"
u032201,"i000481,i001952,i001069,i001663,i000661,i000909,i001455,i001038,i000521,i000554"
u032202,"i000481,i001069,i000909,i001952,i000521,i000661,i001663,i000342,i000947,i001038"
u032206,"i000342,i000481,i000521,i000909,i001069,i001952,i000661,i001663,i000947,i000646"
u032209,"i001922,i000481,i001240,i000909,i000521,i000695,i000554,i000342,i001688,i000324"
u032214,"i001922,i000695,i001240,i000481,i000909,i001688,i000521,i000554,i001584,i000058"
u032227,"i000695,i001240,i001688,i001922,i001049,i000481,i001584,i000554,i000909,i000754"
u032230,"i000481,i000909,i001922,i000521,i000324,i000342,i001240,i000898,i000555,i001952"
u032235,"i001455,i001673,i001445,i001710,i001952,i000661,i001069,i000554,i000481,i001143"
u032238,"i000481,i000695,i000909,i001952,i001922,i001240,i001663,i001455,i001049,i001069"
u032240,"i000521,i000481,i000555,i001069,i000554,i000909,i000661,i000342,i001952,i000324"
u032249,"i000695,i001240,i001688,i001922,i001049,i001584,i000058,i001786,i000909,i000481"
u032252,"i000481,i001069,i000909,i000521,i001952,i000342,i001663,i000661,i000947,i000646"
u032259,"i000481,i000324,i000909,i000555,i000521,i001922,i000342,i001952,i000898,i001069"
u032260,"i001922,i000695,i001240,i000909,i000481,i000521,i000324,i000555,i000554,i001688"
u032264,"i000695,i001922,i000481,i001240,i000909,i001688,i000521,i000554,i001584,i001049"
u032272,"i000481,i001069,i000909,i001952,i000695,i001663,i000324,i000521,i000947,i000661"
u032273,"i001922,i001240,i000695,i000909,i001049,i000481,i001688,i001786,i000324,i000554"
u032277,"i000481,i001069,i000342,i000947,i000909,i000521,i001952,i000554,i001663,i001267"
u032281,"i001922,i001335,i002009,i000200,i001682,i001595,i001240,i001113,i002056,i001801"
u032291,"i001455,i000554,i001673,i001710,i001445,i001952,i000481,i001949,i001240,i001143"
u032294,"i000481,i000695,i000909,i001455,i001663,i001240,i001952,i001445,i001922,i000554"
u032296,"i000909,i001922,i000481,i000521,i000324,i001240,i000555,i000554,i000342,i000695"
u032301,"i001922,i000695,i001240,i000909,i000481,i001688,i000521,i000554,i001049,i000342"
u032305,"i000909,i000481,i001069,i001952,i000521,i001663,i000342,i000947,i001038,i000661"
u032316,"i001922,i002009,i001240,i001682,i001335,i000695,i000200,i001786,i000977,i001049"
u032322,"i000481,i000521,i000909,i001663,i000342,i001952,i001922,i000646,i000661,i000554"
u032333,"i000909,i001922,i000695,i000481,i001240,i000521,i000324,i000555,i001688,i000554"
u032335,"i000909,i001069,i000342,i000481,i000324,i000521,i001952,i000555,i000947,i001663"
u032349,"i001922,i000481,i000661,i001952,i000521,i000909,i000342,i001455,i001673,i001682"
u032350,"i000481,i001069,i000695,i001455,i001952,i000909,i001445,i001673,i001240,i001914"
u032354,"i001922,i000342,i000481,i000521,i000977,i000554,i000909,i001240,i000555,i001663"
u032355,"i000324,i001922,i000555,i001240,i000898,i000695,i000909,i000110,i001134,i000481"
u032371,"i000481,i000342,i001922,i000521,i000977,i000661,i000909,i000207,i001663,i001952"
u032373,"i001069,i000481,i000909,i001952,i001663,i000947,i000521,i000695,i000661,i001455"
u032374,"i000481,i001952,i001069,i000661,i001046,i001663,i000909,i000554,i000646,i000521"
u032377,"i000909,i000481,i000521,i000555,i000342,i000324,i001922,i001952,i000554,i001663"
u032385,"i001922,i001240,i000695,i001049,i002009,i001682,i001786,i001688,i001335,i001584"
u032390,"i000481,i001952,i001069,i000521,i000661,i000947,i001663,i000909,i000342,i001455"
u032400,"i000481,i001952,i001069,i001663,i000646,i000909,i000521,i000661,i001038,i001046"
u032411,"i000481,i001069,i000909,i001952,i000521,i000342,i001663,i000324,i000661,i000947"
u032415,"i000909,i000324,i000342,i000481,i000555,i000521,i001914,i000554,i000110,i001922"
u032416,"i000481,i000909,i000521,i001952,i001922,i001663,i000554,i000342,i000646,i000661"
u032423,"i000695,i001584,i001688,i001049,i000058,i001240,i001462,i001922,i000401,i001350"
u032424,"i001914,i001649,i001087,i001069,i001949,i001445,i000909,i001922,i000481,i001143"
u032434,"i001240,i000695,i001922,i001191,i001688,i001584,i000058,i000554,i001049,i000956"
u032442,"i000481,i000909,i001922,i000695,i001240,i000521,i001688,i000554,i000342,i001663"
u032448,"i001663,i000481,i001069,i001952,i000646,i001478,i000909,i000521,i000947,i000342"
u032451,"i000909,i000481,i000521,i001922,i000324,i000342,i000695,i000555,i000554,i001240"
u032459,"i001069,i000481,i001952,i000909,i000661,i001663,i000521,i000342,i000947,i000554"
u032460,"i000327,i000324,i000898,i000110,i000555,i000481,i001914,i001952,i000909,i001069"
u032462,"i001455,i000481,i001445,i000554,i001673,i000909,i001710,i001952,i000695,i001663"
u032465,"i000695,i001240,i001922,i001049,i001688,i001584,i000058,i001786,i000754,i000554"
u032467,"i000481,i001455,i001069,i001952,i000909,i001673,i000695,i001663,i000661,i001445"
u032470,"i000481,i001240,i001922,i000554,i000695,i001952,i001663,i000956,i001688,i001445"
u032472,"i001952,i000481,i001455,i000661,i001663,i001038,i001069,i001673,i001445,i001478"
u032477,"i000909,i000481,i000521,i000342,i000324,i000555,i001922,i001952,i000554,i001069"
u032478,"i001949,i000554,i001455,i000481,i001191,i001952,i001240,i001445,i001922,i001914"
u032481,"i001922,i000481,i000909,i000521,i001240,i000695,i001688,i000554,i001663,i000342"
u032485,"i000909,i000342,i000521,i000481,i000555,i000324,i001952,i001069,i000661,i000110"
u032486,"i000481,i000909,i000324,i001922,i000521,i000555,i001952,i001240,i000342,i001069"
u032492,"i000646,i001663,i000481,i001478,i001046,i001952,i001445,i000661,i002146,i001038"
u032495,"i000324,i000555,i000110,i001134,i000898,i000909,i000877,i000481,i001516,i000342"
u032500,"i001922,i001240,i000695,i001049,i002009,i001682,i001688,i000058,i001786,i000977"
u032502,"i000695,i000481,i000909,i001049,i001240,i000324,i001688,i000521,i001952,i001922"
u032504,"i001240,i001922,i000695,i000909,i001688,i000754,i001049,i000481,i001786,i000554"
u032505,"i000909,i001922,i000481,i000521,i000342,i000661,i001663,i001069,i000324,i000554"
u032507,"i001922,i002009,i001682,i001335,i001240,i001801,i000977,i000006,i000200,i001049"
u032509,"i000481,i000909,i000521,i000342,i000555,i000324,i001922,i001240,i001952,i001069"
u032514,"i000481,i000695,i000909,i001240,i000554,i001922,i000324,i001952,i001663,i000521"
u032517,"i000481,i000521,i000661,i000342,i001952,i000646,i000909,i001038,i001069,i001663"
u032523,"i000695,i001584,i001688,i001049,i000058,i001240,i001462,i001922,i000401,i001786"
u032524,"i000481,i000909,i001952,i001663,i000521,i001069,i000661,i000342,i001038,i000554"
u032525,"i000909,i000481,i000342,i000324,i000521,i001922,i000555,i001663,i000554,i001240"
u032537,"i000110,i000324,i000555,i000327,i000898,i000481,i000909,i000877,i000521,i001952"
u032548,"i000481,i000695,i000909,i001240,i001922,i000554,i001663,i001069,i001952,i001455"
u032549,"i001786,i001922,i000754,i001240,i001688,i000554,i001350,i001049,i000695,i001191"
u032553,"i000481,i001922,i000521,i000909,i000554,i000342,i001682,i000324,i000661,i001038"
u032562,"i000481,i000909,i000521,i000342,i000554,i000324,i001922,i000555,i001952,i001143"
u032563,"i000909,i000481,i000342,i000521,i000324,i000555,i000554,i001922,i001663,i001952"
u032575,"i001240,i000554,i001143,i000956,i001191,i001949,i000695,i001786,i001922,i000058"
u032579,"i000481,i001069,i001952,i000521,i000909,i001922,i000342,i000661,i001663,i000947"
u032581,"i001922,i000481,i000661,i001663,i001952,i001240,i000554,i000695,i001445,i001914"
u032582,"i000324,i000555,i000110,i000327,i000898,i000909,i001134,i001922,i001151,i000481"
u032597,"i000481,i001069,i001952,i000909,i001663,i000661,i001922,i001455,i000947,i000521"
u032599,"i001922,i000909,i000481,i000324,i000342,i000521,i000555,i001240,i000554,i001952"
u032600,"i001914,i001069,i000481,i000909,i001087,i001649,i001445,i001455,i001663,i001673"
u032606,"i001688,i000695,i001049,i001584,i000401,i001462,i000058,i001240,i001922,i001350"
u032610,"i000481,i000909,i001952,i000521,i000324,i001069,i000555,i001663,i000661,i000342"
u032615,"i000909,i000481,i000521,i000695,i001922,i000554,i001240,i000342,i001949,i001663"
u032617,"i001914,i000481,i000554,i000909,i001649,i000661,i001069,i001922,i001952,i000521"
u032619,"i001922,i001240,i002009,i000695,i001682,i001049,i000977,i001786,i000909,i000481"
u032629,"i000909,i000481,i000521,i000342,i001922,i000555,i000324,i000554,i001240,i001952"
u032631,"i000909,i000481,i000342,i000521,i000555,i000324,i000554,i001240,i001663,i001922"
u032632,"i000481,i001069,i000909,i001952,i000521,i001663,i000947,i000342,i000646,i000661"
u032633,"i000481,i001952,i001038,i000661,i001455,i001445,i001046,i001663,i000554,i001478"
u032635,"i000481,i001952,i000909,i000521,i001663,i001069,i000646,i000554,i000207,i001038"
u032639,"i000909,i001922,i000481,i000324,i001240,i000555,i000521,i000342,i000554,i000695"
u032644,"i000754,i001786,i001350,i001688,i001240,i001314,i000554,i001922,i001191,i000200"
u032645,"i001240,i000695,i001049,i001688,i001584,i000058,i000754,i001922,i001191,i001786"
u032648,"i001069,i000481,i000909,i001952,i000521,i000342,i000947,i001663,i000661,i000324"
u032658,"i000555,i000324,i000909,i000521,i001151,i000342,i000110,i000481,i001922,i000554"
u032662,"i000324,i000909,i000327,i000110,i000898,i000555,i000481,i001922,i001240,i000521"
u032664,"i000481,i000909,i000521,i000661,i001663,i000646,i001922,i001046,i000554,i000342"
u032668,"i000360,i000282,i001515,i001151,i001069,i000317,i001320,i001026,i001113,i000931"
u032670,"i000481,i000521,i000661,i000909,i000342,i001069,i001663,i000947,i001952,i000554"
u032683,"i001922,i001240,i002009,i001682,i000695,i001786,i001049,i001335,i000977,i000200"
u032689,"i001049,i000695,i001688,i001584,i001922,i001240,i000058,i001462,i000401,i001786"
u032696,"i001455,i000481,i000695,i001673,i001445,i000909,i000324,i001710,i001952,i000555"
u032697,"i000481,i001952,i000909,i001069,i001663,i000521,i000661,i000342,i000554,i000555"
u032703,"i001240,i001191,i000554,i001922,i001786,i001949,i000754,i000909,i001801,i000342"
u032707,"i001922,i002009,i001240,i001682,i001335,i000695,i001049,i000200,i001786,i001801"
u032712,"i000521,i001296,i001217,i000342,i000563,i000646,i001922,i000481,i000661,i000253"
u032718,"i001240,i000695,i001922,i001688,i001049,i000058,i001584,i000554,i001949,i001786"
u032731,"i001786,i000754,i001922,i001350,i000554,i001240,i001191,i000200,i001688,i001049"
u032732,"i001240,i001191,i001786,i000695,i000554,i001688,i001949,i000754,i001922,i000058"
u032733,"i000481,i001069,i001952,i000661,i001663,i001038,i000909,i001445,i000521,i000646"
u032736,"i001663,i000481,i000909,i000521,i000342,i000646,i001478,i001952,i000554,i001240"
u032739,"i001240,i001922,i000754,i000554,i001191,i001786,i000342,i001949,i001143,i002009"
u032740,"i000481,i000521,i001069,i000909,i001952,i000342,i000661,i001663,i000947,i000207"
u032741,"i000481,i001069,i000909,i000521,i001952,i000342,i001663,i000947,i000661,i000207"
u032748,"i000554,i001949,i001143,i001240,i000521,i001191,i001786,i000481,i000909,i000342"
u032757,"i000481,i001069,i001952,i000661,i000909,i001663,i000521,i000947,i000342,i000646"
u032760,"i000481,i000521,i001952,i000909,i000661,i001663,i000554,i000342,i001069,i000324"
u032766,"i000909,i000521,i000481,i001922,i000342,i000977,i000554,i001038,i000661,i001663"
u032767,"i000521,i000342,i000481,i000554,i000909,i000661,i000619,i000253,i000646,i001922"
u032768,"i000481,i001069,i000909,i001952,i000521,i000342,i001663,i000661,i001922,i000324"
u032779,"i000481,i001069,i001952,i000909,i000661,i000521,i001663,i000947,i000342,i000554"
u032782,"i001922,i000977,i001682,i002009,i001335,i000481,i000521,i000342,i000200,i000661"
u032784,"i000646,i000521,i000481,i001069,i000909,i001952,i000661,i000342,i001663,i000619"
u032789,"i000909,i000342,i000324,i000521,i000481,i000555,i000110,i001952,i001069,i000554"
u032795,"i000481,i000521,i001952,i000909,i000342,i001663,i000661,i001069,i001922,i000646"
u032801,"i001240,i000695,i001922,i001049,i001688,i001584,i001191,i000554,i000058,i002009"
u032803,"i000481,i001069,i000554,i001952,i000909,i000521,i001445,i001455,i001949,i001663"
u032804,"i001688,i000695,i001049,i001584,i000058,i001240,i001462,i000401,i001350,i001922"
u032808,"i000481,i000909,i000342,i000521,i000554,i001952,i000555,i000324,i000661,i001949"
u032813,"i001922,i001240,i002009,i001786,i001682,i000695,i001335,i001049,i000977,i000200"
u032814,"i000481,i000909,i001663,i001753,i001952,i000521,i001069,i000695,i000661,i001455"
u032818,"i001240,i000554,i001143,i001786,i001922,i001949,i000909,i001191,i000481,i000521"
u032819,"i000909,i001922,i000481,i001240,i000324,i000521,i000695,i000342,i000555,i000554"
u032840,"i000909,i001069,i000481,i000521,i001952,i000342,i000947,i001663,i000324,i000661"
u032842,"i001922,i001240,i000695,i000909,i000481,i001049,i000324,i001688,i000521,i001584"
u032857,"i000481,i001069,i001952,i000661,i000521,i001455,i000947,i001445,i000554,i000909"
u032858,"i001922,i001240,i000695,i001049,i002009,i001688,i001682,i001786,i001584,i000058"
u032859,"i000695,i001922,i001688,i001049,i001240,i000481,i001584,i000058,i001952,i001663"
u032860,"i000695,i001584,i000058,i001688,i001049,i001240,i001462,i000401,i001922,i000754"
u032862,"i001922,i000695,i001240,i001049,i001688,i001584,i000058,i000909,i001786,i000754"
u032866,"i000909,i000481,i000521,i000324,i000342,i001922,i000555,i001952,i000695,i000554"
u032870,"i000554,i001240,i001786,i000956,i001191,i001143,i001949,i000695,i001922,i000058"
u032872,"i000909,i000481,i001240,i001922,i000695,i000554,i000324,i000521,i000342,i000555"
u032874,"i000695,i001584,i000058,i001049,i001688,i001240,i001922,i001462,i000401,i001786"
u032879,"i000481,i000661,i001069,i001455,i000909,i001952,i001445,i001673,i000554,i001038"
u032880,"i000695,i001240,i001688,i001922,i001049,i001584,i000754,i001786,i000058,i000554"
u032881,"i001240,i000695,i001922,i001688,i001049,i001584,i000754,i001191,i001786,i000058"
u032892,"i001922,i001240,i000695,i001786,i001049,i000342,i001688,i000754,i000977,i000521"
u032903,"i001922,i001801,i001240,i001786,i001191,i002009,i002056,i001335,i000695,i000909"
u032908,"i000481,i001069,i000909,i000521,i000342,i001952,i001663,i000947,i000661,i000646"
u032912,"i001069,i000481,i000909,i001952,i000521,i000947,i000661,i001663,i000324,i000342"
u032916,"i000555,i000324,i000521,i000481,i000909,i000342,i000554,i001922,i000877,i001143"
u032930,"i000661,i001952,i001922,i000481,i001455,i000270,i002009,i001445,i000521,i000646"
u032945,"i001455,i001952,i001069,i000481,i001673,i001445,i001710,i000661,i000554,i001949"
u032950,"i000481,i001069,i000909,i001952,i001663,i000521,i000661,i000947,i000695,i001455"
u032952,"i000481,i001069,i001952,i000909,i000661,i000521,i001508,i001663,i000947,i000342"
u032954,"i001069,i000481,i001952,i000909,i000947,i000661,i000521,i001663,i000931,i000342"
u032966,"i000327,i000898,i000110,i000324,i000481,i000555,i000909,i001069,i001952,i001914"
u032974,"i000554,i001914,i001445,i001455,i001649,i000956,i001673,i001949,i001191,i001143"
u032977,"i000481,i001952,i001069,i001663,i000661,i000521,i001922,i000909,i000947,i000342"
u032979,"i000481,i001952,i001069,i000695,i001663,i000661,i001455,i001922,i000554,i001445"
u032980,"i002062,i001320,i001151,i000324,i000327,i000661,i000521,i000555,i000481,i001922"
u032983,"i000481,i000909,i001069,i000661,i001952,i000521,i000947,i000342,i001455,i001663"
u032992,"i000481,i001952,i001069,i000521,i000661,i001455,i000947,i001663,i000554,i000909"
u032994,"i001952,i000481,i001069,i000661,i001663,i001046,i001038,i001455,i000521,i000554"
u032997,"i001069,i001952,i000481,i000661,i001922,i000909,i001663,i000554,i000695,i000521"
u032998,"i001914,i001649,i001087,i000481,i001069,i000909,i000554,i001455,i001663,i001952"
u032999,"i000481,i001952,i001455,i000661,i001069,i001663,i001673,i000909,i000695,i001922"
u033006,"i000481,i001753,i001455,i001508,i000518,i001663,i000909,i001952,i000554,i001445"
u033008,"i000481,i001069,i001952,i001663,i000909,i001038,i000521,i000646,i000661,i000947"
u033017,"i000481,i001069,i000909,i001952,i000947,i000521,i000661,i001663,i001455,i001922"
u033020,"i000481,i001069,i000521,i001952,i000909,i000661,i000342,i000207,i001663,i000555"
u033022,"i001069,i000481,i001952,i001038,i000909,i001753,i000521,i000646,i000661,i001046"
u033024,"i001069,i000481,i000909,i001952,i001663,i000661,i000521,i000947,i001455,i001922"
u033025,"i000481,i000909,i001952,i001069,i000521,i001455,i000661,i001663,i000555,i001038"
u033026,"i001455,i001922,i001914,i000661,i000695,i000481,i001649,i001952,i001673,i000909"
u033027,"i001069,i000481,i001952,i000909,i000521,i000947,i000661,i001663,i000342,i000324"
u033030,"i000251,i000695,i001914,i001649,i000909,i000058,i000220,i000931,i001584,i001069"
u033041,"i000481,i001069,i000909,i001952,i001663,i000947,i000521,i000342,i000661,i000554"
u033050,"i000481,i001952,i001069,i000661,i001663,i001038,i000521,i000909,i000646,i001445"
u033057,"i000481,i001069,i001952,i000909,i000661,i000521,i001663,i001455,i000947,i000207"
u033065,"i001952,i000481,i001455,i001922,i001069,i001673,i001710,i000695,i001445,i000661"
u033081,"i000909,i001069,i000481,i001952,i000521,i000342,i000947,i000661,i000646,i001663"
u033087,"i000481,i001069,i000909,i001952,i000521,i001663,i000947,i000342,i000661,i000554"
u033091,"i001922,i000481,i001952,i000909,i001710,i001455,i001753,i001673,i000661,i001335"
u033094,"i000481,i001069,i000909,i001952,i000695,i000947,i001663,i000521,i000661,i000324"
u033105,"i000481,i001069,i001952,i001922,i000909,i000661,i001663,i000521,i000554,i000695"
u033109,"i001069,i000481,i000909,i001952,i000521,i000661,i001663,i000947,i000342,i000555"
u033113,"i000481,i001069,i000909,i000661,i001952,i000521,i001663,i000947,i001038,i000554"
u033114,"i000661,i001952,i000481,i001069,i000521,i000646,i000270,i001002,i001445,i001046"
u033115,"i001069,i000481,i000909,i001952,i001663,i000947,i000521,i000646,i000554,i000661"
u033118,"i001753,i000481,i001508,i001069,i000909,i001949,i001952,i001455,i001906,i001663"
u033119,"i001069,i000481,i000909,i001952,i000947,i001663,i000661,i000521,i000554,i000342"
u033122,"i000481,i000521,i000342,i000661,i001952,i000909,i001663,i000619,i000158,i001069"
u033126,"i001069,i000931,i000947,i000554,i000481,i000909,i000652,i000695,i000842,i001445"
u033129,"i000481,i001069,i001952,i000909,i001663,i000695,i000661,i001914,i000947,i000521"
u033132,"i000481,i001069,i000909,i001952,i000521,i001663,i000947,i000342,i000661,i000554"
u033134,"i001151,i000282,i001515,i000360,i001026,i001320,i002056,i000909,i000317,i000931"
u033136,"i001922,i001682,i002009,i001335,i001240,i000200,i001801,i001595,i000006,i000695"
u033139,"i001069,i000521,i000481,i000947,i000909,i001952,i000661,i000342,i001663,i000570"
u033145,"i001069,i000481,i000909,i001952,i000947,i000521,i001663,i000342,i000661,i000646"
u033148,"i000481,i000695,i001240,i001455,i000909,i001922,i000324,i000554,i001688,i001445"
u033150,"i001663,i000646,i000481,i001046,i001952,i001478,i001069,i002132,i001445,i001038"
u033167,"i000481,i001069,i001952,i000521,i000661,i000342,i000909,i000947,i001663,i000554"
u033174,"i000481,i001069,i000909,i001478,i001663,i001952,i000521,i001038,i000342,i000646"
u033180,"i000909,i000481,i001069,i001952,i001663,i000661,i001455,i000521,i000554,i001445"
u033191,"i001069,i001952,i000481,i000947,i000661,i000521,i001455,i000342,i000909,i001663"
u033195,"i001069,i000481,i001952,i000909,i000661,i000521,i000947,i001922,i000554,i000342"
u033203,"i000481,i001069,i001952,i000947,i000661,i001663,i000909,i000521,i001455,i000342"
u033211,"i001508,i001753,i001069,i000325,i001906,i000481,i000324,i000909,i001952,i001927"
u033216,"i001069,i000481,i001952,i000909,i000947,i000661,i001455,i000521,i001663,i000342"
u033217,"i001952,i001069,i000661,i000481,i000909,i001445,i001455,i001663,i000947,i000342"
u033221,"i001069,i000909,i000481,i000838,i001952,i001038,i001713,i001478,i001663,i000646"
u033225,"i001069,i000481,i000909,i000947,i001952,i001663,i000661,i000521,i000646,i001455"
u033232,"i001069,i000481,i000909,i001952,i000947,i001663,i000661,i001455,i001445,i001478"
u033240,"i000481,i000909,i001069,i001663,i001952,i000521,i000342,i000947,i000661,i001038"
u033241,"i000931,i001877,i000695,i001049,i000652,i000058,i000842,i001240,i001462,i001584"
u033255,"i000481,i000521,i001069,i000342,i000661,i001952,i000563,i000909,i000619,i000646"
u033256,"i000481,i001663,i001952,i001069,i000646,i001038,i000521,i001478,i002132,i000909"
u033271,"i000481,i001069,i000909,i000695,i001952,i001663,i000646,i000554,i001240,i001455"
u033277,"i000481,i000909,i000324,i000342,i000661,i000521,i001952,i000555,i000327,i001922"
u033278,"i000521,i000481,i000661,i001952,i000554,i001069,i000909,i000342,i000947,i001663"
u033288,"i001069,i000481,i000909,i001952,i000521,i000947,i000342,i000661,i000324,i001663"
u033294,"i000481,i000909,i001069,i001952,i000555,i000661,i000521,i000324,i001663,i001151"
u033295,"i000481,i001069,i000909,i001952,i001663,i000521,i000947,i000342,i000554,i000661"
u033315,"i000909,i001069,i000481,i001952,i000661,i000947,i001663,i000521,i001445,i000646"
u033317,"i001069,i001952,i000481,i000661,i001445,i000947,i000554,i000521,i001455,i000931"
u033319,"i001069,i000481,i000909,i001952,i001663,i000947,i000661,i000521,i001455,i000342"
u033328,"i001069,i000481,i001952,i000909,i000661,i001663,i001922,i000947,i001455,i001445"
u033330,"i001069,i000481,i001952,i000909,i000521,i000947,i000342,i000555,i000661,i000324"
u033336,"i000909,i001069,i000481,i001952,i001753,i000521,i000661,i000324,i000947,i001663"
u033338,"i000909,i001069,i000481,i001445,i000661,i001952,i001914,i000554,i001455,i000521"
u033343,"i000481,i001069,i001952,i001455,i001922,i000909,i001673,i000695,i000661,i000555"
u033346,"i000695,i001455,i001922,i000661,i000058,i000481,i001584,i001673,i000554,i001688"
u033359,"i000909,i000481,i001069,i000554,i001663,i001952,i000521,i001445,i001949,i000646"
u033364,"i001455,i001673,i001710,i000805,i001952,i001445,i000481,i000661,i000968,i000554"
u033369,"i001069,i000481,i001508,i001952,i000661,i000947,i000909,i000521,i001753,i000342"
u033375,"i000646,i000481,i001069,i001952,i001663,i000521,i000661,i000909,i001296,i000342"
u033382,"i001069,i000481,i000947,i000342,i001267,i000521,i000909,i000554,i000570,i001663"
u033390,"i000481,i001069,i000661,i001952,i000521,i000646,i001663,i000554,i001922,i000342"
u033391,"i000481,i001069,i001952,i001663,i000661,i000909,i001914,i001445,i000554,i000521"
u033395,"i000909,i000481,i001069,i001455,i001952,i000661,i001663,i000554,i001914,i000521"
u033396,"i000481,i001069,i000909,i001952,i000521,i001663,i000947,i000661,i000342,i000554"
u033398,"i000661,i000481,i001952,i001069,i000521,i000909,i001038,i001455,i000342,i001663"
u033402,"i000324,i000909,i001914,i000481,i001069,i000555,i001087,i001649,i001952,i001445"
u033406,"i001069,i000481,i001952,i000909,i000324,i000555,i000661,i000521,i001663,i001455"
u033407,"i000481,i001069,i001952,i000909,i000661,i001663,i000947,i000521,i000342,i000207"
u033408,"i001710,i001455,i001952,i001445,i000909,i000661,i001673,i000481,i001069,i001046"
u033411,"i001952,i000481,i001069,i000661,i000521,i001663,i000947,i000909,i000342,i001038"
u033412,"i000481,i001952,i001069,i000909,i001478,i001663,i001445,i000342,i000521,i001046"
u033413,"i000695,i000931,i001049,i001069,i000058,i000251,i001584,i000652,i000220,i001688"
u033416,"i000481,i001069,i000909,i001922,i001952,i001663,i001240,i000695,i001455,i000661"
u033421,"i001922,i002009,i001240,i001682,i001049,i000695,i001801,i001335,i000006,i000977"
u033424,"i000481,i001663,i001952,i000646,i001069,i001478,i001038,i001046,i000909,i000521"
u033430,"i000481,i001069,i000909,i001952,i001663,i000947,i000521,i000342,i000554,i000661"
u033433,"i001069,i000481,i000909,i001952,i000947,i000521,i000661,i000342,i001663,i000207"
u033437,"i001952,i000481,i001069,i000661,i001455,i001753,i001508,i001663,i001914,i001673"
u033439,"i000481,i000909,i001922,i001952,i001069,i000521,i001663,i000695,i000324,i000555"
u033442,"i001069,i000481,i000947,i000909,i001952,i001663,i000521,i000661,i000931,i001267"
u033453,"i000481,i000521,i000342,i001069,i000947,i000909,i001952,i000661,i001663,i000619"
u033464,"i000481,i001069,i001952,i000909,i000521,i001663,i000661,i000646,i000342,i000554"
u033469,"i001069,i000481,i000909,i001952,i001663,i000661,i000947,i000521,i001455,i000554"
u033473,"i000661,i001952,i001069,i000481,i001455,i000947,i001922,i000554,i000521,i001663"
u033474,"i000909,i001069,i000481,i000521,i001952,i000324,i001445,i000342,i000661,i001663"
u033478,"i001952,i000481,i000661,i001663,i001069,i001455,i000521,i000909,i000554,i001046"
u033494,"i000481,i001069,i000909,i001952,i000695,i001455,i001663,i000324,i001673,i001922"
u033499,"i001952,i000481,i001069,i000661,i001455,i001663,i000909,i001038,i001673,i000947"
u033511,"i001922,i000695,i001049,i001240,i000481,i001682,i001455,i001688,i001584,i001673"
u033516,"i000481,i001952,i001046,i001069,i000661,i001663,i001445,i001478,i000646,i001455"
u033528,"i000481,i001069,i001952,i000909,i000521,i000661,i000324,i000342,i001663,i000555"
u033538,"i001069,i000481,i001952,i000909,i001663,i000661,i000947,i000521,i000342,i000554"
u033540,"i001069,i000481,i000909,i001952,i000521,i000661,i001663,i000947,i000342,i000324"
u033545,"i000481,i001069,i000909,i001952,i000521,i001663,i000947,i000342,i000554,i000646"
u033548,"i000481,i001069,i000909,i001952,i000661,i001663,i000521,i001455,i000947,i000695"
u033559,"i001753,i000518,i001455,i001922,i000325,i001508,i000481,i001952,i000661,i001906"
u033561,"i000481,i001445,i001069,i001478,i001952,i001663,i000909,i001038,i000661,i001455"
u033572,"i000481,i001069,i000909,i001952,i000521,i001663,i000342,i000661,i000947,i000554"
u033576,"i001069,i000481,i001952,i000909,i001663,i000661,i000521,i000947,i001455,i000554"
u033580,"i000481,i001069,i001952,i001663,i000909,i000661,i000521,i000947,i000554,i001455"
u033583,"i000481,i001069,i000909,i001952,i001663,i000521,i000947,i000342,i000661,i000554"
u033595,"i001455,i001710,i001952,i001069,i001673,i000661,i001445,i000909,i000481,i000554"
u033611,"i001240,i000695,i001922,i001584,i001049,i001688,i001191,i000058,i002009,i001682"
u033617,"i001069,i000481,i001952,i000909,i000521,i000661,i000947,i001663,i001455,i000342"
u033629,"i000481,i001875,i001663,i001952,i000521,i001069,i000947,i000646,i000661,i000342"
u033631,"i001069,i000481,i001952,i001663,i001445,i000947,i000661,i001914,i000909,i000646"
u033645,"i000481,i001069,i000909,i000521,i001952,i000342,i001663,i000947,i000661,i000554"
u033648,"i001069,i000481,i000909,i001952,i001663,i000947,i000342,i000521,i000661,i000646"
u033654,"i000481,i001069,i000909,i001952,i001663,i000947,i000661,i001455,i000521,i000646"
u033656,"i000481,i001069,i000909,i001952,i001663,i000521,i000661,i000947,i000207,i000342"
u033661,"i000481,i001038,i001952,i001069,i000909,i000646,i000521,i001663,i000661,i000207"
u033662,"i001069,i000481,i000909,i001952,i000947,i000324,i001663,i001455,i000695,i000521"
u033663,"i000481,i000909,i001069,i001952,i001663,i000521,i000554,i000695,i000947,i001240"
u033666,"i001069,i000947,i000481,i001952,i000931,i001663,i000909,i000554,i001445,i000652"
u033670,"i001455,i001952,i001710,i001673,i001445,i000661,i000481,i001069,i001663,i000909"
u033675,"i001069,i000481,i000909,i001952,i000947,i001663,i000661,i000521,i001455,i000342"
u033677,"i000481,i001069,i000909,i001952,i000947,i001663,i000521,i000661,i000342,i000554"
u033682,"i001952,i000481,i001069,i001455,i000909,i000661,i001710,i001445,i001663,i001673"
u033685,"i001069,i000481,i001952,i000661,i000909,i000947,i000521,i001455,i000554,i001663"
u033690,"i001455,i001673,i001710,i001445,i000554,i001949,i001952,i000805,i000481,i000661"
u033701,"i000324,i000555,i000909,i000481,i001069,i000110,i000898,i001952,i001134,i001151"
u033706,"i001069,i000481,i000909,i001952,i000661,i001455,i000947,i001663,i000554,i001673"
u033707,"i000481,i000661,i001952,i000521,i000909,i000342,i001296,i001069,i001663,i001455"
u033710,"i001069,i000481,i001952,i000661,i000909,i001922,i001663,i000521,i001455,i000947"
u033712,"i000909,i000481,i001069,i000521,i000342,i001952,i001663,i000661,i000947,i000554"
u033713,"i000481,i001952,i001038,i001069,i001478,i001663,i000909,i001445,i001046,i000661"
u033717,"i001069,i000481,i001952,i000947,i000909,i001455,i000661,i000521,i000931,i001663"
u033722,"i001069,i000481,i001952,i000909,i000661,i000521,i001455,i001445,i000554,i000947"
u033723,"i001455,i001952,i001673,i000481,i001710,i001445,i001069,i000661,i000554,i001663"
u033728,"i000481,i001069,i000661,i001952,i000947,i001663,i000521,i000554,i000342,i000909"
u033733,"i000695,i000058,i001584,i001049,i001462,i001688,i001922,i001240,i000401,i000931"
u033737,"i001069,i000947,i000481,i001952,i000521,i000931,i000909,i000661,i000554,i000342"
u033739,"i000909,i000481,i001069,i001663,i001952,i001478,i000695,i000661,i000342,i000521"
u033744,"i001069,i000481,i000909,i001952,i000661,i001663,i000521,i001455,i000324,i000947"
u033754,"i000481,i001069,i000909,i001952,i000521,i000661,i001663,i000342,i000947,i001922"
u033759,"i000555,i000324,i000909,i000327,i000898,i000110,i000481,i001952,i001151,i001069"
u033767,"i000909,i000481,i001069,i000521,i001952,i000342,i000207,i001663,i000324,i000947"
u033776,"i000909,i001069,i000481,i001952,i000521,i000342,i001663,i000947,i000207,i001038"
u033781,"i001455,i001673,i001710,i001445,i001143,i000554,i000805,i001753,i001952,i001949"
u033794,"i000481,i001069,i000909,i001952,i000521,i000947,i000661,i001663,i000342,i001922"
u033795,"i001069,i000481,i000909,i000947,i001952,i001663,i000521,i000661,i001445,i000646"
u033799,"i001952,i000661,i000481,i001069,i001455,i000521,i000947,i001673,i000342,i000554"
u033801,"i001069,i000481,i001952,i000909,i000947,i000931,i000521,i001445,i001455,i000661"
u033806,"i001922,i001682,i002009,i000977,i001335,i001240,i001801,i000006,i000200,i000481"
u033807,"i001069,i000481,i001952,i000909,i000521,i000947,i000661,i000342,i001663,i001922"
u033808,"i000481,i001069,i000909,i001952,i001455,i000695,i001663,i000661,i000947,i001922"
u033819,"i000324,i000555,i000110,i000898,i000877,i000481,i000327,i000909,i001134,i001952"
u033821,"i001069,i000481,i000909,i001952,i000661,i000947,i000521,i000554,i001455,i000342"
u033824,"i001069,i000481,i001952,i000909,i000661,i001663,i000521,i000947,i000554,i000342"
u033830,"i000481,i001914,i000909,i001663,i001952,i001455,i000554,i001069,i001949,i001673"
u033843,"i001069,i000909,i000481,i001508,i001952,i000947,i001753,i000521,i001906,i000931"
u033845,"i000481,i001069,i001952,i000909,i001663,i000661,i000207,i000947,i000521,i000342"
u033850,"i001914,i001087,i001069,i001649,i000999,i000481,i001922,i001952,i000931,i000909"
u033855,"i001069,i000481,i001952,i000909,i000661,i001663,i000521,i000947,i000342,i000554"
u033864,"i001069,i001952,i000481,i000324,i000909,i000555,i001455,i001922,i000661,i001673"
u033870,"i000909,i000481,i001069,i000521,i000342,i001952,i001663,i000661,i000554,i000947"
u033871,"i001069,i000481,i000947,i001952,i000909,i000521,i001663,i000661,i000342,i001267"
u033873,"i000481,i001952,i001922,i000661,i000909,i000521,i000554,i000695,i001663,i001069"
u033881,"i000481,i001069,i000909,i000554,i001143,i000521,i001952,i000342,i001455,i000947"
u033883,"i000481,i001069,i000909,i001952,i001663,i000947,i000521,i000342,i000661,i000554"
u033886,"i000481,i001069,i001952,i000909,i000521,i000947,i000661,i001663,i000342,i001455"
u033887,"i001069,i000481,i000909,i001952,i000521,i000324,i000947,i000661,i000555,i001663"
u033899,"i001922,i001682,i000481,i001069,i000909,i000324,i000282,i001151,i001952,i002009"
u033907,"i001069,i000481,i000909,i001952,i000661,i000947,i000521,i001663,i001455,i000554"
u033920,"i000481,i000695,i001069,i000909,i001952,i001240,i001049,i001663,i000646,i001922"
u033921,"i000481,i001922,i001663,i000661,i001952,i001445,i000554,i001455,i001914,i000521"
u033926,"i000481,i000909,i001952,i001069,i000324,i000521,i000555,i001663,i000661,i000554"
u033927,"i000481,i000909,i001069,i000695,i001952,i000661,i001663,i001922,i001455,i000521"
u033958,"i001914,i001649,i001069,i000481,i001087,i000909,i001663,i001952,i000554,i001455"
u033960,"i000481,i001069,i000909,i001952,i000521,i000947,i001663,i000342,i000661,i000554"
u033964,"i000481,i001069,i001952,i001663,i000909,i000661,i000521,i000947,i000342,i000554"
u033966,"i001069,i000947,i000909,i000481,i001713,i001952,i000342,i000570,i000521,i001267"
u033970,"i002056,i001801,i001922,i001623,i001335,i002009,i001682,i001021,i000282,i001914"
u033971,"i001914,i000324,i000909,i001069,i000481,i001952,i000898,i000327,i001455,i000555"
u033978,"i001069,i000481,i000909,i001952,i000947,i001663,i000661,i000521,i001455,i000695"
u033988,"i001875,i001455,i000481,i001949,i001069,i001673,i000618,i001914,i001445,i001952"
u034001,"i001069,i000481,i001952,i000661,i000909,i001663,i000521,i001922,i000947,i001914"
u034011,"i000481,i000909,i000661,i001663,i000554,i001445,i001069,i001478,i000521,i000646"
u034025,"i002056,i001922,i001069,i001952,i001335,i001682,i000661,i001801,i000931,i000282"
u034029,"i000481,i000909,i001922,i000554,i000521,i001455,i000324,i001952,i000661,i001240"
u034033,"i000481,i001952,i000909,i001069,i000521,i000661,i000342,i001663,i000947,i001038"
u034050,"i000481,i001069,i000909,i001952,i001663,i000661,i001455,i000695,i000646,i001922"
u034055,"i000481,i001069,i000909,i001952,i001663,i001038,i000646,i000661,i000521,i000207"
u034063,"i001069,i000481,i001952,i000521,i000909,i000661,i000947,i000342,i000554,i001455"
u034072,"i000909,i001069,i001713,i000481,i000947,i000342,i000521,i000167,i001007,i001908"
u034074,"i001069,i000481,i000909,i001952,i000947,i001663,i000521,i000661,i000342,i001455"
u034077,"i001914,i001087,i000909,i001649,i000481,i001952,i001069,i001455,i001673,i000554"
u034081,"i001069,i000947,i001753,i000481,i000909,i001508,i000301,i001952,i001906,i001663"
u034083,"i000481,i001069,i000909,i001952,i001663,i001455,i000661,i000695,i000521,i001445"
u034087,"i001069,i000481,i001952,i000909,i000661,i000521,i001455,i000947,i001922,i001663"
u034089,"i000342,i000661,i000481,i000521,i001952,i000947,i001069,i001663,i000909,i000253"
u034091,"i001069,i000947,i000481,i000909,i001713,i001952,i000931,i001663,i000570,i000521"
u034092,"i000481,i001922,i000695,i001455,i001952,i001673,i001069,i001663,i000554,i000661"
u034093,"i000481,i001069,i000909,i001952,i001663,i000695,i000947,i000521,i000661,i000554"
u034095,"i000481,i001069,i000909,i001952,i001663,i000521,i000342,i000947,i000661,i000324"
u034100,"i000481,i001906,i001952,i001922,i001445,i000661,i001455,i000518,i001069,i001508"
u034106,"i000481,i000909,i001069,i001952,i001663,i000521,i000661,i000695,i001922,i000554"
u034128,"i001069,i000481,i000909,i001952,i000324,i000521,i000555,i000947,i001663,i000661"
u034131,"i000481,i000909,i001069,i001663,i001952,i000661,i001455,i000695,i000521,i000947"
u034133,"i001952,i000481,i001069,i000661,i000909,i001663,i000521,i000947,i001455,i001038"
u034136,"i001753,i001952,i000481,i001508,i001069,i000661,i001906,i000909,i001455,i000521"
u034165,"i000481,i001069,i000909,i001952,i000521,i000661,i001663,i000342,i000947,i000554"
u034171,"i001710,i001455,i001673,i000805,i001445,i001952,i000909,i000968,i001069,i000661"
u034172,"i001069,i000481,i001952,i000909,i000521,i000661,i000324,i000555,i000947,i001663"
u034176,"i000481,i001069,i000909,i001952,i001663,i000947,i000521,i000661,i000646,i000342"
u034178,"i000481,i000909,i001069,i001952,i000521,i000324,i000661,i000342,i001663,i000554"
u034179,"i000481,i001069,i001952,i000909,i000661,i001663,i000947,i000521,i001455,i001922"
u034183,"i000481,i001069,i001952,i000909,i000661,i001663,i001922,i000521,i000947,i000342"
u034188,"i001663,i001952,i001445,i000481,i001455,i001069,i001673,i000554,i000661,i000646"
u034195,"i000324,i000555,i001952,i000110,i001455,i001069,i000909,i000661,i001673,i000481"
u034210,"i001069,i000481,i001952,i000909,i000521,i001663,i000661,i000947,i000324,i000342"
u034214,"i000481,i001069,i000909,i001952,i000324,i001922,i000661,i001663,i001455,i000521"
u034219,"i001922,i000481,i000695,i000909,i001455,i001914,i001673,i001069,i001952,i001049"
u034221,"i000481,i001952,i001663,i000909,i000661,i001069,i000342,i001046,i000521,i001478"
u034224,"i000481,i001069,i000909,i001952,i000521,i000342,i000947,i001663,i000661,i000324"
u034228,"i000481,i001952,i001455,i000695,i001069,i000661,i001663,i001922,i000909,i001445"
u034229,"i001069,i000481,i001914,i001952,i001649,i000909,i000947,i001663,i001455,i001087"
u034230,"i001069,i000695,i000481,i000909,i001240,i001952,i001049,i000947,i000521,i000554"
u034231,"i001069,i000931,i000909,i001952,i000947,i000481,i000554,i001455,i000652,i001445"
u034235,"i000481,i001069,i000909,i001663,i000661,i001952,i001922,i001914,i000554,i001445"
u034238,"i000481,i001952,i000909,i001069,i000521,i001663,i000661,i000342,i000554,i000646"
u034239,"i001069,i000481,i001952,i000909,i000324,i000661,i001922,i001455,i000555,i000521"
u034246,"i000481,i001952,i000521,i001069,i000342,i000947,i000661,i000909,i001663,i002063"
u034247,"i000481,i000909,i001952,i001922,i000521,i001069,i000661,i000324,i000555,i000695"
u034249,"i001069,i000481,i001952,i000909,i000661,i001663,i000947,i000646,i000521,i000324"
u034257,"i000909,i000324,i000481,i000554,i000342,i000555,i000521,i000898,i001069,i001922"
u034258,"i000481,i000695,i000909,i001069,i001240,i001049,i001952,i001663,i001455,i000324"
u034259,"i001922,i000481,i001455,i001952,i000661,i001445,i000554,i001673,i001663,i000909"
u034261,"i000909,i000481,i001069,i001952,i000521,i000342,i000661,i000324,i000947,i001663"
u034265,"i000481,i001069,i000521,i001952,i000909,i000661,i000947,i001038,i000342,i001663"
u034269,"i000481,i001069,i001952,i001455,i000695,i000909,i000661,i001922,i001663,i001673"
u034270,"i001922,i002009,i001682,i001335,i000977,i001801,i000006,i001049,i000695,i001240"
u034271,"i000481,i001069,i000909,i001952,i000521,i000661,i000324,i001663,i000342,i001455"
u034273,"i001069,i000481,i001952,i000909,i000661,i001663,i000521,i000947,i000554,i000342"
u034278,"i001445,i001455,i001069,i001673,i001952,i001710,i000481,i000661,i000805,i000554"
u034280,"i000481,i001069,i000909,i001952,i001663,i000521,i000947,i000342,i000661,i000554"
u034288,"i001922,i001682,i001335,i002009,i001151,i000282,i001595,i001801,i000200,i001649"
u034301,"i000481,i000661,i001952,i001069,i001663,i000909,i000521,i001922,i001455,i000554"
u034307,"i001240,i000554,i001191,i001922,i001143,i001949,i000956,i001914,i001445,i000695"
u034310,"i001069,i000481,i000909,i001663,i001952,i001914,i000521,i000947,i000554,i000661"
u034314,"i001069,i000481,i001952,i000909,i000947,i000661,i000521,i001663,i001455,i000695"
u034317,"i001069,i000481,i000909,i001952,i000324,i000521,i000661,i000947,i001663,i000342"
u034324,"i001455,i001673,i001710,i001952,i001445,i000805,i000661,i001069,i000481,i000968"
u034331,"i000481,i001069,i001952,i000661,i001663,i000909,i000554,i000342,i000521,i000947"
u034341,"i001914,i000909,i001087,i001649,i000481,i001069,i001445,i001455,i001673,i001952"
u034342,"i000481,i000324,i001952,i000909,i001069,i000661,i000555,i001455,i001663,i001914"
u034344,"i000481,i001069,i001952,i000554,i000661,i001922,i000521,i000909,i001455,i001663"
u034345,"i001026,i001151,i000282,i001515,i001320,i000360,i002056,i000317,i002009,i001922"
u034350,"i000481,i001069,i001952,i000661,i000909,i000947,i000521,i001663,i000342,i001455"
u034359,"i000481,i001069,i000909,i001952,i000521,i001663,i000661,i001038,i000342,i000207"
u034364,"i000695,i001584,i000058,i001049,i001688,i001240,i001462,i000401,i001922,i000829"
u034371,"i001069,i000481,i001952,i000909,i000661,i000521,i001663,i000947,i001455,i000554"
u034378,"i001922,i001682,i002009,i001335,i000200,i001595,i001151,i000977,i001801,i000006"
u034384,"i001069,i000481,i001952,i000947,i000661,i000909,i000521,i001663,i001455,i001038"
u034386,"i000481,i001069,i000909,i001952,i001663,i000521,i000646,i000695,i000554,i000661"
u034391,"i000481,i001069,i000909,i000342,i001663,i001952,i000521,i000661,i000947,i001914"
u034397,"i001069,i000481,i000909,i001952,i000947,i000521,i001663,i000661,i000342,i000695"
u034398,"i000481,i001069,i000909,i001952,i000521,i001663,i000947,i000661,i000342,i000554"
u034402,"i000898,i000324,i000327,i001455,i000555,i001682,i000877,i001673,i000481,i001151"
u034411,"i000909,i000481,i000324,i001069,i000555,i001952,i000521,i000342,i000110,i000554"
u034417,"i000481,i000909,i001069,i000695,i001455,i001922,i001952,i001663,i001240,i001445"
u034424,"i001455,i001952,i001673,i001710,i000661,i000481,i001069,i000554,i001445,i000909"
u034428,"i001069,i000481,i000909,i001952,i001663,i000661,i001455,i000947,i000521,i000324"
u034430,"i001455,i001673,i001952,i001710,i001445,i001914,i000661,i000481,i000909,i000554"
u034436,"i000909,i001069,i000481,i001952,i000521,i001663,i000342,i000947,i000661,i000554"
u034439,"i000481,i001069,i001952,i001663,i000909,i000646,i000521,i001046,i002132,i000661"
u034442,"i000481,i001069,i001952,i000661,i001663,i000521,i000947,i000909,i000342,i001922"
u034443,"i001069,i001713,i000909,i000481,i001952,i000947,i001663,i000342,i000521,i000661"
u034446,"i001240,i000695,i001049,i001688,i000554,i000481,i001922,i000058,i001584,i000956"
u034466,"i000646,i000481,i001663,i001069,i000909,i000661,i001952,i000521,i000554,i001445"
u034477,"i000282,i001151,i001515,i000360,i000555,i001922,i000481,i000909,i001952,i000324"
u034482,"i001069,i000481,i000947,i000909,i001952,i000661,i000521,i000342,i001663,i001445"
u034483,"i001069,i000481,i001952,i000947,i001663,i000909,i000646,i000661,i000931,i001445"
u034485,"i001240,i000695,i001922,i000058,i001584,i001049,i000554,i001191,i001688,i002009"
u034489,"i000481,i001069,i001508,i001952,i000909,i001663,i001753,i000521,i000661,i000342"
u034491,"i001069,i000481,i001952,i000909,i000661,i001663,i000947,i000521,i001455,i000324"
u034493,"i001069,i000947,i000481,i001952,i000661,i000521,i001663,i001267,i000342,i000909"
u034494,"i001682,i001595,i001922,i001335,i002009,i002056,i000200,i001113,i001151,i000006"
u034495,"i001069,i000481,i000947,i000521,i001952,i000909,i000661,i000342,i001663,i000570"
u034498,"i001069,i001952,i000481,i000661,i001143,i000554,i001445,i000947,i000521,i000646"
u034505,"i001069,i000909,i000481,i001952,i000695,i000554,i001663,i000947,i000521,i001455"
u034514,"i000481,i001663,i001069,i001952,i001240,i000695,i000909,i000554,i000661,i001922"
u034521,"i001069,i000481,i000909,i001952,i000324,i000521,i000555,i000661,i000947,i000342"
u034533,"i000481,i001069,i000909,i001952,i001663,i000521,i000947,i000342,i000661,i000646"
u034538,"i001069,i000481,i001952,i000909,i000661,i000947,i000521,i001455,i000324,i001663"
u034547,"i001320,i001151,i001026,i000282,i001515,i000360,i000317,i002056,i001113,i001922"
u034548,"i000481,i000521,i000342,i000661,i001952,i000619,i001069,i000947,i000909,i000646"
u034554,"i000342,i000481,i000521,i000909,i001952,i000661,i001069,i001663,i000947,i000619"
u034559,"i000342,i000947,i000661,i001069,i000521,i000253,i000481,i001952,i000909,i001663"
u034565,"i000481,i000909,i001069,i001952,i000695,i001663,i000661,i001455,i000521,i001922"
u034579,"i000481,i001069,i000909,i001952,i000521,i001663,i000342,i000661,i000947,i000324"
u034585,"i001069,i000481,i001952,i000909,i000661,i001455,i001445,i001753,i001673,i001914"
u034589,"i001069,i000481,i000909,i001478,i001445,i000931,i001952,i001455,i001663,i000947"
u034600,"i001922,i001455,i000481,i000324,i000555,i001673,i000909,i001445,i001710,i001952"
u034606,"i000481,i001478,i001069,i000909,i001663,i001952,i001038,i000342,i000521,i001445"
u034615,"i001069,i000481,i000521,i001952,i000909,i000947,i000342,i000661,i001663,i000554"
u034616,"i000324,i000555,i001952,i000909,i000481,i000110,i000898,i001151,i000282,i000661"
u034618,"i001445,i000805,i001455,i000661,i000554,i001710,i001069,i001663,i001952,i001314"
u034620,"i001069,i000481,i001952,i000909,i001663,i000661,i000521,i000554,i001445,i000342"
u034621,"i001952,i000661,i001753,i001069,i001508,i000481,i001455,i001906,i000909,i000518"
u034640,"i000481,i001952,i001069,i001663,i000661,i000909,i001455,i001038,i000947,i001478"
u034647,"i000661,i001952,i001445,i000554,i001046,i001673,i001314,i001455,i001069,i000481"
u034652,"i000481,i001069,i000909,i001952,i001663,i000947,i000521,i000342,i000661,i000646"
u034667,"i001069,i001952,i000481,i000909,i001455,i000324,i000555,i001922,i000661,i000695"
u034668,"i000481,i001069,i000909,i001952,i000342,i000521,i000661,i000947,i001663,i000207"
u034672,"i001069,i000481,i000909,i001952,i001663,i000324,i000521,i000646,i001455,i001922"
u034679,"i001069,i000481,i001952,i000947,i000646,i001663,i000909,i000661,i001267,i000521"
u034683,"i000481,i000909,i001069,i001952,i000521,i000342,i001663,i000661,i001038,i000947"
u034691,"i000521,i000661,i000481,i001952,i000342,i001069,i000947,i000909,i001455,i001663"
u034693,"i000481,i001952,i000521,i000661,i001069,i000554,i000342,i001663,i000947,i000646"
u034696,"i001069,i000481,i000947,i000909,i001952,i001663,i000521,i000661,i000931,i000342"
u034698,"i000481,i001069,i001952,i001663,i000661,i000909,i000521,i001038,i000342,i000947"
u034702,"i001069,i000481,i000909,i001952,i000521,i001663,i000661,i000947,i000342,i000554"
u034706,"i001069,i000481,i000909,i001952,i000521,i000661,i000947,i001663,i000342,i000324"
u034713,"i000909,i000481,i001069,i000342,i001952,i000521,i001663,i000947,i000661,i000207"
u034716,"i001069,i000947,i000481,i000521,i000342,i001952,i000909,i001663,i000661,i001267"
u034719,"i000481,i000909,i001069,i001952,i000661,i000521,i001663,i001038,i001455,i000554"
u034720,"i000481,i001952,i001069,i000521,i001663,i000909,i000342,i000947,i001038,i000661"
u034723,"i001069,i000481,i001952,i001663,i000661,i000909,i000521,i001445,i000554,i000342"
u034731,"i001069,i000481,i001952,i000909,i000661,i000521,i000947,i000324,i001455,i001663"
u034734,"i000481,i001952,i001069,i000661,i001663,i000909,i000947,i000521,i000342,i001038"
u034752,"i000481,i001069,i000909,i001952,i001663,i000521,i000947,i000661,i000342,i000695"
u034753,"i000481,i001069,i001952,i000661,i000909,i001663,i000554,i000521,i001455,i001445"
u034768,"i000481,i001069,i000909,i000521,i000554,i001143,i001952,i000661,i000342,i001663"
u034769,"i001069,i000481,i000909,i001952,i000521,i000947,i000661,i000342,i001663,i000555"
u034777,"i000481,i001069,i001952,i000521,i000909,i001663,i000342,i000947,i000661,i000554"
u034782,"i000909,i000481,i001069,i001952,i000661,i001922,i000521,i001455,i000947,i001663"
u034785,"i000695,i000481,i001455,i001049,i001922,i001584,i001688,i001952,i001240,i001673"
u034787,"i000646,i000481,i001069,i001952,i001663,i000661,i000909,i001038,i000521,i001445"
u034800,"i000481,i000909,i001069,i001952,i000324,i000555,i001922,i000521,i000661,i000554"
u034805,"i001069,i000931,i000842,i000947,i000554,i000695,i000652,i001455,i000481,i001143"
u034810,"i000481,i000909,i000521,i001952,i000342,i001922,i000324,i001663,i000555,i001069"
u034813,"i000481,i001069,i000909,i001952,i001663,i000947,i000661,i000521,i000342,i000695"
u034817,"i001069,i000481,i000947,i000909,i001952,i001663,i001713,i000661,i000521,i001267"
u034823,"i000481,i001069,i001952,i000909,i000521,i001663,i000661,i000947,i001038,i000342"
u034829,"i001240,i001922,i000695,i001335,i000554,i002009,i001191,i001682,i001069,i000481"
u034831,"i001069,i000481,i001952,i000909,i000947,i000521,i001663,i000661,i000342,i000554"
u034832,"i001240,i000695,i001922,i001688,i001584,i000058,i002009,i001049,i000554,i001682"
u034833,"i001952,i001069,i000481,i000661,i001455,i000720,i000909,i001038,i001445,i000947"
u034834,"i001069,i000481,i000909,i001952,i000931,i000947,i001445,i001663,i000652,i001455"
u034836,"i001069,i000481,i001952,i000947,i001663,i000909,i000661,i000646,i001267,i000521"
u034837,"i001069,i000481,i000909,i001952,i000947,i001663,i000521,i000661,i001713,i000931"
u034839,"i001663,i001952,i000481,i001069,i000646,i001478,i001046,i000909,i000661,i001445"
u034845,"i000481,i001069,i001952,i000661,i000909,i001663,i001455,i000695,i000521,i001922"
u034846,"i000481,i001952,i001069,i000909,i000521,i000661,i001663,i000947,i001455,i000342"
u034848,"i000481,i001069,i001952,i000661,i000909,i001455,i000521,i001753,i000947,i001663"
u034856,"i001069,i000481,i000909,i000947,i000521,i001952,i000342,i000661,i001663,i000646"
u034857,"i000909,i001069,i000481,i001952,i000342,i000324,i000521,i000661,i001663,i000555"
u034871,"i000481,i001069,i000909,i001952,i001455,i000947,i000661,i000521,i000342,i000554"
u034878,"i000481,i001069,i001952,i000909,i000947,i000661,i001663,i000521,i001455,i000695"
u034896,"i001922,i001682,i002009,i000977,i001240,i000481,i000909,i000342,i001335,i000695"
u034899,"i000481,i001069,i001952,i000909,i000521,i000342,i001663,i000661,i000947,i001038"
u034903,"i000909,i000481,i001069,i000521,i001952,i000342,i001663,i000324,i000661,i000554"
u034912,"i000324,i000661,i000481,i001952,i000555,i000909,i000898,i000110,i000521,i000327"
u034915,"i000481,i001952,i000661,i001069,i001455,i001663,i000554,i000909,i000947,i000521"
u034918,"i000481,i001069,i000521,i001663,i000947,i001914,i000554,i001952,i000661,i000342"
u034926,"i001069,i000481,i001952,i000909,i001663,i001478,i000661,i000521,i001445,i000646"
u034931,"i002056,i001922,i001335,i001682,i001801,i000282,i001069,i000909,i001952,i001151"
u034936,"i001069,i000481,i000947,i000521,i000909,i001952,i000342,i000661,i000570,i001663"
u034945,"i000481,i001069,i000909,i001952,i001663,i000521,i000947,i000661,i000342,i000554"
u034950,"i001445,i000646,i000661,i000554,i001455,i001952,i000481,i001673,i001069,i001663"
u034955,"i000481,i001069,i000909,i001952,i001663,i000695,i000646,i000554,i001455,i001445"
u034956,"i001314,i001445,i000481,i000661,i001663,i000554,i000646,i001952,i001046,i001478"
u034960,"i001069,i001240,i000481,i000695,i000554,i001663,i001049,i000947,i000931,i000909"
u034966,"i000342,i001952,i000481,i000521,i000661,i001069,i002063,i000909,i001906,i000947"
u034980,"i001952,i000481,i001069,i001663,i000661,i001038,i001455,i000909,i001046,i000554"
u034982,"i001508,i001753,i001069,i001906,i000325,i000481,i001952,i000518,i000947,i000661"
u034989,"i001069,i000947,i001952,i000481,i001267,i000661,i000521,i001663,i000342,i000570"
u034995,"i001753,i001922,i001508,i000518,i000481,i001906,i001455,i000909,i001445,i001673"
u034996,"i001069,i000481,i000909,i001952,i000521,i000947,i000342,i000661,i000324,i000555"
u035005,"i001069,i000481,i000909,i001952,i000947,i000521,i001663,i000661,i000695,i000342"
u035008,"i000481,i001069,i000909,i001952,i000695,i001663,i000661,i001455,i001922,i000947"
u035011,"i001069,i000481,i001952,i000909,i000661,i001455,i001663,i000521,i000947,i001922"
u035012,"i001314,i001445,i000956,i000554,i000661,i001717,i001455,i001663,i000481,i001069"
u035033,"i001069,i000481,i000947,i001952,i000909,i001663,i000570,i001267,i000521,i000661"
u035045,"i000909,i000481,i000342,i001663,i001069,i001478,i000521,i001952,i000661,i000646"
u035061,"i001455,i001673,i001710,i001445,i000805,i001914,i000968,i002056,i001623,i000554"
u035063,"i001069,i000909,i000481,i001952,i000324,i000555,i001922,i000521,i001151,i001663"
u035064,"i000481,i001952,i000521,i000909,i000324,i000555,i001069,i000661,i001151,i001922"
u035068,"i000481,i001069,i000661,i001952,i000646,i001663,i001445,i000521,i001038,i000909"
u035070,"i001922,i001682,i001335,i002009,i001595,i000200,i002056,i001151,i000282,i001801"
u035083,"i000481,i001069,i001952,i001914,i000661,i000909,i001663,i000554,i001455,i001649"
u035086,"i000481,i001069,i001952,i000909,i000521,i000661,i000947,i001663,i000342,i000554"
u035089,"i001922,i000481,i001682,i000695,i001952,i000661,i002009,i001445,i001914,i001663"
u035092,"i001069,i000481,i000909,i001952,i001663,i000661,i000521,i000947,i000342,i001455"
u035098,"i000909,i000481,i001069,i000324,i000555,i001952,i001445,i000661,i001508,i001753"
u035101,"i000481,i000909,i001952,i001455,i001069,i001663,i000661,i000554,i000521,i001038"
u035106,"i001069,i000481,i000947,i001952,i000661,i001663,i000909,i000521,i001267,i000342"
u035119,"i000909,i000481,i001069,i000521,i001952,i001663,i000342,i000947,i000661,i000554"
u035121,"i000481,i001952,i001069,i000909,i000661,i000521,i001663,i000207,i001038,i000947"
u035123,"i001069,i000481,i001952,i000909,i000521,i000661,i000324,i000947,i001922,i000342"
u035124,"i001069,i000481,i001952,i000909,i000661,i001455,i000555,i000324,i001673,i001922"
u035125,"i001069,i000947,i000481,i001952,i000521,i001267,i001663,i000661,i000909,i000570"
u035138,"i001069,i000481,i001952,i000661,i000909,i000947,i001663,i001922,i000521,i000554"
u035139,"i001455,i001952,i000481,i001445,i001069,i001673,i001038,i000661,i001046,i001710"
u035148,"i000554,i001455,i000909,i000481,i001143,i001949,i001069,i001445,i001673,i001191"
u035153,"i001952,i001069,i000481,i000661,i000909,i001455,i000324,i000521,i000555,i000554"
u035156,"i000251,i001069,i000909,i000931,i000481,i001663,i000554,i000220,i000947,i001445"
u035164,"i000481,i000521,i001069,i000909,i000342,i000661,i001952,i001922,i000324,i000207"
u035168,"i001069,i001713,i000909,i000947,i000481,i000931,i000342,i001952,i000570,i001007"
u035181,"i001069,i000481,i000947,i001952,i000909,i001663,i000521,i000661,i000931,i000342"
u035182,"i000481,i001069,i001038,i001952,i000909,i000661,i001663,i000521,i000646,i000947"
u035186,"i001069,i001663,i000947,i000481,i001952,i000646,i000661,i000521,i000342,i000909"
u035189,"i001069,i000481,i001952,i000909,i000947,i001663,i000661,i000521,i000931,i001445"
u035192,"i001069,i000481,i001952,i000909,i000947,i000661,i000521,i001455,i001038,i001663"
u035198,"i001069,i000947,i000481,i000909,i000521,i001952,i000570,i001267,i000342,i000931"
u035201,"i001069,i000481,i000909,i000947,i001952,i001663,i000521,i000661,i000646,i001267"
u035204,"i000481,i001069,i001952,i000661,i001663,i000521,i001445,i001455,i000947,i000554"
u035205,"i000661,i001952,i000481,i001069,i000521,i001455,i000909,i001445,i000646,i001663"
u035215,"i000481,i001069,i001952,i000909,i000661,i000521,i001663,i000947,i001038,i000342"
u035217,"i001952,i000481,i001069,i000342,i000909,i001663,i000521,i000661,i000947,i000207"
u035222,"i000481,i000909,i001069,i001663,i001952,i000695,i000646,i001240,i000521,i000554"
u035226,"i000481,i001952,i001069,i000661,i001663,i000909,i000695,i001922,i001455,i001240"
u035235,"i001069,i000481,i000909,i001952,i000521,i000947,i001663,i000342,i000661,i000695"
u035238,"i000481,i001069,i000661,i001455,i000909,i001952,i000554,i001922,i000521,i000947"
u035240,"i002056,i001922,i001801,i001595,i002009,i001682,i001335,i000282,i001623,i001552"
u035244,"i001069,i000481,i001952,i000909,i000947,i000661,i000521,i001663,i000342,i001713"
u035247,"i001069,i000481,i001952,i000661,i000909,i001663,i000947,i000554,i000521,i001445"
u035253,"i001069,i000481,i001952,i000947,i000909,i001663,i000661,i000931,i000521,i001267"
u035257,"i001952,i000661,i000481,i001663,i001069,i000909,i000646,i000248,i001046,i000521"
u035259,"i000481,i001069,i000909,i001952,i001663,i000947,i000521,i000661,i000342,i000646"
u035261,"i000324,i000555,i000909,i000110,i000481,i001952,i000898,i000327,i001069,i000661"
u035263,"i001069,i000481,i001952,i000909,i000661,i000947,i001663,i000521,i000342,i000554"
u035264,"i001952,i000481,i000661,i001663,i001069,i001046,i000521,i001038,i001002,i000646"
u035269,"i001455,i001952,i001069,i000481,i001673,i001710,i001445,i000909,i000661,i000554"
u035273,"i000481,i001069,i001753,i000909,i001663,i001952,i001478,i001906,i001455,i000342"
u035277,"i001455,i001673,i001445,i001710,i001952,i000661,i000554,i001069,i000805,i000720"
u035295,"i001952,i001445,i001455,i000481,i000661,i001673,i000554,i001710,i000909,i001663"
u035308,"i000481,i001069,i000909,i001952,i000947,i001663,i000661,i000521,i001455,i000342"
u035312,"i000481,i001069,i001952,i001663,i000661,i000909,i000521,i000947,i000342,i001922"
u035328,"i000481,i001069,i000909,i001952,i000521,i000947,i000342,i001663,i000661,i000646"
u035339,"i000646,i001069,i000481,i000661,i001952,i000521,i001663,i000909,i001445,i000342"
u035341,"i001069,i000481,i000947,i000909,i001952,i001663,i000661,i000521,i000342,i001445"
u035344,"i001952,i000481,i001069,i001455,i000909,i000661,i000521,i001038,i001673,i001710"
u035352,"i000909,i000481,i001069,i001663,i001952,i000521,i000661,i001445,i000554,i001478"
u035354,"i001069,i000481,i001952,i000909,i001663,i000661,i000947,i000521,i000554,i000342"
u035364,"i001038,i000481,i001952,i001069,i000661,i001663,i001455,i000909,i000646,i001445"
u035375,"i000481,i001069,i001952,i000521,i001663,i000909,i000661,i000342,i000947,i000554"
u035378,"i000481,i001069,i001952,i000909,i001663,i000661,i000521,i000554,i000342,i000646"
u035379,"i000481,i001952,i001069,i001663,i000521,i000661,i000909,i000646,i000342,i000554"
u035381,"i000481,i001952,i001069,i000521,i000661,i001663,i000909,i000342,i001922,i000646"
u035387,"i000909,i000481,i001069,i000342,i000521,i001952,i000661,i000947,i001663,i000324"
u035391,"i000481,i000909,i001069,i001952,i001663,i000521,i000661,i000695,i000554,i001240"
u035394,"i001069,i000481,i000909,i001952,i001663,i000947,i000661,i001478,i000646,i001445"
u035396,"i000481,i001069,i001952,i001663,i000909,i000521,i000646,i000661,i000947,i001038"
u035399,"i001069,i000947,i000481,i000521,i001952,i001267,i000570,i000342,i000909,i000661"
u035400,"i000481,i000909,i001952,i000521,i001069,i001663,i000342,i000661,i000947,i000324"
u035406,"i001069,i000481,i000909,i001952,i001922,i001151,i000324,i000555,i000342,i000282"
u035407,"i000909,i001069,i000481,i000947,i000521,i001952,i000342,i001663,i000661,i001267"
u035408,"i001445,i001455,i000554,i001314,i001682,i001922,i001673,i000481,i000661,i001952"
u035413,"i000481,i001922,i001952,i000909,i001069,i000554,i000661,i001455,i001663,i001445"
u035415,"i001069,i000481,i000947,i001952,i000521,i000909,i000661,i000342,i000570,i000554"
u035417,"i000947,i000481,i001069,i001952,i000521,i000661,i001267,i001663,i000342,i000570"
u035432,"i000909,i001455,i000481,i001069,i000554,i001952,i001445,i000521,i001949,i001673"
u035443,"i000481,i001069,i001952,i000521,i000909,i000661,i001663,i000158,i000646,i000207"
u035447,"i001069,i000481,i000909,i000521,i000947,i000342,i001952,i001663,i000661,i000207"
u035450,"i001069,i000481,i001952,i000909,i000521,i000931,i001445,i001038,i001455,i000661"
u035452,"i001069,i000947,i000481,i000661,i000521,i001952,i000909,i000342,i000570,i001663"
u035453,"i000481,i001952,i001069,i000521,i000909,i001038,i001663,i000661,i000646,i000554"
u035456,"i001069,i000481,i001952,i000909,i000521,i001663,i000947,i000661,i000342,i001455"
u035462,"i001952,i000661,i000481,i001069,i000521,i001046,i001455,i000909,i002063,i000342"
u035470,"i001069,i000481,i000947,i001952,i000661,i000521,i000342,i000909,i001267,i001663"
u035479,"i001069,i000481,i000909,i001952,i001663,i000661,i001455,i000947,i001673,i000554"
u035486,"i000481,i001455,i000695,i001922,i000909,i001952,i000324,i001914,i001049,i001663"
u035494,"i001069,i000481,i001952,i000661,i000909,i000521,i000947,i001663,i001922,i000554"
u035500,"i001922,i001682,i002009,i001335,i000977,i000200,i001151,i001240,i001595,i001801"
u035506,"i000947,i001069,i001952,i000342,i000521,i000481,i000661,i000570,i001267,i000909"
u035517,"i000481,i001069,i001952,i000909,i001663,i000521,i000342,i000947,i000661,i001038"
u035519,"i000481,i001038,i001069,i001952,i000909,i001663,i000521,i000646,i000947,i000661"
u035531,"i000481,i000661,i000521,i001069,i001952,i001455,i000909,i000947,i000554,i001663"
u035533,"i000909,i000555,i000324,i001069,i000481,i001952,i000342,i000661,i000521,i001663"
u035535,"i001952,i001069,i000481,i001663,i001455,i000661,i000909,i001445,i001478,i001038"
u035538,"i001069,i000481,i001952,i000909,i000324,i000521,i000555,i000661,i000947,i001922"
u035541,"i001069,i000481,i001952,i000909,i001663,i000661,i000324,i000521,i001455,i000947"
u035551,"i000481,i001069,i000909,i001952,i000521,i000947,i001663,i000342,i000661,i000554"
u035552,"i001069,i000909,i000947,i000481,i000521,i000342,i001952,i000661,i001267,i000554"
u035553,"i001069,i000481,i001952,i000909,i000947,i001663,i001038,i000661,i000521,i000646"
u035554,"i001069,i000481,i001952,i000909,i000521,i000661,i000947,i001663,i000342,i000555"
u035561,"i001069,i000481,i001952,i000909,i000521,i000947,i000661,i001663,i000342,i000324"
u035565,"i000481,i001069,i000521,i001952,i000342,i000909,i001663,i000661,i000947,i000646"
u035566,"i001069,i000481,i000909,i001952,i001663,i000947,i000521,i000661,i000342,i000324"
u035567,"i001914,i001649,i000481,i001922,i001069,i001087,i000909,i001455,i000554,i001952"
u035569,"i001952,i000481,i001069,i000661,i001455,i000909,i001663,i001038,i000521,i000947"
u035576,"i001069,i000931,i000909,i000947,i000481,i001952,i000554,i000652,i001663,i001455"
u035577,"i000481,i000909,i001069,i000521,i001663,i000342,i000661,i001952,i000646,i000554"
u035581,"i000481,i001069,i000909,i001952,i001949,i000521,i000342,i000661,i000554,i001663"
u035585,"i000481,i001069,i000909,i001952,i001922,i000521,i001663,i000661,i000342,i000947"
u035592,"i000481,i001069,i001952,i001038,i000909,i001663,i000521,i000646,i000661,i000207"
u035593,"i000481,i000909,i001069,i001663,i001952,i000695,i001455,i000554,i001922,i001240"
u035600,"i001922,i000481,i001952,i000661,i000695,i001663,i001753,i001240,i001688,i001455"
u035603,"i001455,i001922,i000481,i000324,i001673,i000555,i000909,i001952,i000661,i000554"
u035607,"i001069,i000251,i001445,i000947,i000521,i000554,i000931,i000481,i001663,i000646"
u035609,"i001069,i000947,i000481,i001952,i000661,i001663,i000521,i001267,i000909,i000342"
u035610,"i001069,i000481,i001952,i000909,i000947,i001663,i000521,i000661,i000646,i000342"
u035611,"i001455,i001710,i001673,i001445,i001952,i001069,i000805,i000481,i000909,i000661"
u035612,"i000481,i001952,i000909,i001663,i000661,i001069,i000521,i000695,i001455,i001922"
u035614,"i001069,i000481,i000909,i001952,i001663,i000947,i000661,i000554,i000646,i001949"
u035622,"i000481,i001069,i000909,i001952,i000695,i001663,i000947,i000661,i000521,i001455"
u035623,"i000695,i000481,i001240,i001049,i000909,i001584,i001455,i001688,i001069,i001663"
u035625,"i000481,i000695,i001455,i000909,i001952,i001069,i001922,i000661,i001673,i001663"
u035627,"i001710,i001455,i000805,i001673,i001445,i000968,i001922,i001914,i001143,i000554"
u035633,"i000481,i001069,i000909,i001952,i000521,i000947,i000342,i001663,i000661,i001922"
u035638,"i001952,i001455,i000481,i000661,i001673,i001069,i000554,i001445,i001710,i001663"
u035639,"i001445,i000956,i000554,i001191,i001143,i001455,i001922,i001949,i000661,i001682"
u035641,"i000661,i001952,i000481,i001069,i000521,i000947,i000342,i000554,i001445,i001663"
u035643,"i001069,i000481,i001952,i000909,i000947,i001663,i000521,i000661,i001713,i000342"
u035663,"i000282,i001151,i001515,i000360,i000909,i001922,i000555,i000324,i001026,i001069"
u035669,"i000481,i001069,i001952,i001663,i001922,i000342,i000909,i000521,i000661,i000554"
u035674,"i001069,i000481,i001952,i000909,i000661,i001663,i000947,i001922,i000521,i001445"
u035677,"i000909,i001069,i000481,i001445,i001455,i001952,i000661,i000554,i001673,i001663"
u035683,"i001191,i001240,i000554,i000956,i001717,i001445,i001949,i001801,i001922,i001143"
u035684,"i001753,i001508,i000325,i001906,i000518,i000548,i001927,i001069,i000301,i001065"
u035689,"i000481,i001069,i000909,i001952,i000521,i001663,i001038,i000947,i000646,i000661"
u035690,"i001952,i001455,i000481,i000661,i001069,i001673,i001710,i000909,i000342,i001663"
u035691,"i001069,i001753,i001906,i000301,i000931,i001508,i001445,i000947,i000481,i001663"
u035698,"i000481,i001922,i001663,i000661,i001952,i001455,i000909,i001445,i001914,i000554"
u035702,"i001069,i000909,i001713,i000481,i001952,i000947,i001038,i001663,i000931,i001753"
u035713,"i001069,i000481,i001952,i000909,i000661,i001663,i001455,i000947,i000695,i000521"
u035717,"i000481,i001069,i000909,i001952,i001663,i000646,i000661,i000521,i000554,i001455"
u035721,"i001069,i001952,i000481,i000947,i000661,i001663,i000909,i000521,i001445,i000646"
u035729,"i002009,i001922,i001682,i001335,i001595,i000200,i001151,i000006,i001113,i000282"
u035730,"i001688,i000695,i001049,i001584,i001240,i000058,i001462,i000401,i001877,i001717"
u035735,"i000481,i001069,i001952,i000521,i000661,i001663,i000909,i000947,i000342,i000554"
u035741,"i001069,i000481,i000661,i000947,i001952,i001663,i000342,i000909,i000521,i001922"
u035746,"i001069,i001952,i001663,i000481,i001445,i001455,i000909,i000554,i000646,i001673"
u035750,"i000481,i001952,i001069,i000909,i001663,i001038,i000521,i000554,i001478,i000207"
u035751,"i000661,i001952,i001069,i000481,i000947,i000521,i000270,i001002,i000646,i001445"
u035753,"i001069,i000481,i001952,i000909,i000695,i001455,i000661,i000324,i001663,i000947"
u035759,"i001069,i000481,i000909,i001952,i001663,i000521,i000947,i000554,i000661,i000342"
u035760,"i000481,i001952,i000661,i001455,i001038,i001663,i001069,i000521,i001445,i000646"
u035761,"i000999,i001069,i000481,i001914,i000720,i001922,i000909,i000167,i001952,i001445"
u035765,"i001069,i000481,i000909,i001952,i000521,i000947,i000342,i000661,i001663,i000324"
u035772,"i000481,i000909,i001663,i001069,i001922,i001952,i000554,i000646,i000521,i001455"
u035783,"i000661,i000481,i001952,i001069,i001455,i001038,i000521,i001663,i001445,i000646"
u035785,"i000251,i001069,i000909,i000931,i000220,i001445,i000554,i001663,i000947,i000652"
u035786,"i001069,i000947,i000481,i001952,i000909,i000521,i001663,i000342,i000661,i001267"
u035789,"i001069,i000947,i000481,i000521,i001952,i000661,i001189,i001875,i000646,i000909"
u035791,"i001069,i000481,i000909,i001952,i000521,i000947,i000661,i001663,i000342,i000324"
u035794,"i001069,i000481,i001952,i000909,i000947,i000661,i001663,i000521,i000554,i001922"
u035799,"i000481,i000521,i000555,i000342,i000909,i001922,i000324,i000661,i001952,i001663"
u035804,"i001952,i000481,i000555,i001663,i000646,i000909,i000324,i000110,i000342,i000521"
u035811,"i001069,i000481,i000909,i001952,i000521,i000342,i000947,i001663,i000661,i000324"
u035824,"i000481,i001455,i001753,i001952,i001922,i001710,i000661,i000909,i001673,i000695"
u035828,"i000481,i000909,i001069,i001952,i000661,i000521,i000342,i001663,i000947,i000554"
u035841,"i001069,i000481,i000909,i001952,i000521,i000947,i000342,i000324,i001663,i000661"
u035842,"i000481,i001069,i001952,i000909,i000661,i001455,i001663,i000521,i000324,i000947"
u035848,"i001240,i001922,i000695,i001191,i000554,i001143,i002009,i001584,i001663,i001335"
u035859,"i000481,i001952,i001069,i001038,i001663,i000661,i000909,i000521,i000646,i001478"
u035861,"i000481,i001069,i000909,i001952,i000521,i001663,i000342,i000661,i000947,i000324"
u035868,"i000481,i000909,i000695,i001069,i001455,i001240,i001049,i001922,i001445,i001663"
u035870,"i001069,i000481,i000909,i000521,i001952,i000947,i000342,i001663,i000661,i000646"
u035873,"i000481,i000909,i000521,i000661,i001069,i000324,i001952,i000555,i001922,i000554"
u035875,"i000481,i001069,i000661,i001952,i001663,i000521,i000342,i000909,i001922,i000554"
u035876,"i000481,i001069,i000909,i001952,i001455,i001663,i000661,i000947,i001922,i001445"
u035879,"i000481,i001455,i001952,i001922,i000661,i001673,i001069,i001663,i000909,i001914"
u035882,"i000481,i001952,i001069,i000909,i001046,i000521,i000646,i001663,i001455,i000661"
u035884,"i000481,i000909,i001069,i001663,i001952,i000521,i000661,i000342,i000646,i001478"
u035886,"i001069,i000481,i000909,i001952,i000521,i001663,i000661,i000342,i000947,i000554"
u035916,"i001069,i000947,i000481,i000521,i000342,i001267,i000909,i001952,i001663,i000570"
u035921,"i001069,i001952,i000481,i000909,i000661,i001455,i000521,i001445,i001673,i001046"
u035928,"i000695,i001584,i001049,i000058,i001688,i001462,i001240,i001922,i000401,i000931"
u035929,"i000481,i001069,i001922,i001952,i000661,i000909,i000521,i001663,i000342,i001682"
u035930,"i001952,i000481,i000661,i001069,i001455,i000909,i001663,i001038,i000521,i000554"
u035935,"i000481,i001069,i001952,i000521,i000909,i000661,i001663,i000342,i001922,i000947"
u035942,"i001922,i000481,i001455,i001445,i001240,i001952,i000695,i000554,i001914,i000661"
u035952,"i000481,i001069,i001952,i000909,i000521,i000661,i000342,i000947,i000324,i000555"
u035954,"i001069,i000481,i001952,i000909,i000947,i001663,i001267,i000661,i001445,i000521"
u035956,"i001069,i000481,i001952,i000909,i000521,i000661,i000947,i001663,i000342,i000324"
u035968,"i000481,i000554,i001240,i001455,i000956,i001143,i000555,i001663,i001949,i001952"
u035969,"i000554,i000481,i001069,i000909,i001949,i001191,i001952,i001445,i001143,i000931"
u035981,"i000324,i000555,i000898,i000327,i000909,i000481,i000110,i001069,i001952,i001455"
u035983,"i001952,i001069,i000481,i000661,i001663,i000909,i000947,i001455,i000521,i001038"
u035987,"i000554,i001069,i000481,i000909,i000521,i001143,i001445,i000947,i000661,i001914"
u035991,"i001069,i000481,i000909,i001952,i000947,i000521,i001663,i000661,i000342,i001713"
u035993,"i000481,i000554,i000695,i001952,i001240,i001922,i000521,i000909,i001688,i001069"
u035995,"i000481,i000909,i001069,i001952,i001663,i000661,i000521,i000554,i000342,i001455"
u035996,"i000481,i000909,i000554,i000521,i001069,i000342,i001952,i000947,i001663,i000661"
u035999,"i001952,i000481,i001069,i000646,i000909,i001663,i001046,i000521,i000661,i000554"
u036011,"i000481,i001069,i000909,i001952,i000521,i000661,i001663,i000947,i001038,i000554"
u036013,"i000898,i000324,i000327,i000481,i000909,i000110,i001952,i000555,i001069,i001455"
u036017,"i000481,i001069,i001952,i000909,i001663,i000661,i000521,i000947,i001922,i001455"
u036020,"i001914,i001087,i001649,i000909,i000324,i001952,i000327,i000555,i000481,i001455"
u036025,"i001922,i002009,i001682,i001335,i000977,i000521,i000342,i000481,i001151,i000200"
u036026,"i001069,i000481,i000909,i000947,i000521,i001952,i000342,i001663,i000661,i000646"
u036029,"i000324,i000555,i001069,i000481,i000909,i001952,i001922,i000521,i000342,i000110"
u036045,"i001191,i000554,i001445,i001949,i000956,i001240,i001143,i001455,i000652,i001717"
u036047,"i001069,i000251,i000931,i000220,i000554,i001445,i000947,i000481,i000652,i000909"
u036048,"i000481,i001952,i001069,i000909,i001038,i000661,i001663,i001455,i000521,i000646"
u036050,"i000481,i000695,i001952,i001069,i001455,i001663,i001922,i000661,i001688,i001049"
u036053,"i000909,i000481,i001069,i000521,i001952,i000342,i001663,i000661,i000947,i000646"
u036054,"i001069,i000481,i001952,i000909,i000661,i001663,i000947,i000521,i000324,i001922"
u036055,"i000481,i001952,i001663,i000646,i001038,i002132,i001478,i001069,i000521,i001914"
u036061,"i001922,i001151,i002009,i001682,i000282,i001335,i001320,i000977,i001026,i001515"
u036062,"i000481,i001952,i001069,i001663,i000909,i001478,i000661,i001038,i001046,i000646"
u036063,"i001922,i002009,i001682,i000977,i001335,i000200,i000661,i001240,i001801,i000342"
u036066,"i000481,i001069,i000909,i001952,i001663,i000947,i000521,i000661,i000342,i000554"
u036072,"i000481,i000909,i001069,i000695,i001663,i001952,i000661,i001240,i000521,i001922"
u036075,"i000555,i000324,i000909,i001069,i000481,i000898,i000110,i000521,i001952,i000342"
u036077,"i000481,i000909,i001069,i001914,i001649,i001663,i000521,i001952,i000554,i001087"
u036083,"i001069,i000481,i000947,i001952,i000909,i000521,i000661,i001663,i000342,i001267"
u036086,"i001069,i000481,i001952,i000909,i000661,i000521,i000947,i000342,i001663,i000554"
u036099,"i000481,i000909,i000695,i001069,i001952,i001663,i001455,i001240,i000661,i001922"
u036103,"i000555,i000324,i001952,i000898,i000481,i001455,i000909,i001673,i000661,i001069"
u036105,"i000481,i000909,i000521,i001069,i001663,i001952,i000342,i000661,i000207,i000554"
u036116,"i001922,i001682,i001595,i001335,i002009,i000200,i002056,i001240,i000968,i000006"
u036123,"i001069,i000481,i001952,i001663,i000909,i000661,i000695,i001455,i001914,i000947"
u036133,"i001069,i000481,i001952,i000909,i000521,i000661,i000947,i000342,i001663,i000554"
u036136,"i000481,i001069,i000521,i001952,i000909,i000342,i000947,i000661,i001663,i000646"
u036146,"i001069,i000481,i001952,i000947,i000909,i000661,i001663,i000521,i000931,i000646"
u036148,"i001069,i000481,i001952,i000909,i000324,i000661,i000521,i000555,i001663,i001922"
u036151,"i000481,i001069,i000909,i001952,i001663,i000947,i000521,i000661,i000342,i000646"
u036160,"i000481,i000909,i001069,i001952,i001663,i000521,i000695,i000947,i000342,i000661"
u036165,"i000481,i000661,i001952,i001069,i000521,i001038,i000909,i001663,i000646,i000342"
u036168,"i000481,i001069,i000909,i001952,i000661,i001455,i001663,i001922,i000695,i000521"
u036171,"i000324,i000555,i000909,i000110,i000898,i000481,i001952,i000327,i001069,i001134"
u036176,"i001922,i000324,i000909,i001335,i001151,i000481,i001682,i000555,i000282,i002009"
u036181,"i000481,i000909,i001069,i001952,i001663,i000695,i000521,i001455,i000661,i000554"
u036182,"i000481,i001069,i001952,i000909,i000521,i001663,i000661,i000554,i000646,i000342"
u036186,"i001069,i000481,i001952,i000909,i000661,i000521,i000947,i000324,i000555,i001663"
u036195,"i001922,i002009,i001682,i001240,i001335,i000977,i001049,i000695,i000006,i001801"
u036199,"i001191,i000554,i001922,i001240,i001949,i000695,i001786,i000956,i001801,i001445"
u036201,"i000481,i001069,i000909,i001952,i001663,i000695,i000661,i000521,i001455,i000947"
u036214,"i000481,i000521,i000661,i000909,i001952,i000342,i000554,i001069,i001663,i001455"
u036215,"i000695,i000058,i001584,i001049,i001688,i001922,i001462,i001240,i000401,i002009"
u036220,"i000481,i001455,i000695,i001952,i001922,i001445,i000909,i001673,i001663,i001240"
u036236,"i000481,i000909,i001952,i000324,i001069,i000555,i000661,i000521,i000554,i000282"
u036240,"i000481,i001069,i000909,i000521,i001952,i000342,i001663,i000947,i000661,i000324"
u036242,"i000481,i001952,i001069,i000661,i000521,i001922,i001663,i000342,i000947,i000909"
u036246,"i000481,i001069,i001952,i000661,i000909,i000521,i000342,i001663,i001922,i000947"
u036255,"i000481,i000909,i001069,i001663,i001952,i000521,i001478,i000342,i000207,i001038"
u036262,"i000554,i001445,i001949,i001455,i000695,i001191,i000931,i000909,i001922,i000481"
u036264,"i000481,i001069,i000909,i001952,i001455,i001663,i000695,i001445,i000554,i000661"
u036266,"i000481,i001069,i000909,i001952,i000521,i001663,i000661,i000342,i000947,i000554"
u036268,"i001069,i000481,i001952,i000909,i001663,i000661,i000947,i000521,i000342,i000646"
u036278,"i001069,i000481,i000909,i001952,i000521,i000342,i001663,i000947,i000661,i000324"
u036280,"i000481,i001952,i001663,i001478,i000661,i000646,i001069,i000909,i000521,i001046"
u036281,"i000481,i001069,i001952,i000909,i001478,i001663,i000521,i000661,i000342,i001455"
u036282,"i000481,i001069,i001952,i001949,i000909,i000947,i000521,i001663,i000554,i001455"
u036289,"i000481,i001069,i000909,i001952,i001663,i000661,i000947,i000521,i001455,i000554"
u036292,"i001682,i001922,i001335,i002009,i001151,i001595,i000200,i000282,i002056,i001515"
u036307,"i001952,i001455,i000481,i001069,i001673,i000661,i001710,i001445,i000909,i000554"
u036311,"i000481,i000521,i000909,i000324,i001952,i001069,i000555,i000342,i000898,i000661"
u036312,"i001069,i000481,i000947,i000909,i001952,i001663,i000521,i000646,i000661,i001267"
u036313,"i001455,i000554,i001949,i001952,i001143,i001069,i001445,i000481,i001673,i000931"
u036314,"i000661,i001952,i000481,i001663,i000646,i001046,i001038,i001445,i000521,i001478"
u036316,"i000481,i001069,i000909,i001952,i001663,i001455,i000661,i000695,i001445,i000554"
u036332,"i001069,i000481,i001952,i000909,i000947,i001663,i000521,i000661,i000646,i000342"
u036335,"i000481,i001069,i000909,i000521,i000342,i001952,i000947,i001663,i000554,i000207"
u036336,"i001682,i001922,i002009,i001335,i000200,i001595,i001240,i001801,i002056,i001151"
u036344,"i001069,i000481,i000909,i001952,i000947,i000661,i001663,i000521,i000342,i000646"
u036346,"i000481,i001069,i001952,i000909,i000521,i000661,i000947,i000342,i001663,i000207"
u036347,"i000909,i001069,i000481,i000521,i001952,i000947,i001663,i000342,i001713,i001478"
u036351,"i000481,i001069,i000909,i000554,i001952,i000521,i001663,i000947,i000342,i000661"
u036356,"i000909,i000481,i001069,i001663,i000521,i001952,i000342,i000661,i001478,i000947"
u036358,"i001069,i000481,i000947,i001952,i000909,i000521,i001663,i001267,i000570,i000646"
u036360,"i000481,i001952,i001663,i001069,i001478,i000661,i000909,i001046,i001038,i000646"
u036366,"i000695,i001455,i001952,i000481,i001069,i001922,i000661,i000909,i001673,i000554"
u036375,"i000947,i001069,i000342,i001267,i000521,i000481,i000570,i001952,i000661,i001663"
u036380,"i001069,i000481,i000909,i001952,i000661,i000521,i000342,i001663,i000947,i000554"
u036383,"i000554,i000481,i000909,i001069,i001952,i000521,i001949,i001143,i001455,i001663"
u036384,"i000481,i000909,i001069,i001952,i000521,i001663,i001038,i000947,i000661,i000342"
u036389,"i001069,i000481,i000947,i000521,i000909,i001952,i000342,i000661,i000570,i001663"
u036392,"i000909,i001069,i000481,i001952,i000521,i001038,i000342,i000661,i000324,i000207"
u036402,"i001069,i000481,i000909,i001952,i000521,i001663,i000661,i000207,i000342,i000555"
u036420,"i000481,i001069,i001952,i000909,i000521,i001663,i000554,i000661,i000342,i000646"
u036422,"i000931,i001069,i000947,i000909,i000652,i000481,i000554,i001455,i001952,i000695"
u036424,"i001069,i000481,i001952,i000909,i000521,i000661,i000555,i001663,i000342,i000324"
u036440,"i001069,i000481,i000909,i001952,i000521,i000342,i001663,i000661,i000947,i001922"
u036441,"i000481,i001455,i001663,i001952,i000695,i000909,i001445,i001069,i001922,i001240"
u036445,"i001069,i000481,i000909,i001952,i000947,i000521,i000342,i001663,i000661,i000554"
u036450,"i000481,i001922,i001069,i001952,i000695,i000909,i001663,i001240,i001455,i001445"
u036456,"i000481,i000909,i001914,i000554,i000342,i000521,i001649,i001069,i001143,i000555"
u036458,"i000324,i000555,i001922,i000481,i001682,i001952,i000661,i000909,i000521,i000898"
u036459,"i000481,i001952,i001069,i001663,i000909,i001038,i000661,i000521,i000646,i001455"
u036472,"i001753,i000481,i001069,i000909,i001508,i001906,i001952,i001663,i000661,i000342"
u036475,"i001663,i000481,i001069,i001952,i000646,i000909,i001478,i000521,i001038,i000661"
u036476,"i001069,i000481,i000909,i001952,i000521,i000324,i000661,i000342,i000947,i001663"
u036493,"i001455,i001952,i001069,i000481,i001673,i001445,i000661,i000554,i001710,i000909"
u036494,"i000481,i000554,i001069,i001143,i000909,i001455,i001952,i001949,i001240,i001445"
u036507,"i000324,i000555,i000909,i000481,i000898,i000521,i000110,i001922,i000327,i000342"
u036508,"i001445,i001455,i001673,i000554,i000661,i001922,i001952,i000481,i001710,i001314"
u036513,"i000521,i000909,i000342,i000481,i000661,i001952,i001069,i000555,i000619,i000324"
u036516,"i000481,i001455,i001445,i000695,i001952,i001922,i000661,i001663,i000554,i001688"
u036517,"i000481,i001952,i001038,i001663,i000909,i000661,i000521,i001455,i000554,i001478"
u036518,"i000481,i000521,i000909,i001069,i001952,i000554,i001663,i000661,i000646,i000324"
u036521,"i000481,i001069,i000909,i001952,i001663,i000521,i000661,i000947,i000342,i000695"
u036534,"i000909,i000481,i000324,i001922,i000695,i001240,i000521,i001151,i000555,i001952"
u036537,"i000554,i000909,i001445,i001240,i001922,i001143,i001191,i001455,i001710,i001949"
u036538,"i000481,i000521,i001069,i001952,i000661,i000909,i001663,i000342,i000554,i000646"
u036543,"i000909,i000481,i000521,i001069,i000342,i001952,i000661,i000554,i001663,i000324"
u036547,"i000661,i001952,i000481,i001069,i001455,i000521,i000646,i001038,i001673,i001663"
u036555,"i000481,i001069,i000909,i001952,i001663,i000947,i000521,i000661,i000554,i000646"
u036561,"i000898,i000324,i000327,i000555,i000909,i000481,i000110,i001952,i001069,i000342"
u036571,"i000554,i001455,i001143,i001949,i001673,i001445,i001922,i000481,i001952,i001335"
u036575,"i000481,i001069,i000909,i001952,i000521,i001663,i000947,i000342,i000661,i000207"
u036579,"i000481,i001069,i000909,i001952,i001663,i000521,i000342,i000661,i000554,i000947"
u036581,"i001445,i001663,i001069,i000481,i000909,i000646,i001478,i000661,i001038,i001952"
u036583,"i000282,i001151,i001515,i000360,i001069,i000317,i001026,i000481,i000909,i000555"
u036585,"i000695,i000481,i000909,i001069,i001049,i001240,i001455,i001952,i000324,i001663"
u036590,"i000481,i000909,i001069,i001952,i000695,i001455,i001663,i000661,i001240,i001922"
u036591,"i002056,i001801,i001922,i001623,i001649,i000282,i001914,i001335,i000909,i001026"
u036592,"i001069,i000947,i000481,i000521,i000909,i000342,i001952,i000661,i001267,i001753"
u036603,"i000481,i000909,i001069,i001952,i000695,i001663,i001455,i000661,i001922,i001445"
u036605,"i000481,i000909,i001069,i001952,i001663,i000661,i000521,i001455,i000554,i000695"
u036610,"i000481,i001922,i001952,i000661,i000695,i000554,i001688,i001663,i001240,i001069"
u036623,"i000481,i000909,i000521,i001952,i000342,i001069,i001663,i000947,i000661,i001922"
u036626,"i001069,i000947,i000481,i001952,i000909,i000570,i001267,i000521,i000661,i001663"
u036630,"i001069,i000481,i000909,i001753,i001906,i001952,i001508,i000521,i000342,i000947"
u036632,"i001069,i000481,i001952,i000947,i001663,i000661,i001445,i000909,i001914,i000554"
u036637,"i000661,i001952,i000481,i001455,i000521,i001875,i001673,i000618,i001069,i001949"
u036646,"i000481,i001069,i001952,i000661,i000521,i001663,i000909,i000947,i000342,i001455"
u036650,"i001455,i001673,i001710,i001445,i000805,i000554,i000968,i001952,i001914,i001949"
u036652,"i001922,i000481,i000661,i001952,i001663,i001914,i001455,i001445,i001240,i000521"
u036656,"i000481,i001069,i001952,i000909,i001663,i000521,i000342,i000661,i000554,i000947"
u036658,"i001069,i000481,i001952,i000909,i000661,i001663,i000947,i000521,i000342,i001455"
u036659,"i000324,i001069,i000909,i000481,i001914,i000555,i001455,i001952,i000661,i001922"
u036660,"i000481,i001952,i000521,i000661,i000909,i001069,i000207,i000342,i001663,i001038"
u036661,"i000481,i001952,i001069,i000909,i000521,i000661,i001038,i001663,i000947,i000342"
u036668,"i001922,i001682,i002009,i001335,i000695,i001240,i000977,i001049,i000481,i000200"
u036669,"i000481,i001069,i000909,i001952,i001663,i000947,i000521,i000661,i000646,i000342"
u036673,"i000481,i001952,i001069,i000909,i001663,i000661,i000521,i001038,i000342,i000646"
u036675,"i000481,i000909,i001069,i001952,i001663,i001922,i000661,i001240,i000554,i000695"
u036682,"i001069,i000481,i000909,i000947,i001952,i000521,i001663,i000646,i000342,i000324"
u036683,"i000481,i001069,i001952,i000909,i000521,i001663,i000661,i001038,i000342,i000947"
u036692,"i000481,i001069,i001952,i001663,i000909,i000661,i000521,i000342,i000947,i000554"
u036695,"i000481,i001069,i000909,i000521,i001952,i000342,i001663,i000661,i000324,i000555"
u036696,"i001952,i001069,i000481,i001445,i000661,i001455,i001914,i000554,i001663,i001949"
u036698,"i001914,i001649,i001087,i001455,i000481,i000909,i000554,i001673,i001445,i001710"
u036702,"i000521,i000481,i000646,i001952,i000909,i000661,i000342,i001069,i001663,i000324"
u036705,"i000481,i000909,i000521,i001952,i001069,i001663,i000342,i000661,i000207,i001038"
u036729,"i000909,i000481,i001069,i000521,i001952,i001663,i000695,i000342,i000554,i000661"
u036731,"i001069,i000481,i000947,i001952,i000909,i000661,i000521,i000342,i001663,i000554"
u036732,"i001069,i000481,i000909,i001952,i000324,i000521,i000342,i001663,i000661,i000947"
u036735,"i001069,i000947,i000481,i000521,i000909,i001952,i001663,i000342,i001267,i000661"
u036739,"i001069,i000481,i001952,i000909,i000947,i001663,i000661,i000646,i001445,i001038"
u036744,"i000481,i000909,i001069,i000521,i000342,i001952,i000324,i000207,i001663,i001038"
u036750,"i000481,i000909,i000521,i000342,i001069,i001663,i001952,i001922,i000554,i000661"
u036751,"i001069,i000481,i000909,i001952,i000521,i000947,i000661,i001663,i000554,i000646"
u036757,"i000695,i001584,i000058,i001462,i001688,i001049,i001240,i001922,i000324,i000401"
u036764,"i001069,i000481,i000909,i001952,i001663,i000695,i000947,i000661,i000521,i001455"
u036765,"i001914,i001649,i001087,i001069,i000909,i000481,i001663,i001952,i001673,i000947"
u036767,"i000481,i000909,i000521,i000324,i001952,i001922,i000555,i001069,i000342,i000554"
u036772,"i000325,i001508,i001753,i001906,i000548,i001065,i001927,i000518,i000252,i000175"
u036775,"i000481,i001069,i000909,i001952,i000521,i000324,i000342,i001663,i000555,i000646"
u036784,"i000481,i000909,i001069,i001952,i000521,i001663,i001038,i000646,i000207,i000342"
u036793,"i000481,i001922,i000909,i001952,i000324,i001455,i001240,i000695,i001914,i001663"
u036797,"i000947,i001069,i000342,i000521,i000481,i001267,i000909,i001952,i000570,i000661"
u036804,"i000481,i001069,i000909,i000521,i001952,i000342,i001663,i000324,i000661,i000555"
u036806,"i001069,i000481,i000909,i001952,i001455,i001663,i000661,i000947,i000521,i000324"
u036807,"i000324,i000555,i000481,i000110,i001069,i000909,i001952,i001914,i000327,i000898"
u036811,"i000909,i001069,i000481,i001952,i000521,i000947,i000661,i000342,i000554,i000324"
u036815,"i000695,i001462,i001584,i001049,i000058,i001688,i000401,i001240,i000842,i000829"
u036848,"i000481,i000909,i001069,i000521,i001952,i000342,i001922,i000324,i000661,i001663"
u036856,"i000481,i001663,i000909,i000521,i001952,i001069,i000554,i000646,i000342,i001240"
u036857,"i000646,i000481,i000521,i001952,i000661,i001069,i000342,i001663,i001038,i000909"
u036859,"i000554,i001143,i001455,i000481,i000909,i001949,i001914,i001069,i001445,i000661"
u036873,"i000481,i001069,i001952,i000909,i000521,i000947,i001663,i000554,i000342,i000207"
u036874,"i000909,i000481,i000521,i001952,i001069,i000661,i000342,i001663,i001038,i000646"
u036882,"i000481,i001922,i001240,i001445,i000554,i000695,i001455,i001663,i001952,i000661"
u036887,"i000481,i000521,i000342,i000977,i000909,i001922,i001663,i000661,i000646,i001069"
u036894,"i001753,i001508,i001673,i001455,i000518,i001069,i000481,i001710,i001445,i001952"
u036896,"i000481,i001952,i001069,i000909,i001663,i000661,i000521,i000947,i000342,i000207"
u036913,"i000555,i000324,i000110,i000898,i000481,i000327,i000909,i000877,i001952,i000521"
u036924,"i000909,i000481,i001922,i001240,i000324,i000521,i000695,i000555,i000342,i000554"
u036925,"i001069,i000481,i001952,i000661,i000909,i001663,i000554,i001455,i000947,i000521"
u036926,"i000695,i001922,i001240,i001049,i001688,i001584,i000058,i000909,i001786,i000754"
u036928,"i001069,i000909,i000481,i000342,i001952,i000521,i000947,i001663,i000554,i000931"
u036935,"i000481,i001069,i001952,i000909,i000521,i000661,i000947,i000342,i001663,i001455"
u036938,"i000481,i001069,i001952,i000909,i000521,i001663,i000947,i000661,i000342,i000555"
u036950,"i000554,i000909,i000481,i000521,i000342,i001069,i001914,i001949,i001649,i000695"
u036953,"i001069,i000481,i000909,i001952,i000521,i000342,i000947,i001663,i000324,i000555"
u036954,"i001922,i000481,i000909,i001240,i000695,i000521,i000324,i000554,i000555,i001688"
u036956,"i000481,i000909,i000342,i000521,i000324,i000554,i000555,i001922,i001069,i001240"
u036957,"i001069,i000481,i000909,i001952,i000521,i001663,i000661,i000947,i000342,i000324"
u036964,"i000282,i001151,i001515,i000360,i001069,i000481,i000555,i001922,i000909,i000324"
u036965,"i000481,i001069,i000909,i000521,i001952,i000342,i001663,i001922,i000661,i000947"
u036967,"i001952,i000481,i001069,i000661,i001663,i001455,i000909,i001038,i000521,i000947"
u036970,"i000481,i001069,i000909,i001952,i001663,i000646,i000521,i000661,i000947,i000554"
u036971,"i000481,i001046,i001952,i000661,i001069,i000646,i000909,i000521,i001455,i001663"
u036979,"i000555,i000324,i000110,i000327,i000898,i000481,i000909,i001151,i000554,i001952"
u036983,"i000481,i001952,i000521,i000909,i000342,i000661,i001069,i001922,i001663,i000554"
u036987,"i001914,i001649,i001087,i001922,i000554,i001455,i000909,i000481,i001445,i001673"
u036988,"i000481,i000695,i001455,i001663,i001952,i000909,i001922,i001240,i001069,i001914"
u036992,"i000481,i001069,i000909,i001952,i000521,i001663,i000947,i000661,i000342,i000695"
u036998,"i000909,i001069,i000481,i000521,i000342,i001952,i000947,i001663,i000324,i000661"
u037006,"i001508,i001069,i001753,i000481,i001952,i000909,i001906,i000555,i000661,i000947"
u037024,"i000481,i001508,i001069,i000909,i001952,i000342,i001753,i001663,i000521,i000325"
u037030,"i001069,i000481,i000909,i001952,i000947,i000521,i000342,i001663,i001713,i001267"
u037032,"i000481,i001069,i000909,i000521,i001663,i001952,i000554,i000947,i000342,i000661"
u037043,"i000555,i000324,i000481,i000909,i001069,i001952,i000521,i000342,i000661,i001663"
u037049,"i000481,i000909,i001952,i000521,i001663,i001038,i000661,i000342,i000646,i001069"
u037052,"i000909,i000481,i001069,i000521,i000342,i000661,i001952,i001663,i000324,i000554"
u037064,"i000554,i000481,i001949,i000521,i001952,i001663,i001922,i001143,i000661,i001455"
u037065,"i000324,i000555,i000110,i000909,i000481,i000898,i000327,i001455,i001952,i001069"
u037067,"i000909,i000481,i000521,i000324,i000555,i000342,i001922,i001952,i000110,i001663"
u037072,"i000481,i000521,i001445,i001952,i000909,i000646,i000554,i001069,i000342,i001949"
u037082,"i000521,i000909,i001069,i000481,i000661,i001952,i000947,i001455,i000554,i000342"
u037084,"i000481,i000342,i001952,i000909,i001663,i000661,i000521,i000554,i001906,i001069"
u037087,"i000481,i000909,i001069,i001952,i001663,i000661,i001455,i000521,i000947,i001922"
u037090,"i000909,i001922,i000481,i000555,i001151,i000898,i000324,i000521,i001682,i000282"
u037091,"i000695,i001688,i001584,i001240,i000058,i001049,i000481,i001922,i001663,i001952"
u037100,"i000481,i000909,i000521,i001952,i000324,i001069,i000555,i000554,i000342,i000661"
u037101,"i000481,i000909,i001069,i001952,i001663,i000661,i001455,i000521,i000947,i001922"
u037105,"i000481,i001069,i000909,i001952,i001663,i000947,i000695,i000661,i000521,i000554"
u037112,"i000481,i000909,i001922,i000554,i001663,i001952,i001240,i000695,i000324,i001455"
u037114,"i000481,i001952,i001069,i001663,i001455,i000695,i000661,i001240,i001445,i001922"
u037115,"i001143,i000554,i001455,i001949,i001445,i001673,i001240,i000909,i000481,i000956"
u037120,"i000898,i000324,i000555,i000481,i001952,i000521,i001069,i000877,i000909,i000342"
u037125,"i000481,i000521,i001952,i000342,i000554,i000909,i000661,i001663,i001922,i000555"
u037126,"i001069,i001445,i000909,i000481,i001952,i001455,i000661,i000554,i001673,i000931"
u037128,"i000481,i001922,i000521,i000909,i001240,i001952,i000695,i000342,i001663,i000554"
u037132,"i000695,i001584,i000058,i001049,i001688,i000401,i001462,i001240,i001922,i001778"
u037138,"i000481,i001952,i001069,i000661,i001663,i000909,i001922,i000521,i000554,i000342"
u037152,"i000931,i000695,i000652,i001069,i000058,i001049,i000947,i001240,i000554,i001949"
u037155,"i001069,i000481,i000909,i000947,i000521,i001952,i000661,i000342,i001663,i000207"
u037163,"i000481,i001069,i001952,i000909,i000661,i001663,i000521,i001455,i000947,i000554"
u037168,"i001069,i000646,i000481,i000909,i001663,i000947,i001952,i000661,i001445,i000521"
u037171,"i000555,i000324,i000909,i000898,i000110,i000327,i000481,i000521,i001151,i000554"
u037176,"i000481,i001952,i000661,i000521,i000342,i000909,i001663,i001069,i000554,i000646"
u037177,"i001069,i000909,i000481,i000947,i000931,i001445,i001189,i001713,i000661,i000652"
u037178,"i000481,i001952,i000661,i001663,i001069,i001455,i001046,i000909,i001038,i000521"
u037181,"i000481,i001952,i001069,i001663,i000661,i000947,i000342,i000646,i001445,i000521"
u037182,"i000481,i000909,i000342,i000521,i001663,i001922,i000554,i000555,i000661,i001952"
u037183,"i001069,i000481,i000909,i001952,i000947,i000661,i001455,i000695,i000521,i001663"
u037186,"i000481,i001663,i001478,i000661,i001069,i000646,i000342,i001314,i001952,i000909"
u037187,"i001455,i000652,i000931,i001445,i000695,i001049,i001877,i000554,i001069,i001949"
u037194,"i000646,i000481,i001952,i001663,i000661,i000342,i000521,i000909,i001069,i001478"
u037197,"i000481,i001952,i001069,i000521,i000661,i000646,i001663,i000909,i001038,i000207"
u037198,"i000555,i000324,i000342,i000521,i000481,i000909,i001922,i000554,i000661,i001663"
u037200,"i001069,i000481,i001952,i000947,i000909,i001663,i000521,i000646,i001038,i001267"
u037210,"i000481,i001952,i000661,i001455,i001069,i000342,i000554,i000521,i000909,i001663"
u037215,"i001240,i000695,i001584,i001049,i001922,i001688,i000058,i001191,i000554,i000754"
u037216,"i001584,i000695,i001049,i001688,i000058,i000401,i001240,i001462,i001922,i001778"
u037219,"i000342,i000481,i000521,i001952,i000909,i000661,i001069,i001663,i000947,i000619"
u037225,"i000909,i000481,i000521,i000324,i000342,i001069,i001952,i000555,i001663,i000661"
u037226,"i000481,i001922,i000909,i001240,i000695,i000324,i001952,i001151,i000521,i001688"
u037234,"i000481,i000521,i000909,i000342,i001069,i001922,i000977,i001663,i000661,i001952"
u037238,"i000695,i001584,i000058,i001049,i001688,i001462,i001240,i001922,i000401,i000931"
u037249,"i000695,i000058,i001049,i001584,i001688,i001240,i001462,i000401,i001922,i000554"
u037254,"i001875,i000481,i001952,i001069,i000618,i000521,i000947,i001455,i000661,i001673"
u037257,"i000661,i000481,i001069,i001952,i000521,i001663,i000646,i000342,i001445,i001038"
u037259,"i000481,i001952,i001663,i001069,i000695,i001240,i001455,i000661,i001445,i001914"
u037264,"i001069,i000481,i001952,i001445,i000661,i000909,i000521,i000342,i000554,i001663"
u037269,"i000481,i001069,i000909,i001952,i000521,i001663,i000661,i000554,i000342,i000646"
u037274,"i001069,i000481,i001952,i000661,i000909,i000646,i001445,i000521,i000947,i001663"
u037286,"i000481,i001914,i000909,i001069,i001663,i001952,i001445,i000554,i001087,i000646"
u037289,"i000481,i001038,i001952,i001663,i000646,i000661,i000909,i001069,i001478,i000158"
u037294,"i000481,i000909,i001069,i001952,i000695,i001455,i001663,i000661,i000521,i001240"
u037302,"i001914,i001649,i001087,i001455,i001673,i001445,i000554,i001710,i000481,i001949"
u037305,"i001753,i001069,i000481,i000521,i001508,i000342,i000909,i000661,i001952,i000947"
u037307,"i000481,i000909,i001952,i001663,i001069,i000521,i001038,i000661,i001478,i000646"
u037312,"i000481,i001069,i000909,i001952,i001663,i000947,i000521,i000661,i000695,i000342"
u037314,"i000481,i000521,i000909,i000554,i000661,i001952,i001069,i001663,i000342,i001949"
u037315,"i000481,i001069,i001952,i000909,i000521,i001663,i000661,i000342,i000947,i000554"
u037317,"i000481,i000521,i000342,i001069,i001952,i000909,i001922,i001663,i000947,i000661"
u037323,"i001069,i000909,i000481,i000947,i001952,i000521,i000661,i001663,i000342,i001713"
u037334,"i000481,i001069,i000909,i000521,i001952,i001663,i000947,i000342,i000661,i000646"
u037343,"i000481,i000909,i001069,i000521,i001952,i001663,i000342,i000661,i001038,i000207"
u037345,"i001455,i001673,i000554,i001445,i001710,i001952,i001949,i000661,i001046,i000481"
u037348,"i001049,i000695,i001688,i001584,i000058,i001922,i001240,i001462,i000401,i000842"
u037349,"i000909,i000481,i000555,i001922,i000324,i000521,i000695,i001240,i001952,i000342"
u037355,"i001914,i001649,i001087,i001922,i000481,i000554,i000909,i001143,i000342,i000324"
u037360,"i001069,i000481,i000909,i001952,i000521,i000324,i000342,i000555,i000947,i001663"
u037369,"i000909,i000481,i000324,i000555,i000521,i001922,i000342,i000898,i000554,i000110"
u037370,"i001069,i000481,i000909,i001952,i001455,i001663,i000661,i000695,i001445,i000947"
u037382,"i001240,i000695,i001922,i001584,i000058,i001688,i001191,i001049,i000554,i002009"
u037385,"i001069,i000481,i001952,i000947,i000909,i001663,i000521,i000661,i001267,i000342"
u037391,"i000481,i000909,i001952,i000521,i000342,i001663,i001069,i000661,i000555,i000324"
u037400,"i000481,i001069,i000909,i001952,i000521,i001663,i000342,i000661,i000947,i000554"
u037404,"i000481,i001663,i000646,i001069,i001952,i000909,i000661,i000521,i001478,i001046"
u037405,"i001069,i000947,i000481,i000909,i001952,i000521,i001663,i000342,i001267,i000661"
u037410,"i001240,i001191,i001786,i001922,i000754,i000554,i001801,i000695,i001949,i001717"
u037412,"i001069,i000481,i000909,i001952,i001753,i001906,i001663,i001508,i000661,i000521"
u037416,"i000481,i000909,i001922,i000695,i001240,i000521,i000324,i000555,i001952,i000342"
u037419,"i000909,i000481,i001069,i001478,i001952,i000661,i001663,i000521,i001455,i001445"
u037428,"i000282,i001151,i001515,i000360,i001026,i000317,i000555,i000898,i001922,i000909"
u037434,"i000481,i001455,i000909,i000695,i001952,i001240,i000554,i001445,i001663,i000661"
u037435,"i000481,i000661,i001952,i001069,i000521,i001038,i000646,i001663,i001046,i000342"
u037437,"i000695,i001240,i001688,i001922,i001049,i001786,i000554,i000754,i000909,i000481"
u037439,"i000481,i001069,i000521,i000909,i001952,i001663,i000342,i000661,i000554,i001922"
u037444,"i000481,i000342,i000521,i001952,i000909,i001663,i000661,i000646,i001069,i000619"
u037453,"i000481,i001069,i001952,i001663,i000695,i000909,i000661,i001455,i000521,i000554"
u037454,"i000481,i000342,i000521,i000909,i001069,i001663,i001952,i000661,i000947,i000646"
u037464,"i000481,i001069,i000909,i001952,i000521,i001663,i000342,i000947,i000661,i000554"
u037470,"i000695,i001584,i001049,i000058,i001462,i001688,i000401,i001240,i000931,i000842"
u037476,"i000481,i001069,i000909,i001952,i000521,i001663,i000342,i000947,i000661,i000554"
u037477,"i000481,i001952,i001069,i001922,i000661,i001455,i000695,i001663,i001914,i000909"
u037491,"i000481,i001952,i001069,i000521,i001038,i000909,i000646,i001663,i000661,i000947"
u037506,"i000481,i001663,i001952,i000695,i000554,i001240,i000909,i001069,i000661,i001445"
u037516,"i000481,i001069,i001952,i001663,i000909,i000695,i001240,i000521,i000554,i000661"
u037519,"i000481,i001069,i000909,i001952,i000521,i001663,i000947,i000342,i000661,i000554"
u037520,"i000481,i001069,i001952,i000661,i001663,i000909,i001922,i001445,i000521,i000947"
u037532,"i000481,i001069,i000909,i001952,i000521,i000342,i001663,i000947,i000661,i000324"
u037538,"i000521,i000481,i000342,i000909,i001922,i000977,i000554,i001949,i001663,i000661"
u037539,"i001240,i001949,i001191,i000695,i000554,i000956,i001584,i001688,i000058,i001786"
u037541,"i000481,i000909,i000521,i000554,i001753,i001663,i000661,i001952,i001069,i001508"
u037543,"i000481,i001069,i001952,i000909,i000661,i001663,i001922,i000521,i001914,i000947"
u037545,"i000481,i001922,i000909,i000554,i000521,i000324,i001663,i001240,i001455,i000661"
u037547,"i000909,i000554,i001191,i001949,i001143,i000481,i001069,i001240,i000342,i000521"
u037549,"i000481,i000909,i000521,i001952,i000342,i000554,i000661,i001069,i000324,i001143"
u037559,"i001240,i000695,i001922,i001688,i001584,i001049,i000058,i000754,i002009,i001786"
u037570,"i000652,i001069,i001445,i000931,i000554,i001949,i001455,i001191,i000251,i000909"
u037571,"i001069,i000481,i000909,i001952,i001663,i000521,i000947,i000661,i001455,i000342"
u037572,"i000481,i000909,i001069,i000521,i001952,i000342,i001663,i000324,i000661,i000947"
u037577,"i000481,i000909,i001069,i001952,i001663,i001455,i000554,i000661,i000521,i000646"
u037582,"i000481,i001069,i001952,i000909,i000521,i000661,i000342,i001663,i000947,i000646"
u037583,"i000481,i001069,i001952,i000909,i001663,i000661,i000342,i000554,i000521,i000947"
u037600,"i000282,i001151,i001515,i000360,i001026,i001320,i000555,i000324,i001922,i000317"
u037601,"i000481,i001922,i000909,i000521,i000342,i000554,i001952,i001240,i001663,i000661"
u037603,"i000481,i001952,i001069,i000521,i000661,i001663,i000909,i000947,i001038,i000342"
u037610,"i000481,i000909,i001069,i001952,i000521,i001663,i000342,i000661,i000947,i000554"
u037611,"i000481,i001069,i000521,i000342,i000909,i001952,i001663,i000947,i000661,i001922"
u037618,"i001753,i001508,i000481,i001069,i000661,i001952,i000518,i000325,i000909,i001906"
u037620,"i000481,i000909,i001069,i000521,i001952,i000342,i000947,i000324,i001663,i000555"
u037625,"i001949,i000554,i000481,i001455,i001952,i001445,i000909,i001069,i000652,i001191"
u037631,"i001922,i001682,i002009,i001335,i000977,i000200,i001240,i000006,i001151,i000481"
u037634,"i000481,i000909,i001069,i001952,i001663,i000521,i000661,i001455,i000554,i000646"
u037635,"i000481,i001069,i001952,i001663,i000909,i000521,i000947,i000342,i000661,i000646"
u037646,"i000521,i000909,i000481,i000342,i000555,i000324,i000661,i001952,i000554,i000898"
u037656,"i001922,i001455,i000481,i000324,i001673,i001710,i001682,i001952,i000555,i000695"
u037657,"i000909,i000481,i001069,i000521,i000342,i001952,i000947,i001663,i000324,i000555"
u037659,"i000481,i001069,i000909,i000521,i001952,i001663,i000342,i000947,i000661,i000554"
u037660,"i001922,i000481,i001952,i001455,i000909,i001914,i000661,i001663,i001673,i001445"
u037661,"i000481,i000909,i001069,i001663,i001922,i000554,i001445,i001952,i001240,i001455"
u037665,"i001151,i000282,i001026,i001515,i001320,i000360,i000317,i002056,i000342,i001922"
u037677,"i000481,i000909,i001069,i000342,i000521,i001952,i001663,i000661,i000947,i000646"
u037701,"i001952,i000481,i001069,i001663,i000661,i001038,i001478,i001455,i001046,i000909"
u037706,"i001069,i000481,i000909,i000947,i001952,i000521,i001663,i000342,i000661,i000646"
u037720,"i000481,i001069,i001952,i001663,i000909,i000661,i001445,i000554,i001455,i000695"
u037723,"i000481,i001922,i000324,i001455,i001952,i000909,i000695,i000555,i001240,i000554"
u037738,"i000909,i000481,i001069,i001922,i001952,i000661,i001663,i000521,i000342,i000324"
u037740,"i000481,i000909,i001069,i000521,i001952,i000342,i001663,i000324,i000947,i000555"
u037743,"i000481,i000909,i001069,i001663,i001952,i000521,i001478,i001038,i000342,i000646"
u037745,"i000481,i001069,i000909,i000521,i001663,i001952,i000342,i000661,i000646,i001753"
u037747,"i001069,i000909,i000481,i000521,i001952,i000324,i000555,i000342,i001922,i000554"
u037761,"i000481,i001069,i000909,i001952,i000521,i000324,i000342,i000555,i001663,i000661"
u037764,"i001952,i000481,i000661,i001069,i001663,i000521,i000947,i001038,i000909,i001046"
u037765,"i000481,i001069,i000909,i001952,i000521,i000342,i001663,i000324,i000661,i000947"
u037769,"i001240,i001922,i000754,i000695,i001191,i001786,i000554,i000342,i000200,i002009"
u037773,"i000521,i000481,i000342,i001922,i000661,i000554,i000909,i001952,i001663,i000646"
u037774,"i000481,i001952,i001069,i000661,i000909,i000521,i001038,i001663,i000947,i000342"
u037787,"i000554,i001949,i000931,i001069,i000481,i001143,i000909,i001455,i001445,i001952"
u037790,"i000481,i000909,i000342,i000521,i000554,i001952,i001663,i001922,i000661,i001069"
u037793,"i000481,i001455,i001663,i000909,i000695,i001445,i001952,i001240,i000554,i000661"
u037798,"i000481,i001922,i000909,i000521,i001952,i000282,i000324,i001151,i001240,i000555"
u037799,"i000521,i000481,i001069,i000909,i000661,i000342,i001952,i000947,i000554,i000646"
u037813,"i000481,i001069,i000909,i001952,i000521,i000661,i000947,i000342,i001663,i000207"
u037816,"i001952,i000481,i000661,i001069,i001455,i001663,i001038,i000909,i001046,i000521"
u037831,"i001922,i000695,i000481,i001240,i001688,i000324,i000521,i000909,i000554,i001049"
u037836,"i001069,i000481,i001952,i000909,i001663,i000947,i000342,i000521,i000661,i001445"
u037851,"i000481,i001069,i001952,i000695,i001663,i000909,i001240,i000661,i000554,i001445"
u037870,"i000481,i000909,i001069,i000521,i001952,i001663,i001038,i000342,i000207,i000947"
u037872,"i001455,i001710,i001673,i000805,i001445,i000968,i001952,i000661,i000324,i000720"
u037880,"i001069,i000481,i000947,i000909,i001952,i001663,i000521,i001267,i001713,i000570"
u037886,"i001069,i000481,i001914,i001649,i001455,i000489,i000554,i000999,i001952,i000931"
u037895,"i000481,i000909,i001069,i000521,i000342,i001952,i000324,i000555,i001663,i000947"
u037902,"i000481,i001069,i000909,i000521,i001952,i000342,i001663,i000324,i000947,i000555"
u037919,"i001069,i000481,i001952,i000661,i000909,i001663,i000521,i000947,i000342,i000554"
u037928,"i001069,i000481,i001952,i000947,i000909,i000521,i001663,i000661,i000342,i000554"
u037933,"i001240,i001922,i000909,i000481,i000695,i000324,i000555,i000554,i000754,i000342"
u037936,"i000481,i001914,i001069,i001952,i000909,i001663,i000554,i000661,i001649,i000521"
u037937,"i001455,i001710,i001673,i001952,i000805,i001069,i001445,i000661,i001914,i000968"
u037945,"i001240,i001049,i000695,i001584,i001688,i000058,i001922,i000401,i001462,i001877"
u037947,"i000909,i001445,i000661,i001952,i001069,i000481,i001109,i001478,i000554,i001046"
u037973,"i000909,i000481,i001069,i000521,i001952,i001663,i000661,i000342,i000554,i000947"
u037977,"i001069,i000481,i000909,i000947,i000521,i000342,i001952,i000570,i000661,i001663"
u037999,"i001952,i000481,i001069,i000661,i000909,i001663,i000521,i001455,i001038,i000947"
u038000,"i001922,i000481,i000342,i000909,i000521,i001663,i000661,i000977,i000554,i001952"
u038014,"i000695,i000481,i001240,i000909,i001922,i001688,i000521,i000554,i000555,i000342"
u038021,"i001240,i001922,i000695,i001688,i000754,i002009,i001584,i001049,i000058,i000200"
u038023,"i000324,i000555,i001240,i000110,i001922,i000909,i000695,i000481,i000554,i000521"
u038025,"i001240,i001922,i000695,i001786,i002009,i000754,i001191,i001584,i000200,i001688"
u038026,"i000695,i001584,i000058,i001049,i001688,i001240,i001462,i000401,i001922,i000829"
u038028,"i001922,i001335,i002009,i001682,i000200,i001240,i001649,i001786,i001801,i000554"
u038029,"i000481,i001069,i001952,i000909,i001663,i000521,i000661,i000554,i000342,i000646"
u038030,"i001922,i000695,i000481,i000909,i001240,i001688,i000324,i000521,i001584,i000555"
u038037,"i001922,i001240,i000695,i000481,i000909,i000521,i001688,i000554,i000342,i001049"
u038039,"i000555,i000324,i000695,i001922,i000110,i000909,i001240,i001688,i000327,i000481"
u038043,"i000481,i000661,i001952,i000521,i000909,i000342,i000554,i001922,i000646,i001038"
u038051,"i000695,i000931,i000058,i001049,i001069,i001584,i000652,i001240,i001877,i001688"
u038055,"i001069,i001952,i000481,i000909,i001455,i000661,i000324,i001673,i000555,i001922"
u038057,"i001922,i000481,i000695,i001240,i001688,i000909,i001151,i001952,i000554,i000324"
u038060,"i001922,i001240,i000695,i001688,i000481,i000521,i000909,i000554,i001049,i001584"
u038065,"i001952,i000481,i001663,i000661,i001069,i001445,i000342,i001478,i000909,i001914"
u038067,"i000360,i000282,i001922,i001113,i001515,i001151,i002009,i001335,i001320,i001682"
u038072,"i001240,i000909,i000695,i001922,i000481,i001688,i001049,i001584,i000754,i000521"
u038096,"i000481,i001069,i000909,i001952,i001663,i000521,i000947,i000342,i000661,i000554"
u038104,"i001240,i000695,i001049,i001688,i001584,i001191,i000058,i000554,i001922,i000956"
u038107,"i001069,i000481,i000909,i001952,i000521,i001663,i000947,i000342,i000661,i000646"
u038111,"i000481,i001952,i001069,i000521,i000909,i001663,i000661,i000207,i000947,i000342"
u038118,"i001922,i000481,i000695,i000909,i001240,i001049,i000554,i001455,i001949,i001445"
u038128,"i001240,i000695,i001688,i001786,i000754,i001949,i001922,i001584,i000554,i000058"
u038133,"i001069,i000481,i000909,i001952,i000324,i001922,i000661,i000521,i001455,i000555"
u038134,"i000909,i000481,i000324,i000342,i000555,i000521,i001922,i000110,i001952,i001663"
u038154,"i000695,i001240,i001688,i001922,i001049,i001584,i000058,i000754,i001786,i000554"
u038157,"i001922,i002009,i001682,i001335,i001240,i000977,i001801,i001049,i000695,i000006"
u038158,"i002056,i001922,i001801,i001682,i001335,i000282,i001623,i001026,i001595,i002009"
u038159,"i001922,i000481,i000909,i000324,i000521,i000342,i000555,i002009,i001682,i000977"
u038161,"i000481,i001069,i000909,i001952,i000521,i001663,i000947,i000661,i000342,i000554"
u038162,"i000481,i000909,i001952,i000324,i000521,i001069,i000555,i000342,i000661,i001922"
u038163,"i000481,i000909,i001922,i000695,i000661,i001663,i001952,i000554,i001240,i001069"
u038175,"i001069,i000481,i000909,i001952,i000947,i001663,i000661,i000521,i001038,i000207"
u038183,"i001240,i001922,i000695,i000909,i001786,i000754,i000481,i000554,i001049,i001688"
u038187,"i000695,i001584,i000058,i001049,i001688,i001462,i001240,i000401,i001922,i000931"
u038199,"i000481,i000521,i000909,i000342,i001922,i000554,i001663,i000661,i001952,i000646"
u038204,"i000481,i000909,i001952,i001069,i000521,i000342,i001038,i001663,i000661,i000207"
u038205,"i001240,i001191,i001717,i000554,i000956,i000695,i001786,i001922,i001049,i001445"
u038209,"i000909,i000481,i000324,i000555,i001922,i000521,i000342,i000554,i001240,i001952"
u038212,"i001069,i000481,i000909,i001952,i000521,i000947,i000342,i001663,i000324,i000207"
u038213,"i000909,i001922,i000481,i001240,i000324,i000521,i000342,i000695,i000554,i000555"
u038218,"i001069,i000481,i000909,i001952,i000947,i000521,i000661,i001663,i001455,i000324"
u038219,"i000554,i001922,i001786,i001191,i001240,i001682,i001949,i002009,i000481,i000646"
u038224,"i001949,i000554,i001191,i001240,i000481,i001786,i000342,i001143,i000521,i001717"
u038228,"i000695,i001922,i001240,i001688,i001049,i001584,i000058,i000481,i000554,i001786"
u038231,"i000481,i000342,i000521,i000909,i000324,i001922,i000555,i000661,i001952,i000554"
u038234,"i000695,i001584,i000058,i001049,i001688,i001462,i001240,i000401,i001922,i000931"
u038245,"i000909,i000481,i000342,i000521,i001952,i000554,i001663,i001478,i000324,i000661"
u038252,"i000481,i001663,i000909,i000342,i001069,i000521,i001952,i001478,i001038,i000661"
u038253,"i001069,i000909,i000481,i001952,i001455,i000661,i000521,i001753,i001710,i001445"
u038262,"i000481,i000554,i001069,i001952,i000661,i001663,i000521,i000909,i001240,i001922"
u038263,"i000481,i000909,i000521,i000342,i001069,i001663,i001952,i000661,i000947,i000646"
u038269,"i000481,i001952,i001069,i001922,i000661,i001663,i000521,i001445,i001914,i000909"
u038271,"i000695,i001584,i001688,i000058,i001049,i001240,i001922,i001462,i000401,i001350"
u038286,"i000695,i001240,i001922,i001688,i001049,i001584,i000481,i000058,i000909,i000554"
u038288,"i001922,i001240,i000695,i000909,i001049,i001786,i001688,i000481,i000324,i000754"
u038297,"i001049,i000695,i001688,i001584,i001922,i000058,i001240,i001462,i000401,i001786"
u038298,"i000481,i001069,i001952,i001455,i001914,i000909,i000324,i000661,i001673,i000554"
u038311,"i001922,i000695,i001240,i001049,i001688,i000909,i000481,i001584,i000058,i000521"
u038313,"i000481,i001240,i000695,i000554,i001663,i001922,i000909,i000956,i000521,i001688"
u038316,"i000481,i000909,i001952,i001069,i000521,i001663,i000342,i000646,i000554,i000661"
u038320,"i001069,i000481,i001952,i000909,i000661,i000521,i000947,i001455,i000554,i001663"
u038329,"i001914,i001087,i001649,i001069,i000481,i000909,i001952,i001455,i001445,i001949"
u038333,"i000481,i001952,i001663,i001038,i001069,i000909,i000661,i001455,i001478,i000646"
u038334,"i000481,i000909,i000521,i001952,i000342,i000554,i001922,i000324,i001240,i001663"
u038339,"i000481,i000909,i000521,i001069,i001952,i000342,i001922,i001663,i000554,i001240"
u038340,"i001069,i000481,i000909,i001952,i000521,i001663,i000947,i000661,i000342,i000324"
u038341,"i000481,i000695,i001952,i001240,i001922,i001069,i001455,i001663,i001914,i001049"
u038353,"i000324,i000555,i000110,i000898,i000327,i000481,i000521,i000909,i001922,i000554"
u038358,"i000481,i000521,i000909,i000554,i001952,i000342,i001663,i000661,i001069,i001922"
u038366,"i000695,i001049,i001922,i001688,i000058,i001584,i001240,i002009,i001462,i001786"
u038375,"i001922,i000977,i000909,i000481,i000554,i000521,i000342,i001753,i001240,i001682"
u038378,"i000695,i000481,i001240,i001688,i001922,i000909,i000521,i001049,i001584,i000058"
u038382,"i001922,i000695,i001240,i001688,i001049,i000481,i000554,i000909,i000521,i000058"
u038384,"i000481,i000521,i000909,i001069,i000661,i000342,i001663,i001952,i000947,i000554"
u038388,"i000481,i000521,i001069,i000909,i000661,i001952,i000342,i000947,i000646,i001663"
u038392,"i000324,i000555,i000909,i000110,i000481,i000898,i000327,i000342,i000521,i001922"
u038393,"i000481,i000909,i001069,i001952,i000661,i000521,i001663,i000695,i000947,i001455"
u038395,"i001455,i001673,i001710,i001445,i001952,i000554,i000324,i000805,i001949,i000661"
u038399,"i000909,i000481,i000324,i000521,i000342,i001922,i000555,i001952,i000898,i000554"
u038406,"i001922,i001240,i000695,i001688,i001049,i000909,i001584,i000481,i000754,i001786"
u038407,"i001069,i000481,i000909,i001952,i000521,i000661,i001663,i000342,i000947,i000324"
u038411,"i000481,i001069,i001952,i000909,i000521,i001663,i000661,i000342,i000554,i000646"
u038413,"i001455,i001673,i001710,i001952,i001445,i000661,i000554,i000481,i000805,i001069"
u038424,"i000695,i001688,i001240,i001049,i001922,i001584,i000058,i001786,i000754,i001462"
u038434,"i000695,i001069,i000481,i000909,i001455,i001952,i001922,i001049,i000324,i001673"
u038438,"i000481,i000909,i001663,i001240,i000554,i000695,i001952,i001069,i001445,i001922"
u038445,"i000555,i000110,i000324,i001240,i000695,i001922,i000481,i001688,i000327,i000909"
u038448,"i001922,i000481,i001952,i000661,i001335,i001682,i002009,i001914,i001663,i002056"
u038452,"i000342,i000481,i000521,i000909,i000555,i000324,i000554,i001143,i001952,i000661"
u038455,"i001922,i001240,i000695,i000977,i002009,i001049,i001688,i001682,i000058,i001584"
u038469,"i000909,i001922,i000481,i000324,i001240,i000555,i000342,i000521,i000554,i001663"
u038478,"i000481,i001952,i001069,i000661,i000521,i001455,i001663,i000947,i000909,i000646"
u038484,"i001069,i000481,i001952,i000909,i001663,i000947,i000661,i000521,i001455,i000695"
u038487,"i000481,i001069,i001952,i000909,i000521,i001663,i000661,i000342,i000947,i001038"
u038490,"i000481,i001922,i000324,i000909,i001151,i001240,i000282,i000521,i000695,i000555"
u038495,"i000481,i001069,i000909,i001952,i001663,i000947,i000695,i000661,i000521,i000554"
u038501,"i000324,i000555,i000327,i000898,i000909,i000110,i000481,i001922,i000521,i000554"
u038503,"i000646,i000481,i001663,i001952,i001069,i000909,i000661,i000521,i001046,i001445"
u038504,"i000999,i000720,i001069,i000789,i001922,i000167,i001914,i000832,i000481,i001649"
u038506,"i001455,i000481,i001952,i000661,i001673,i001069,i001922,i000909,i001663,i000554"
u038508,"i000481,i001922,i000909,i000324,i000521,i000695,i000555,i000554,i001240,i001952"
u038511,"i000481,i000909,i000324,i000554,i000555,i000521,i000342,i001952,i001922,i001240"
u038513,"i000481,i001952,i000909,i000521,i001455,i000661,i000554,i000324,i001663,i000555"
u038516,"i000324,i000555,i000898,i000327,i000909,i000110,i001922,i001134,i000695,i001151"
u038519,"i000481,i000909,i000695,i001240,i001663,i000554,i001952,i001455,i001922,i001445"
u038520,"i000695,i001922,i001240,i000481,i001688,i000909,i000521,i000554,i001584,i000555"
u038523,"i001922,i001240,i000695,i000909,i001049,i000481,i000324,i001688,i001584,i001786"
u038549,"i001240,i001922,i000695,i000909,i001049,i001786,i000754,i001688,i000481,i000554"
u038554,"i001240,i000695,i001049,i001922,i000554,i000058,i001584,i001688,i001786,i001949"
u038555,"i000695,i001688,i001584,i001049,i000058,i001240,i001922,i001462,i000401,i001350"
u038557,"i000481,i000521,i000909,i000342,i000555,i001952,i001663,i000554,i000661,i000324"
u038560,"i000342,i000521,i000481,i000661,i000909,i001952,i001663,i000646,i000619,i000554"
u038566,"i000481,i000909,i001663,i000695,i001952,i001240,i001069,i001455,i000554,i001445"
u038567,"i000481,i000909,i001069,i001952,i000521,i001663,i000554,i000342,i000646,i000661"
u038569,"i000695,i001049,i001584,i001688,i000058,i001240,i001922,i001462,i000401,i001350"
u038572,"i001922,i000977,i000342,i000521,i000481,i000661,i000909,i000554,i000646,i001663"
u038581,"i000481,i000909,i001069,i000521,i000342,i001952,i001663,i000207,i000554,i000661"
u038583,"i000554,i001191,i000909,i001069,i001949,i001445,i000481,i001143,i000652,i000521"
u038586,"i000481,i001952,i000661,i000521,i001663,i001038,i000646,i000909,i001069,i000342"
u038602,"i000909,i000481,i000324,i001922,i000555,i000521,i000342,i000554,i001240,i001952"
u038604,"i000695,i001240,i001688,i001049,i001922,i001584,i000058,i000554,i000481,i000909"
u038614,"i000481,i000521,i000342,i000909,i000554,i000661,i001922,i001952,i001240,i001949"
u038616,"i000481,i000909,i000521,i001952,i001069,i001663,i000342,i001038,i000324,i000661"
u038622,"i000481,i000521,i001922,i000909,i000342,i000554,i001663,i000324,i000661,i001952"
u038624,"i001922,i001240,i000695,i001049,i001688,i000058,i001786,i001584,i000977,i002009"
u038630,"i000481,i000909,i001069,i001952,i001663,i000521,i000661,i000947,i000646,i000554"
u038638,"i000555,i000324,i001922,i001240,i000521,i000342,i000481,i000554,i000754,i000877"
u038639,"i000481,i000909,i001952,i001922,i001069,i001240,i000695,i001663,i001455,i000661"
u038644,"i000521,i000481,i000909,i000342,i000661,i001952,i000555,i000324,i000554,i001922"
u038645,"i001455,i000554,i001673,i001710,i001949,i001445,i001143,i001240,i000661,i001952"
u038651,"i000324,i000555,i000327,i000898,i000110,i000909,i000481,i000877,i001952,i001134"
u038658,"i000754,i001786,i001350,i001240,i001314,i001922,i001688,i000554,i001191,i001049"
u038660,"i000695,i001240,i001688,i001922,i001049,i001584,i000058,i001786,i000754,i000554"
u038665,"i001688,i000695,i001049,i001584,i001240,i000058,i000401,i001462,i001350,i000754"
u038667,"i001049,i000695,i001688,i001584,i001240,i001922,i000058,i001786,i001462,i000401"
u038672,"i000481,i001952,i001663,i000909,i000521,i001069,i000661,i000342,i000947,i001478"
u038692,"i001786,i000754,i001922,i001240,i000554,i001350,i001191,i001688,i001049,i000695"
u038700,"i000695,i001240,i000481,i001688,i001049,i000956,i000554,i000058,i001584,i001663"
u038710,"i000909,i000695,i001922,i001240,i000481,i001049,i001688,i000554,i001584,i000521"
u038714,"i000481,i000909,i001069,i000521,i001952,i000324,i000342,i000661,i001922,i000555"
u038719,"i000909,i000481,i000324,i001922,i000695,i001240,i000521,i000555,i000554,i001949"
u038726,"i000695,i001688,i001240,i001922,i001049,i001584,i000058,i000481,i000554,i000754"
u038727,"i001688,i000695,i001584,i001049,i000058,i000401,i001240,i001462,i001350,i001786"
u038730,"i000342,i000661,i000554,i000481,i000521,i001952,i001445,i001143,i000909,i000253"
u038741,"i000481,i000695,i001663,i001914,i001952,i000909,i001922,i000521,i000324,i000554"
u038742,"i001240,i000695,i001922,i001688,i001049,i001584,i000754,i000058,i001786,i002009"
u038743,"i000695,i001584,i001688,i001049,i000058,i001240,i001922,i001462,i000401,i000754"
u038745,"i001922,i001240,i000695,i001049,i002009,i001682,i001786,i001688,i001335,i000058"
u038746,"i000695,i001049,i001584,i001688,i000058,i001240,i001462,i001922,i000401,i001350"
u038752,"i001240,i000695,i001922,i001688,i001049,i001584,i000754,i000058,i001786,i001191"
u038754,"i000695,i001584,i001049,i001688,i000058,i001240,i001922,i001462,i000401,i001786"
u038762,"i001069,i000481,i001922,i001952,i000909,i000695,i000661,i001455,i001673,i000324"
u038765,"i000695,i001240,i001688,i001922,i001049,i001584,i000058,i000754,i001786,i000554"
u038767,"i000695,i001240,i001922,i001688,i001049,i001584,i000481,i000058,i000909,i000554"
u038769,"i001049,i000695,i001688,i001584,i000058,i001922,i001462,i001240,i000401,i001786"
u038771,"i000695,i001688,i001240,i001922,i001049,i001584,i000058,i000481,i000554,i000909"
u038773,"i001445,i000481,i001952,i001046,i000909,i001069,i001038,i001478,i000646,i001663"
u038774,"i001922,i000695,i001240,i001049,i001688,i001584,i000909,i000058,i000481,i000324"
u038795,"i000481,i001069,i000909,i000521,i000342,i001952,i000947,i000661,i000554,i001663"
u038798,"i000695,i001688,i001584,i000058,i001049,i001240,i001462,i001922,i000401,i001350"
u038800,"i000555,i000324,i000909,i000898,i000481,i000327,i000110,i000342,i000521,i000877"
u038805,"i000481,i001922,i000521,i000909,i000342,i000977,i000661,i000554,i001663,i001952"
u038806,"i001922,i001682,i002009,i001335,i000200,i001595,i000554,i001240,i001801,i002056"
u038816,"i001240,i001922,i000695,i000909,i001049,i001688,i001786,i000754,i001584,i000481"
u038820,"i001688,i000695,i001049,i001584,i000058,i001240,i001462,i000401,i001350,i001922"
u038825,"i000481,i001952,i001069,i000909,i000521,i000661,i001663,i000555,i001922,i000342"
u038829,"i001688,i000695,i001240,i001049,i001584,i001922,i000058,i001350,i001786,i000754"
u038832,"i000481,i000909,i001952,i001069,i000661,i001663,i000521,i000554,i001455,i000324"
u038833,"i000481,i000521,i000909,i000342,i001922,i000554,i001952,i000324,i001663,i000555"
u038834,"i001049,i000695,i001688,i001240,i001584,i001922,i000058,i001786,i001462,i000401"
u038835,"i001049,i000695,i001688,i001584,i001922,i001240,i000058,i001462,i001786,i000401"
u038837,"i000695,i001688,i001584,i001049,i000058,i001240,i001922,i001462,i000401,i001786"
u038851,"i000481,i001069,i001952,i000909,i000661,i000521,i001663,i001455,i000555,i000324"
u038853,"i001688,i000695,i001049,i001584,i000058,i001240,i001350,i001462,i000401,i000754"
u038862,"i001069,i000947,i000481,i000521,i001952,i000661,i000342,i000909,i000570,i001663"
u038867,"i001922,i000977,i002009,i001682,i000342,i001335,i000521,i001801,i000481,i000661"
u038870,"i001922,i000521,i000554,i000481,i000909,i000977,i000342,i001663,i000956,i000661"
u038882,"i000695,i001688,i001240,i001049,i001922,i001584,i000058,i001786,i000754,i001462"
u038886,"i000481,i000909,i000521,i000342,i001922,i000695,i000554,i001663,i001240,i001069"
u038890,"i000909,i000481,i001240,i001922,i000695,i000521,i000554,i000342,i001786,i000754"
u038895,"i000481,i001069,i000521,i000909,i001952,i001663,i000342,i000554,i000661,i000646"
u038904,"i000481,i000909,i001922,i000695,i001688,i001240,i000521,i001952,i000554,i001049"
u038906,"i000909,i000324,i000555,i000481,i001952,i000327,i001069,i000110,i000898,i000521"
u038916,"i000481,i001455,i000695,i001952,i001922,i001445,i000661,i000909,i000554,i001663"
u038918,"i000481,i001069,i001952,i000909,i000661,i001455,i000695,i001663,i001673,i001922"
u038921,"i001069,i000481,i000909,i001952,i001663,i000947,i000661,i000521,i000554,i000695"
u038930,"i001069,i000481,i000909,i001952,i001455,i001922,i000661,i000695,i000324,i001673"
u038933,"i001753,i000481,i001069,i000661,i001952,i001508,i001455,i000909,i000521,i001445"
u038934,"i000481,i001069,i000909,i001952,i001663,i000947,i000695,i000661,i000521,i000554"
u038945,"i000481,i001069,i001952,i001663,i000909,i000661,i000521,i000947,i000342,i000554"
u038949,"i000481,i001069,i000909,i001952,i000521,i001663,i000342,i000661,i000947,i000324"
u038968,"i000481,i000909,i001069,i001952,i001663,i000521,i000342,i000661,i000554,i000947"
u038975,"i000481,i000342,i000521,i000909,i001069,i001952,i000661,i000947,i000619,i001267"
u039000,"i000661,i001952,i001069,i001445,i000481,i001455,i000947,i000563,i000521,i001673"
u039014,"i001069,i000646,i000481,i001952,i000909,i001663,i000661,i000521,i000947,i001445"
u039015,"i000481,i001069,i000695,i001952,i000661,i001663,i001922,i001688,i001049,i001240"
u039020,"i000909,i000481,i001069,i001952,i000342,i000521,i000661,i000324,i001455,i000555"
u039022,"i001914,i001649,i001087,i001069,i000909,i000481,i001673,i001455,i001952,i001808"
u039025,"i000481,i001069,i001952,i000909,i000521,i001663,i000947,i000661,i001038,i000207"
u039027,"i001455,i001673,i001710,i001445,i001952,i000805,i000554,i000661,i000481,i001914"
u039029,"i001069,i000481,i001952,i000909,i000661,i000521,i001663,i000324,i000947,i000554"
u039034,"i000909,i001069,i000481,i001952,i000521,i000661,i000947,i001663,i000342,i000554"
u039046,"i000481,i000909,i001069,i000342,i000521,i001952,i001663,i000661,i000947,i001478"
u039054,"i001069,i000481,i001952,i000909,i000661,i001663,i001455,i000947,i001922,i000324"
u039066,"i000481,i001069,i000521,i000947,i001952,i000342,i000909,i000661,i001663,i000207"
u039087,"i000695,i000058,i001584,i001049,i001688,i001462,i000401,i001240,i001922,i000931"
u039092,"i000481,i001952,i001069,i000909,i001663,i000661,i000521,i001038,i000646,i001753"
u039094,"i000481,i001069,i000909,i001952,i001663,i000695,i000947,i000521,i000661,i000342"
u039096,"i001069,i000947,i000481,i001663,i001952,i000521,i001267,i000661,i000909,i000342"
u039099,"i000481,i001069,i000909,i001952,i001663,i000646,i000695,i001914,i001455,i000554"
u039105,"i000481,i001069,i001952,i000909,i000947,i000521,i000661,i001663,i001455,i001949"
u039107,"i000481,i001069,i000909,i001952,i001922,i000661,i000324,i001455,i001663,i000555"
u039112,"i000481,i001069,i001952,i000909,i000521,i001663,i000661,i000342,i001038,i000947"
u039127,"i000481,i000909,i001069,i001914,i001663,i001952,i001445,i000646,i001478,i000661"
u039128,"i001922,i000695,i001049,i001455,i000481,i001240,i000324,i000909,i001584,i001673"
u039136,"i000481,i001069,i000909,i001952,i001663,i000947,i000661,i000521,i000342,i000646"
u039149,"i001952,i001455,i001069,i000481,i001445,i001673,i000909,i001710,i000661,i000554"
u039177,"i000481,i001455,i000898,i001952,i000909,i000324,i001673,i001445,i001949,i000554"
u039184,"i001952,i000481,i001069,i000661,i000909,i000521,i000248,i000342,i000947,i001663"
u039189,"i000481,i000909,i001069,i000521,i000342,i001952,i000661,i000947,i001663,i000619"
u039192,"i000481,i001069,i001663,i001952,i000909,i000342,i001478,i000646,i000947,i001038"
u039193,"i000481,i001069,i001952,i000909,i000521,i000661,i000342,i001663,i000947,i000207"
u039195,"i000481,i001663,i000909,i001069,i000342,i000554,i000521,i000661,i001952,i001922"
u039198,"i000324,i000555,i000909,i000481,i000110,i000898,i001952,i001069,i000327,i001455"
u039201,"i001922,i002009,i001682,i000977,i000481,i001335,i001151,i000695,i000661,i001240"
u039202,"i001682,i001922,i002009,i001595,i001335,i000200,i001240,i001151,i002056,i001445"
u039207,"i000324,i000555,i000481,i001069,i000909,i001952,i000342,i000521,i000661,i000898"
u039210,"i001069,i000481,i000909,i000521,i000947,i001663,i001952,i000342,i000661,i000646"
u039211,"i000481,i000695,i000909,i001922,i001240,i001069,i001455,i001952,i001049,i000324"
u039221,"i001069,i000481,i001914,i001952,i000909,i000661,i001455,i000521,i000947,i001649"
u039232,"i000481,i001069,i001952,i000661,i001663,i000909,i000554,i000521,i000342,i001914"
u039235,"i000931,i001069,i001445,i001455,i001906,i001952,i000652,i000947,i001673,i001713"
u039244,"i000909,i000481,i001069,i000521,i000342,i001663,i001952,i000661,i000947,i000324"
u039245,"i001922,i000006,i001682,i002009,i001335,i000977,i001801,i000167,i001595,i001049"
u039250,"i001069,i000481,i001952,i000909,i001663,i000661,i000947,i001922,i000521,i000554"
u039252,"i000695,i001455,i001049,i001673,i000481,i001584,i001688,i001240,i001922,i000058"
u039254,"i001069,i000481,i000909,i000947,i001952,i000521,i001713,i001663,i000342,i000661"
u039255,"i000481,i001069,i001663,i001952,i001478,i000909,i000646,i000521,i000661,i001038"
u039265,"i001445,i001069,i000481,i001952,i001455,i000554,i000909,i001663,i000661,i001038"
u039274,"i000481,i001069,i000909,i001952,i001663,i000661,i000695,i000947,i000521,i000554"
u039277,"i000909,i000481,i001952,i000661,i001046,i001069,i001445,i001455,i001663,i000521"
u039288,"i000555,i000324,i000909,i000327,i000110,i000481,i000898,i001069,i001952,i000521"
u039298,"i000481,i001952,i001069,i000661,i000521,i001663,i000947,i000646,i001046,i001455"
u039302,"i001069,i000481,i000909,i001952,i000324,i000661,i001663,i000521,i000646,i000554"
u039304,"i001069,i000481,i000909,i001952,i000521,i000947,i000661,i000342,i001663,i000324"
u039311,"i000481,i001663,i001952,i001069,i001038,i000521,i000909,i000207,i000646,i001478"
u039321,"i001914,i001649,i001069,i001087,i000481,i000909,i001952,i001663,i000554,i001455"
u039339,"i001069,i000481,i001952,i000909,i000521,i000661,i000947,i000554,i000342,i001663"
u039340,"i000481,i001069,i000909,i001952,i000521,i001663,i000947,i000661,i000342,i000646"
u039342,"i000481,i001069,i000909,i001952,i001663,i000661,i000521,i001455,i000554,i000695"
u039345,"i000481,i000909,i001069,i000521,i000342,i001952,i001663,i000661,i000947,i000554"
u039346,"i001069,i000481,i000909,i000661,i000947,i001952,i000554,i001445,i000521,i001922"
u039354,"i000909,i001069,i000481,i000342,i000661,i000521,i000324,i001914,i000554,i001952"
u039368,"i000909,i000481,i001949,i000521,i000342,i001069,i000947,i001952,i000554,i001663"
u039372,"i001069,i000481,i000909,i001952,i000521,i001663,i000661,i000947,i000342,i000554"
u039373,"i001069,i000481,i000909,i001952,i000521,i000342,i000947,i001663,i000661,i000324"
u039376,"i000481,i001952,i001069,i000661,i001922,i001455,i001663,i001445,i000909,i001673"
u039381,"i001069,i000481,i001952,i000909,i000661,i000521,i000947,i001663,i001455,i001922"
u039382,"i001069,i000481,i000909,i001952,i000521,i000324,i000555,i000661,i000947,i001663"
u039385,"i001069,i000481,i000947,i001952,i000909,i001663,i000521,i000661,i001267,i000931"
u039387,"i000481,i001069,i001952,i000909,i000521,i000661,i001663,i000324,i000947,i001455"
u039389,"i000481,i001069,i000909,i001952,i000695,i001663,i000661,i000947,i000521,i001240"
u039392,"i001922,i001801,i002009,i001335,i002056,i001682,i000282,i001595,i000006,i001914"
u039397,"i001673,i001455,i001710,i001914,i001445,i000554,i001949,i001649,i000909,i001069"
u039403,"i000481,i001069,i000909,i001952,i000521,i001663,i000947,i001038,i000661,i000342"
u039405,"i001069,i000481,i000909,i001952,i000521,i000947,i000661,i000342,i001455,i000555"
u039408,"i000481,i000909,i001069,i001952,i001663,i000661,i000947,i000521,i000342,i000554"
u039411,"i000481,i001922,i000695,i001455,i000909,i001952,i001049,i001240,i001069,i000324"
u039427,"i000481,i001069,i000909,i000661,i000555,i001914,i001952,i000554,i001663,i000342"
u039434,"i000481,i001952,i001069,i001663,i000909,i000661,i000554,i000521,i001949,i001445"
u039437,"i000481,i001069,i001952,i000909,i001663,i000521,i000661,i000342,i000947,i000554"
u039440,"i000521,i000481,i000661,i000342,i000554,i001069,i001663,i000646,i001952,i000956"
u039443,"i001069,i001952,i000481,i000909,i000661,i001455,i000521,i000947,i000342,i000554"
u039451,"i000481,i001069,i001952,i000909,i000521,i000661,i001663,i000555,i000554,i000324"
u039455,"i001069,i000481,i000909,i001952,i000521,i000947,i000342,i000324,i000661,i000555"
u039470,"i000481,i001455,i000909,i001069,i001445,i001952,i001663,i000554,i001673,i000661"
u039475,"i001069,i000481,i001952,i000909,i000947,i000521,i000342,i001663,i000661,i000646"
u039479,"i000481,i001069,i001952,i000554,i001663,i000909,i001240,i000661,i001445,i000695"
u039481,"i000324,i000555,i000110,i000909,i001952,i000327,i000898,i001069,i000481,i001134"
u039484,"i001753,i001069,i000481,i000909,i001508,i001952,i000521,i000661,i001906,i000342"
u039485,"i002009,i001922,i001682,i001335,i001595,i001240,i000006,i000200,i001801,i000956"
u039489,"i001455,i001649,i001069,i001914,i000909,i001335,i001087,i001952,i000931,i000554"
u039499,"i001069,i000481,i001952,i000909,i000947,i000931,i001663,i000521,i000661,i001713"
u039503,"i000931,i000652,i001455,i001877,i001069,i000695,i000058,i001049,i000842,i000554"
u039505,"i001922,i000909,i000481,i001069,i000324,i001151,i001682,i001952,i000282,i000555"
u039509,"i001663,i001069,i000481,i001952,i000646,i000909,i001478,i000521,i000947,i000342"
u039510,"i000481,i001952,i001663,i000521,i000342,i000909,i000661,i001069,i000646,i001478"
u039515,"i000956,i000554,i001143,i001240,i001717,i001191,i001922,i000521,i001786,i000481"
u039521,"i001069,i000909,i000481,i001952,i001046,i001663,i000646,i000661,i000947,i001478"
u039535,"i001069,i000481,i001952,i000909,i000521,i000661,i000947,i001922,i000342,i001455"
u039544,"i000481,i001069,i001952,i000661,i000909,i001663,i000521,i001922,i000947,i000342"
u039551,"i000481,i001069,i000909,i001952,i000521,i000324,i000342,i000947,i000661,i001038"
u039563,"i000481,i001952,i001069,i000909,i000554,i001663,i000521,i000661,i001143,i000947"
u039567,"i001914,i001649,i000909,i001087,i001922,i000554,i001949,i001191,i001801,i001240"
u039571,"i000324,i000555,i000898,i000481,i000877,i000110,i000909,i001952,i001134,i000327"
u039572,"i000481,i001455,i001922,i001952,i000695,i001069,i001673,i000909,i000661,i001663"
u039575,"i000481,i001069,i001952,i000521,i000661,i000909,i001038,i001663,i000947,i000342"
u039578,"i001069,i000481,i000909,i000947,i001952,i000521,i001663,i000661,i001713,i000342"
u039581,"i000481,i001069,i001952,i000661,i000521,i000909,i000947,i001663,i000342,i000554"
u039585,"i000909,i001069,i000481,i000342,i000521,i001952,i000324,i000947,i000661,i000555"
u039595,"i001069,i000481,i000909,i001952,i000521,i001663,i000947,i000324,i000342,i000661"
u039599,"i000909,i001069,i000481,i000521,i001952,i000947,i001663,i000342,i000661,i000324"
u039601,"i001682,i001922,i002009,i001335,i000200,i001595,i001151,i001240,i000481,i001069"
u039602,"i000481,i000909,i000695,i001455,i001952,i000324,i001922,i000554,i001673,i001240"
u039604,"i001069,i000481,i001952,i000909,i000947,i000521,i000661,i001663,i000646,i000555"
u039607,"i000481,i001952,i001069,i000521,i000661,i001663,i000909,i000342,i001038,i000947"
u039608,"i001069,i000481,i000521,i000909,i001952,i000947,i000661,i000646,i000554,i001663"
u039611,"i000999,i001922,i001069,i000720,i000167,i001649,i001087,i000360,i000282,i001682"
u039613,"i001952,i000481,i001069,i000661,i001455,i000947,i001046,i000909,i000521,i001663"
u039618,"i000481,i001952,i001663,i001069,i000695,i001240,i000661,i000554,i001445,i000909"
u039625,"i000481,i001069,i000909,i001952,i000521,i000342,i001663,i000661,i000947,i000207"
u039630,"i000481,i001069,i000909,i001952,i000521,i000342,i000324,i001663,i000947,i000661"
u039634,"i001069,i000909,i000481,i000521,i000947,i001952,i000342,i000661,i001663,i001455"
u039638,"i000481,i001069,i000909,i001952,i000661,i001663,i001455,i000695,i000947,i000324"
u039639,"i001069,i000481,i000909,i001952,i000947,i001663,i000521,i000661,i001713,i000646"
u039644,"i000646,i001922,i000481,i001952,i000661,i001663,i001673,i001914,i001445,i000324"
u039646,"i000695,i001584,i001688,i001049,i000058,i000401,i001462,i001240,i001778,i001350"
u039649,"i001069,i000481,i001952,i000909,i000521,i000661,i000947,i000324,i001663,i000342"
u039659,"i001069,i000481,i000909,i001952,i000661,i000521,i001046,i001455,i000947,i001663"
u039663,"i000481,i001069,i000909,i001952,i001663,i000521,i000947,i000661,i000342,i000646"
u039666,"i000481,i001069,i000909,i001952,i000947,i001663,i000521,i000661,i000646,i001038"
u039668,"i001922,i000324,i000909,i000555,i001682,i000481,i001335,i002009,i001151,i000282"
u039672,"i000554,i001455,i001673,i001445,i001949,i001191,i001143,i000956,i001240,i001914"
u039685,"i001069,i000481,i000909,i001952,i001663,i000661,i000947,i001455,i000521,i000554"
u039703,"i001069,i000481,i001663,i001952,i000947,i000909,i000646,i001445,i000661,i000521"
u039706,"i000481,i001069,i000521,i001952,i000342,i000909,i000947,i000661,i000619,i001663"
u039713,"i001753,i000481,i001508,i001069,i000661,i001952,i001906,i001663,i001445,i001455"
u039718,"i000555,i000324,i000481,i000909,i001069,i001952,i000110,i000898,i000327,i000521"
u039720,"i001069,i000481,i001952,i000909,i001455,i001922,i000695,i000661,i000324,i000555"
u039723,"i000481,i001952,i001069,i000947,i000521,i000661,i001267,i000342,i001663,i000909"
u039728,"i000695,i000058,i001584,i001049,i001688,i001462,i001240,i000401,i001922,i000829"
u039742,"i000999,i001649,i001914,i001069,i001087,i001922,i000720,i000481,i000167,i000360"
u039768,"i000481,i001069,i001952,i000661,i001922,i000947,i001663,i000521,i000909,i000646"
u039770,"i000481,i001069,i001922,i001952,i000661,i000909,i000342,i000521,i001663,i000947"
u039781,"i001069,i000947,i000481,i001952,i000909,i000521,i000570,i000931,i000554,i000661"
u039786,"i000554,i000481,i000909,i001069,i001191,i001949,i001143,i001952,i001445,i001455"
u039791,"i001682,i001922,i001335,i002009,i000200,i001595,i001151,i002056,i001240,i000554"
u039792,"i001952,i000481,i001069,i000554,i001455,i000909,i000661,i001143,i000947,i000521"
u039793,"i000481,i001069,i000909,i001952,i001663,i000521,i000661,i000947,i000342,i000646"
u039796,"i001069,i000481,i001952,i000909,i000661,i001455,i000554,i000521,i001949,i001143"
u039801,"i001455,i001069,i001952,i001673,i000481,i001710,i001445,i000909,i000661,i000554"
u039802,"i001508,i001753,i000325,i000481,i000518,i001906,i000909,i001952,i001663,i000342"
u039804,"i000481,i000909,i000324,i000521,i001069,i001952,i000342,i000898,i000555,i000554"
u039807,"i000695,i001688,i001584,i000058,i001049,i001462,i000401,i001240,i001922,i001350"
u039815,"i001069,i000481,i001952,i000909,i000521,i000661,i001663,i000947,i000342,i000554"
u039824,"i001069,i000481,i001952,i000661,i000909,i001663,i000521,i000554,i001922,i000947"
u039825,"i001069,i000481,i001952,i000661,i000909,i000947,i000521,i001663,i001455,i000554"
u039827,"i000481,i001069,i001952,i000909,i001663,i000661,i000521,i000947,i001038,i000646"
u039829,"i001949,i000481,i000554,i001240,i001069,i001455,i001952,i000909,i001191,i000695"
u039839,"i000324,i000909,i000555,i000481,i000110,i001069,i001952,i000898,i000521,i000342"
u039840,"i001069,i000481,i000909,i001952,i000521,i000947,i000661,i001663,i000342,i000554"
u039842,"i001455,i001673,i001710,i001445,i000554,i000805,i001949,i000968,i000931,i001952"
u039845,"i000481,i001952,i001069,i000909,i000521,i001038,i000661,i000207,i001663,i000646"
u039846,"i001069,i000481,i000947,i000909,i001952,i001663,i000521,i000931,i001267,i000661"
u039847,"i001445,i001455,i000554,i000661,i000167,i001673,i001069,i001949,i001922,i000947"
u039855,"i001069,i000481,i000909,i001952,i000521,i001663,i000947,i000342,i000661,i000646"
u039864,"i001455,i001445,i000661,i001952,i001069,i000481,i001673,i000909,i000554,i001710"
u039865,"i001069,i000481,i000909,i001952,i000521,i001663,i000661,i000947,i000342,i000554"
u039886,"i001069,i000909,i000481,i000521,i000947,i001952,i000342,i001663,i000661,i000207"
u039892,"i001069,i000481,i000909,i001952,i000521,i000324,i000661,i000947,i000555,i000342"
u039898,"i000327,i000324,i000909,i000481,i000898,i001069,i001952,i000110,i000555,i001914"
u039899,"i000481,i001069,i000909,i001952,i000947,i000521,i001663,i000661,i000342,i000554"
u039907,"i001069,i000481,i000909,i001952,i001663,i000661,i000521,i000324,i000947,i000695"
u039908,"i000481,i001069,i000909,i000521,i001952,i001663,i000342,i000947,i000661,i000646"
u039914,"i001069,i000481,i001663,i000947,i000909,i001952,i000646,i000521,i001478,i001038"
u039915,"i000481,i001069,i000909,i000521,i001952,i000661,i000947,i000207,i001038,i001663"
u039920,"i001069,i000481,i000909,i001952,i000521,i001663,i000947,i000661,i000342,i000324"
u039921,"i001069,i000481,i000909,i001952,i000521,i000342,i000947,i000555,i001663,i000661"
u039925,"i000481,i001069,i001952,i001663,i000909,i000661,i000521,i000947,i000554,i001455"
u039940,"i000481,i001069,i000909,i001952,i000521,i000324,i000661,i001922,i000947,i000342"
u039945,"i000661,i001952,i000481,i001069,i000521,i000342,i000909,i000619,i000248,i000947"
u039948,"i001682,i001922,i002009,i001335,i001595,i000200,i001151,i002056,i000282,i001240"
u039960,"i000481,i000909,i001952,i000521,i001069,i001922,i000661,i000342,i001663,i000554"
u039962,"i000661,i001952,i000481,i001069,i000521,i000342,i000909,i000646,i001038,i000947"
u039964,"i000481,i001069,i000695,i000909,i001952,i001455,i001663,i001240,i000661,i001049"
u039966,"i001069,i000481,i000909,i000947,i001952,i001663,i000521,i000931,i001713,i000661"
u039967,"i001069,i000481,i000909,i001952,i000521,i001663,i000661,i000947,i000342,i000324"
u039968,"i000481,i001069,i001952,i000909,i000521,i000661,i000342,i001663,i001038,i000554"
u039970,"i001069,i000481,i000909,i001952,i000947,i000521,i001663,i000554,i000342,i000661"
u039972,"i001069,i000481,i001952,i000909,i000324,i000555,i000661,i000521,i000947,i001455"
u039979,"i001069,i000481,i000909,i001952,i000521,i000947,i000661,i001455,i001663,i000554"
u039982,"i001069,i000481,i000909,i000947,i001952,i001663,i000521,i000646,i000661,i000342"
u039983,"i000909,i001069,i000481,i000521,i001952,i000342,i001663,i000947,i000661,i001038"
u039985,"i001069,i000481,i000909,i000521,i001952,i000947,i000661,i000342,i001663,i000554"
u039986,"i001314,i001445,i000661,i001663,i001922,i000646,i000554,i001952,i000481,i001455"
u039991,"i000909,i001069,i000481,i000521,i001952,i000342,i001663,i000661,i000947,i000324"
u039992,"i000481,i001069,i000909,i001952,i001663,i000521,i001038,i000947,i000661,i000207"
u039993,"i001069,i000481,i001952,i000909,i000661,i000521,i000947,i000324,i001455,i001922"
u039994,"i001069,i000481,i000947,i000521,i001952,i000909,i000661,i000342,i001663,i000570"
u040014,"i000481,i001069,i001952,i000909,i000661,i000521,i000947,i000342,i001663,i001038"
u040016,"i000481,i001952,i001069,i000521,i000661,i001663,i000947,i000646,i001038,i000909"
u040029,"i000481,i001069,i001952,i000661,i000521,i000909,i000947,i000342,i001663,i000646"
u040040,"i000324,i000909,i000481,i000555,i000521,i000898,i001753,i000327,i001952,i001069"
u040043,"i001922,i000481,i001663,i001952,i000661,i000521,i000909,i000342,i001240,i001682"
u040044,"i001069,i000481,i001952,i000947,i000909,i001663,i000661,i000521,i000931,i001713"
u040047,"i000909,i000481,i001069,i001952,i001663,i000661,i000521,i000947,i001038,i001478"
u040049,"i001952,i000481,i001069,i000661,i001455,i001663,i001673,i001046,i001038,i000909"
u040058,"i000481,i001069,i001952,i000909,i000521,i001663,i000947,i000661,i000342,i000554"
u040060,"i000695,i001069,i001049,i001922,i000554,i000931,i000058,i001455,i001584,i000481"
u040063,"i000481,i001952,i001069,i000521,i001663,i000661,i000909,i000947,i001038,i000207"
u040081,"i000695,i001584,i000058,i001049,i001688,i001462,i001240,i000401,i001922,i000931"
u040087,"i000977,i000481,i001922,i000521,i000554,i000661,i000342,i001663,i000909,i001069"
u040089,"i000481,i001069,i000909,i001952,i000661,i001455,i000695,i001922,i001663,i000521"
u040090,"i000481,i001069,i001952,i000909,i001663,i000521,i000661,i000554,i000342,i000947"
u040101,"i001069,i000947,i000481,i000521,i001952,i001267,i000661,i000342,i000909,i001663"
u040104,"i000481,i001455,i000554,i001143,i000661,i001952,i001445,i001673,i001949,i001914"
u040107,"i001922,i001682,i000481,i000977,i000342,i002009,i000521,i001335,i000909,i001151"
u040117,"i000481,i001069,i001952,i000909,i000661,i000521,i000342,i000947,i001663,i001455"
u040133,"i000342,i000521,i000253,i000661,i000481,i000947,i001663,i001952,i001069,i000909"
u040142,"i000481,i001069,i000909,i001952,i001663,i000661,i000521,i000324,i000947,i000646"
u040143,"i001952,i000481,i001069,i000909,i000661,i001455,i001663,i000521,i001038,i000554"
u040146,"i001069,i000481,i001952,i000661,i000909,i001663,i000521,i000554,i000947,i001922"
u040148,"i000481,i001952,i001069,i000909,i001663,i000661,i001038,i001478,i000521,i000646"
u040149,"i000481,i000909,i001069,i001952,i000324,i000521,i000555,i001455,i000661,i001663"
u040152,"i000661,i001952,i000481,i000342,i001710,i001663,i000248,i001046,i001455,i000909"
u040154,"i001914,i001087,i001649,i000909,i001445,i000481,i001455,i000554,i001673,i000661"
u040162,"i001455,i001673,i001914,i001710,i001952,i000909,i001445,i001069,i000554,i000481"
u040165,"i000481,i001069,i000909,i000521,i001952,i001663,i000661,i000947,i000342,i000646"
u040167,"i001069,i000481,i000909,i001952,i000521,i001663,i000947,i000342,i000554,i000661"
u040170,"i001069,i000481,i001952,i001663,i000909,i000661,i000947,i000521,i001922,i000342"
u040181,"i001455,i001673,i001069,i001952,i001710,i000481,i000909,i001445,i000554,i000661"
u040183,"i001753,i000481,i000909,i001508,i001069,i001455,i001663,i001952,i001710,i000661"
u040187,"i000481,i000909,i001069,i001663,i001952,i001478,i001445,i000661,i000342,i000521"
u040188,"i001069,i000481,i001952,i000661,i000909,i000947,i000521,i001663,i000342,i001445"
u040207,"i000481,i001069,i001952,i000909,i000661,i001663,i000521,i000947,i000554,i000342"
u040213,"i001069,i000481,i001952,i000947,i000909,i001038,i001663,i000521,i000661,i000207"
u040218,"i001952,i001455,i001673,i000481,i001069,i000661,i001445,i001710,i000909,i000554"
u040219,"i000481,i001069,i000909,i000521,i001952,i000342,i000947,i001663,i000661,i000646"
u040229,"i000282,i001515,i000360,i001649,i001151,i001914,i000909,i000481,i001069,i001922"
u040234,"i001069,i000481,i000909,i001952,i000947,i000521,i000661,i000324,i001455,i001663"
u040240,"i000481,i001069,i000909,i001952,i001663,i000521,i000554,i000661,i000646,i000695"
u040241,"i001952,i000481,i000661,i001455,i001069,i000909,i001445,i001673,i000554,i000521"
u040242,"i001875,i000618,i001952,i000481,i000521,i001296,i001069,i000661,i001508,i001455"
u040248,"i000909,i000481,i001069,i000521,i001952,i000324,i000342,i000661,i000947,i001663"
u040252,"i001069,i000481,i000947,i000909,i001952,i000646,i001445,i001663,i000661,i000167"
u040257,"i001455,i001673,i001952,i001710,i001445,i000661,i000481,i001069,i000554,i000909"
u040258,"i000481,i001069,i000909,i001952,i000695,i001663,i000661,i000947,i000521,i001240"
u040259,"i001069,i000481,i001952,i000909,i001663,i000521,i000947,i000661,i000324,i000342"
u040270,"i001922,i002009,i001682,i001335,i000481,i000324,i000909,i000282,i000555,i001151"
u040272,"i000554,i000481,i001069,i000909,i001952,i000661,i001455,i000342,i000521,i000947"
u040277,"i001663,i000481,i001069,i001952,i000646,i001478,i000909,i000521,i001038,i000342"
u040279,"i000695,i001584,i000058,i001688,i001049,i000401,i001462,i001240,i000829,i001922"
u040280,"i001922,i000481,i000909,i001952,i001069,i000342,i000661,i000324,i000555,i000521"
u040283,"i000481,i000521,i000909,i001952,i001663,i000661,i000342,i001069,i000554,i001922"
u040284,"i000481,i001069,i000909,i001952,i000521,i001663,i000661,i001038,i000207,i000947"
u040297,"i001069,i000481,i001952,i000521,i000947,i000554,i000661,i000909,i001143,i000342"
u040298,"i000481,i001949,i001952,i000554,i000521,i001663,i001069,i000909,i000342,i001455"
u040301,"i000481,i001069,i000909,i001952,i000521,i001914,i001663,i000661,i000947,i001445"
u040307,"i000481,i001069,i001952,i000909,i000521,i001038,i000661,i001663,i000207,i000646"
u040318,"i001682,i001922,i001049,i001240,i002009,i000695,i001335,i000931,i000200,i001595"
u040321,"i001952,i000481,i001069,i000661,i001663,i001455,i000521,i000554,i001038,i000947"
u040323,"i001069,i000481,i000909,i001952,i000521,i001663,i000342,i000324,i000947,i000661"
u040325,"i000481,i001952,i001069,i000909,i000521,i000661,i001663,i001038,i000554,i000646"
u040339,"i000481,i001069,i000909,i001952,i000695,i001455,i001663,i000661,i000947,i001240"
u040340,"i000555,i000481,i001069,i000324,i000909,i001952,i000521,i000661,i000342,i001663"
u040360,"i000481,i000909,i001922,i001663,i001455,i001952,i000661,i001914,i000695,i000521"
u040362,"i000481,i000909,i001069,i001952,i001663,i000521,i000947,i000342,i000661,i000554"
u040369,"i001663,i000481,i000909,i001952,i000342,i000646,i001478,i000521,i001069,i000207"
u040370,"i000481,i001069,i000909,i001952,i000695,i001663,i000661,i000947,i000521,i001240"
u040373,"i000481,i001952,i001069,i001663,i001445,i000661,i000554,i000909,i001914,i001455"
u040378,"i000481,i001952,i001069,i000521,i000909,i000646,i000661,i001663,i001046,i001038"
u040385,"i001069,i000481,i001952,i000661,i000909,i001663,i000521,i000947,i000554,i000646"
u040386,"i000909,i001069,i001455,i001952,i000481,i001673,i000324,i001445,i001710,i000555"
u040388,"i001069,i000481,i000909,i001952,i000947,i000661,i001663,i000521,i001445,i000554"
u040393,"i001922,i000481,i000661,i000909,i001952,i001069,i000695,i001455,i001673,i000554"
u040409,"i001663,i000646,i000481,i001069,i001952,i000521,i000909,i000661,i000342,i001038"
u040410,"i001069,i000909,i000481,i001952,i000947,i000931,i000661,i001445,i001663,i001455"
u040415,"i001069,i000909,i000481,i001952,i000521,i000661,i000947,i001663,i000342,i000324"
u040416,"i000481,i000909,i001069,i001663,i001914,i001952,i000521,i000695,i001922,i000554"
u040423,"i001710,i001455,i001952,i000909,i001069,i000661,i000481,i001445,i001673,i000521"
u040429,"i000481,i001069,i000909,i001952,i000521,i000324,i000555,i000342,i001663,i000661"
u040430,"i000481,i001069,i000909,i001952,i000521,i001663,i000947,i000661,i000342,i000324"
u040432,"i000481,i001069,i001952,i000909,i001455,i000695,i000661,i001663,i001445,i001922"
u040434,"i001952,i000481,i001069,i001455,i000661,i000563,i001445,i000618,i001875,i001673"
u040436,"i000646,i000481,i001663,i001478,i000909,i001069,i001046,i001445,i001952,i000661"
u040445,"i000481,i001069,i000909,i001952,i000521,i001663,i000661,i000342,i000646,i000554"
u040453,"i001069,i000481,i000909,i001952,i000555,i000324,i000947,i000661,i001455,i001922"
u040455,"i001922,i001682,i001151,i002009,i000282,i002056,i001335,i001515,i001595,i001801"
u040457,"i000481,i001069,i001952,i000909,i000661,i001663,i000947,i000521,i000695,i001455"
u040461,"i000481,i001069,i000909,i001952,i001663,i000521,i000661,i000342,i001922,i001455"
u040463,"i001952,i000481,i000661,i001069,i000521,i000342,i000947,i001663,i000909,i000646"
u040465,"i001069,i000481,i000909,i001952,i000521,i000947,i000342,i000661,i001663,i000324"
u040476,"i001663,i000481,i001952,i001069,i000646,i001478,i000909,i001038,i000521,i001046"
u040480,"i000555,i000481,i000324,i000898,i000327,i000909,i000110,i001952,i001914,i001069"
u040481,"i000481,i001069,i001663,i000342,i001952,i000521,i000947,i000909,i000661,i000646"
u040490,"i000481,i000909,i001069,i001952,i000695,i001663,i000661,i001240,i000554,i001455"
u040493,"i001069,i000947,i000481,i001952,i000661,i000521,i001663,i000342,i001267,i000909"
u040503,"i001240,i000554,i001455,i000909,i000695,i000481,i001753,i001445,i001914,i001922"
u040511,"i001069,i000481,i001952,i000909,i000324,i000555,i000521,i000661,i000947,i000554"
u040512,"i001069,i000481,i001952,i000521,i000661,i000947,i000909,i000342,i001455,i000554"
u040515,"i001445,i001069,i001952,i000481,i001455,i000661,i000909,i000554,i000931,i001663"
u040517,"i001069,i000481,i000521,i000947,i001952,i000909,i001663,i000554,i000342,i000661"
u040525,"i000324,i000327,i000110,i000898,i000555,i000909,i001952,i000481,i001069,i001134"
u040527,"i000481,i000695,i001069,i000909,i001952,i001240,i001663,i001049,i001455,i001922"
u040530,"i000481,i001069,i001952,i000909,i000661,i001663,i000521,i000554,i000947,i000342"
u040532,"i001952,i000481,i001069,i000661,i001663,i001455,i001038,i001046,i000909,i001673"
u040539,"i000909,i000481,i001069,i001952,i000521,i001663,i000661,i001038,i001478,i000646"
u040541,"i001753,i000909,i001508,i001069,i000481,i001906,i000554,i000661,i001445,i000342"
u040542,"i000661,i001455,i000554,i001952,i000481,i001445,i001922,i001673,i001914,i000521"
u040544,"i001069,i000481,i000909,i001952,i000521,i000947,i000661,i000324,i000342,i000555"
u040545,"i000481,i000909,i000342,i001922,i000521,i001663,i001069,i001952,i000661,i000554"
u040554,"i000661,i001952,i000481,i001069,i000521,i001038,i001663,i001455,i001002,i000646"
u040557,"i001069,i000481,i001952,i000909,i001663,i000947,i000661,i000521,i001455,i000342"
u040569,"i001952,i000481,i000661,i001069,i000909,i000342,i000248,i000521,i001663,i001455"
u040570,"i000481,i001952,i001922,i001455,i001069,i000909,i000695,i000661,i001445,i001663"
u040571,"i000324,i000555,i000110,i000909,i000898,i000327,i000877,i001134,i000481,i001914"
u040576,"i000695,i001584,i000058,i001049,i001688,i001462,i000401,i001240,i001922,i000829"
u040581,"i001069,i001952,i000481,i000909,i001922,i001455,i000661,i000324,i000947,i000555"
u040593,"i001069,i000947,i000909,i000481,i001753,i000301,i001508,i000931,i001952,i001906"
u040600,"i000521,i000481,i001069,i000661,i000909,i001952,i000947,i000342,i001663,i000554"
u040605,"i000282,i000360,i001515,i001151,i000317,i001320,i001113,i001026,i001069,i001922"
u040606,"i001069,i000481,i001952,i000947,i000521,i000661,i000909,i000570,i001663,i000342"
u040610,"i000481,i001069,i000909,i001663,i001952,i000947,i000521,i000661,i000342,i000646"
u040611,"i001069,i001952,i000947,i000481,i000521,i001267,i000661,i000342,i001663,i001455"
u040617,"i000481,i001069,i001952,i001663,i000909,i000661,i000342,i000521,i000947,i000207"
u040624,"i000481,i001952,i001069,i001663,i001038,i000661,i000909,i000521,i000646,i000554"
u040628,"i000481,i000909,i001663,i001069,i000695,i000554,i000521,i001952,i000661,i001478"
u040629,"i001069,i000481,i001952,i000909,i000947,i000661,i000521,i000324,i001455,i000342"
u040633,"i000481,i000909,i001069,i000521,i001663,i000342,i001952,i000661,i001922,i000554"
u040636,"i001445,i001455,i000661,i002146,i001952,i001673,i000481,i000554,i001046,i000270"
u040643,"i000481,i001069,i001952,i001663,i000661,i000909,i000521,i000342,i000554,i001914"
u040647,"i001455,i001952,i000661,i000481,i001445,i001069,i001710,i000554,i001673,i000909"
u040652,"i000481,i001069,i000521,i000909,i001952,i000661,i000947,i000342,i001663,i000554"
u040653,"i000695,i000481,i001049,i001584,i001688,i001455,i001922,i001240,i000058,i001663"
u040657,"i001069,i000481,i001952,i000909,i000661,i001663,i000947,i001455,i000521,i000554"
u040666,"i001952,i000481,i001455,i000554,i001069,i000661,i001663,i001673,i001046,i001445"
u040671,"i000555,i000324,i000481,i000909,i001069,i000521,i001952,i000661,i000342,i000898"
u040673,"i000481,i001069,i000909,i001952,i001663,i000695,i000646,i000554,i000661,i000521"
u040678,"i001143,i000554,i001069,i000931,i000909,i001455,i001949,i000481,i001952,i000947"
u040686,"i000481,i000342,i000521,i000661,i001952,i000947,i000909,i001663,i001069,i000554"
u040689,"i000481,i001069,i000909,i001952,i000521,i001663,i000661,i000342,i000947,i000554"
u040694,"i001952,i000481,i001663,i000661,i001069,i001046,i001455,i001038,i001478,i000554"
u040697,"i000909,i000481,i001069,i001952,i000661,i001663,i000521,i001922,i000554,i001455"
u040700,"i001445,i001069,i000481,i000909,i001952,i000661,i001663,i001455,i000554,i000342"
u040701,"i001952,i001069,i000481,i000909,i000661,i000521,i000342,i000947,i001455,i001445"
u040704,"i001069,i000481,i001952,i000909,i001663,i000521,i000646,i000661,i000555,i000110"
u040707,"i000481,i001046,i000661,i001069,i000909,i000646,i001663,i000554,i000521,i001038"
u040716,"i000481,i001069,i001952,i000909,i001663,i000521,i000661,i001038,i000947,i000342"
u040720,"i000481,i001663,i001952,i001069,i000646,i000521,i000661,i000909,i001478,i001038"
u040725,"i000909,i000481,i001069,i000521,i001952,i000342,i000324,i000555,i000661,i001663"
u040732,"i001069,i000481,i000909,i001952,i000947,i000521,i001663,i000661,i001713,i000342"
u040733,"i001906,i000481,i001069,i001952,i001753,i000909,i001445,i001508,i001455,i001663"
u040741,"i000481,i000909,i001069,i000521,i001038,i001952,i000720,i000661,i000342,i000947"
u040742,"i000521,i000481,i001922,i000909,i000977,i000661,i000342,i001069,i000554,i000555"
u040743,"i001455,i000661,i001952,i001914,i001673,i001069,i000481,i000909,i001922,i000554"
u040744,"i000481,i001952,i000909,i000324,i000521,i000661,i000555,i001069,i001455,i000898"
u040745,"i000481,i001069,i000909,i001952,i000521,i000342,i000947,i001663,i000661,i000324"
u040746,"i001069,i000481,i000909,i001952,i000521,i000947,i000342,i001663,i000661,i000554"
u040751,"i000481,i001069,i001952,i000521,i000909,i001663,i000342,i000661,i000554,i000646"
u040753,"i001922,i001682,i002009,i000977,i001151,i000481,i001335,i000282,i000342,i000661"
u040756,"i000481,i001455,i001952,i001445,i000695,i001673,i000661,i000554,i001914,i001922"
u040761,"i000518,i000555,i000324,i001753,i000481,i001508,i001952,i000661,i000521,i000909"
u040773,"i000481,i001069,i001952,i000521,i001663,i000661,i000909,i000947,i000554,i000342"
u040781,"i000481,i001952,i001069,i000521,i001663,i000661,i001922,i000947,i000909,i000342"
u040787,"i000909,i000481,i001069,i001952,i000521,i000661,i000947,i001455,i001663,i001445"
u040789,"i001914,i001649,i001087,i000554,i001455,i001445,i001673,i000481,i001949,i000909"
u040790,"i000481,i001069,i001952,i000909,i000661,i001663,i001455,i001922,i000947,i000695"
u040793,"i001069,i000481,i000947,i000909,i001952,i000521,i001663,i000342,i000661,i000646"
u040804,"i000481,i001069,i000909,i000521,i000342,i001952,i001663,i000661,i000947,i000646"
u040808,"i001069,i000481,i001952,i000931,i000909,i001663,i000947,i001455,i001445,i000554"
u040809,"i001906,i001069,i000481,i001508,i001753,i001952,i000909,i000342,i000661,i000325"
u040813,"i001914,i001087,i001649,i001710,i000360,i001952,i001673,i001922,i001455,i000999"
u040815,"i001455,i001673,i001710,i001952,i001445,i001069,i000554,i000481,i000909,i000931"
u040836,"i001069,i001952,i001455,i000909,i001445,i000481,i001949,i000554,i000931,i000661"
u040845,"i000909,i000481,i001069,i001952,i001663,i000521,i000947,i000342,i000661,i001922"
u040847,"i000481,i001069,i000909,i001952,i001663,i000661,i000947,i000521,i000342,i001455"
u040850,"i000481,i000909,i000521,i000661,i001069,i000342,i001952,i001038,i000324,i001663"
u040851,"i000481,i000521,i000661,i001952,i000342,i000909,i000554,i001069,i001663,i000619"
u040856,"i001952,i000481,i001069,i000661,i000909,i001455,i001663,i001673,i001445,i000521"
u040868,"i000481,i000521,i001952,i000342,i000909,i000661,i000555,i001508,i001069,i001753"
u040869,"i000481,i000909,i001069,i001663,i000521,i000342,i000554,i001952,i000555,i000324"
u040870,"i000909,i000481,i001069,i001952,i000521,i000661,i000342,i000324,i001663,i000947"
u040872,"i000481,i001069,i000909,i001952,i000521,i000661,i000947,i000342,i000207,i001038"
u040877,"i001952,i000481,i000661,i001069,i001663,i000646,i001046,i000909,i000521,i001455"
u040881,"i001069,i000481,i000909,i001952,i000947,i001663,i000521,i000661,i000342,i000931"
u040886,"i000695,i000058,i001584,i001688,i001049,i001240,i001462,i001922,i000401,i000829"
u040892,"i000909,i000521,i000481,i000342,i000554,i000661,i001914,i001649,i000555,i001069"
u040893,"i001069,i001952,i000481,i000661,i000909,i000947,i000521,i001663,i000554,i001455"
u040902,"i000481,i001069,i000909,i000521,i001952,i000342,i001663,i000947,i001922,i000661"
u040909,"i000481,i000661,i001952,i001046,i001663,i001455,i000909,i001069,i001445,i000646"
u040912,"i000695,i001240,i001584,i001049,i001688,i000058,i001462,i000401,i001922,i000842"
u040921,"i001069,i000481,i000909,i001952,i000947,i001663,i000521,i000661,i000342,i001713"
u040922,"i000481,i001069,i001663,i000521,i000909,i001952,i000554,i000342,i000661,i001922"
u040926,"i000661,i000481,i001952,i000521,i001069,i001455,i001046,i000947,i001663,i001038"
u040930,"i001069,i000909,i000481,i001952,i000521,i000342,i000324,i000947,i001663,i000554"
u040940,"i000481,i001069,i000909,i001952,i001663,i000521,i000342,i000947,i000661,i000554"
u040951,"i001069,i000481,i001952,i000909,i000931,i000521,i000661,i001455,i001038,i001753"
u040958,"i000282,i001151,i001515,i000360,i001026,i001069,i000555,i001682,i000317,i002056"
u040964,"i001922,i000481,i001049,i000695,i001240,i001952,i000554,i001688,i001069,i000646"
u040968,"i000481,i001069,i000909,i001952,i000521,i001663,i001038,i000207,i000646,i000342"
u040970,"i000898,i000324,i000327,i000481,i001455,i000555,i000909,i001445,i001952,i000110"
u040972,"i001069,i000947,i000481,i000909,i001949,i000652,i000521,i000931,i001952,i000554"
u040983,"i001240,i000695,i001922,i001584,i001049,i000058,i001688,i002009,i001191,i000554"
u040986,"i000481,i001952,i000661,i001455,i000909,i000521,i001663,i000554,i001069,i000342"
u040997,"i000481,i001069,i000521,i000909,i001952,i000342,i000947,i001663,i000554,i000661"
u041004,"i000554,i000481,i001949,i001240,i001952,i001455,i001069,i001143,i001191,i000956"
u041006,"i000898,i000481,i000909,i000324,i001952,i000327,i001069,i000110,i000521,i000342"
u041011,"i001240,i000695,i001688,i001049,i001584,i000058,i001922,i002009,i001191,i000200"
u041023,"i000481,i001069,i000909,i000521,i001952,i001663,i000661,i000947,i000342,i001038"
u041029,"i000481,i000909,i000521,i001952,i001069,i000555,i000342,i000324,i001663,i000661"
u041034,"i000661,i001952,i000481,i001069,i000521,i000947,i000342,i001663,i000554,i001455"
u041042,"i000481,i000909,i000521,i000342,i001663,i001922,i000324,i001952,i000661,i000554"
u041058,"i000481,i000909,i001069,i001952,i001663,i000521,i000947,i001922,i000342,i000554"
u041069,"i000481,i001069,i001663,i001952,i000909,i000646,i000521,i001478,i001038,i000207"
u041076,"i001069,i000931,i000909,i000481,i001952,i000554,i001445,i000947,i001663,i000342"
u041078,"i000481,i001069,i000909,i001952,i000661,i001663,i000521,i001455,i000947,i000342"
u041081,"i000324,i000555,i000898,i000909,i000110,i000327,i001069,i000481,i000877,i001952"
u041084,"i000481,i001952,i001455,i001663,i001069,i000661,i000695,i001922,i001240,i000909"
u041087,"i001455,i001673,i001710,i001445,i001952,i000805,i000554,i000481,i001914,i000661"
u041094,"i001922,i000977,i002009,i001682,i001335,i000282,i000521,i000342,i000481,i001151"
u041096,"i001952,i000481,i001038,i001455,i001069,i001663,i000661,i001046,i001445,i001478"
u041101,"i001455,i001710,i001445,i000909,i001143,i001673,i000554,i001949,i001914,i000324"
u041108,"i000554,i001922,i000481,i001069,i001952,i001682,i001455,i000909,i001949,i000661"
u041118,"i000481,i001069,i001952,i000661,i001663,i000909,i001922,i000521,i001455,i000646"
u041120,"i001069,i000481,i000909,i001952,i000521,i000554,i000947,i000661,i001455,i001038"
u041127,"i001069,i000481,i000909,i001952,i000521,i001663,i000947,i000342,i000661,i000324"
u041133,"i001069,i000947,i000481,i001952,i000570,i000661,i001267,i000931,i000521,i001663"
u041134,"i000481,i000646,i001069,i001663,i001952,i000909,i000521,i000661,i001038,i000947"
u041136,"i000342,i000521,i000481,i000554,i000947,i000661,i001922,i001952,i001069,i000909"
u041137,"i001069,i000481,i001952,i000909,i000661,i001663,i000521,i000947,i000554,i000342"
u041146,"i001069,i000481,i000909,i000521,i001952,i000342,i000947,i001663,i000661,i000554"
u041150,"i001069,i001663,i000481,i001952,i000646,i000909,i001478,i000947,i000521,i001445"
u041151,"i001069,i000481,i001952,i000909,i000521,i001663,i000661,i000947,i000342,i001455"
u041164,"i000324,i000555,i000909,i000110,i000481,i000898,i000521,i000342,i001069,i001952"
u041165,"i000481,i001069,i001952,i001663,i001922,i000909,i000661,i000521,i000947,i000695"
u041174,"i000481,i001069,i000909,i001952,i000695,i001663,i000661,i000947,i000521,i001455"
u041182,"i000481,i000909,i001069,i000521,i001952,i001038,i001663,i000646,i000661,i000207"
u041186,"i000481,i001069,i001952,i001663,i000909,i000661,i000342,i000554,i000521,i001914"
u041193,"i001922,i000661,i000481,i001663,i001952,i000521,i001914,i000554,i001455,i001673"
u041194,"i000481,i001069,i000909,i001663,i001952,i000695,i001455,i001240,i000554,i001445"
u041195,"i000909,i000481,i001069,i000521,i001663,i000324,i001952,i000661,i001445,i000342"
u041207,"i001069,i000481,i000909,i001952,i000521,i001663,i000947,i000342,i000661,i000554"
u041209,"i001952,i001069,i001455,i000481,i000661,i001922,i000909,i001673,i000324,i000521"
u041211,"i001069,i000481,i000947,i001952,i000909,i001663,i000661,i000521,i001445,i001267"
u041220,"i000481,i001069,i001952,i000909,i000521,i001663,i000661,i000342,i000947,i000554"
u041223,"i000481,i001069,i000909,i001952,i001663,i000661,i000947,i000521,i001455,i000554"
u041231,"i000481,i001069,i000909,i001952,i000521,i001663,i000947,i000661,i000342,i000554"
u041236,"i000481,i000909,i001069,i001952,i001663,i000695,i000521,i001455,i000661,i000554"
u041244,"i000909,i001069,i000481,i001952,i000324,i000521,i001663,i000555,i000342,i000947"
u041249,"i000481,i000695,i001455,i001922,i001952,i001069,i000909,i001049,i001663,i001673"
u041250,"i000481,i001952,i000909,i000521,i000661,i001069,i000554,i001663,i000555,i000282"
u041253,"i001069,i000481,i000909,i000947,i000521,i001952,i000661,i000342,i001663,i000554"
u041254,"i000481,i001069,i001952,i000909,i000661,i001663,i001922,i000521,i000947,i001445"
u041259,"i000481,i001069,i000909,i001952,i000521,i001663,i000342,i000661,i000947,i000554"
u041278,"i001445,i000481,i001069,i000661,i001663,i001952,i000342,i000909,i000646,i001478"
u041295,"i000554,i001143,i001952,i000661,i000481,i001455,i001069,i001445,i001949,i001673"
u041304,"i000481,i000646,i000521,i001069,i001952,i000661,i001663,i000909,i000554,i000342"
u041308,"i000481,i001069,i001952,i000342,i000909,i000521,i000661,i001663,i000947,i000554"
u041310,"i000481,i001069,i000342,i000521,i000909,i001952,i001663,i000947,i001922,i000661"
u041320,"i001069,i000481,i000909,i000947,i001914,i001952,i000521,i001663,i001649,i001455"
u041327,"i000481,i001069,i000909,i001952,i000521,i000646,i001663,i001038,i000661,i001046"
u041331,"i002056,i001801,i001922,i000909,i000282,i001069,i001335,i001914,i001682,i001151"
u041335,"i000481,i001663,i000342,i000661,i000521,i001478,i001952,i000909,i001038,i000646"
u041339,"i000282,i001515,i001151,i001026,i000360,i000481,i000555,i001320,i001922,i000909"
u041340,"i000481,i000909,i001069,i000521,i000342,i001952,i000947,i001663,i000324,i000555"
u041344,"i001069,i000481,i000909,i001952,i000521,i001663,i000947,i000342,i000661,i000324"
u041347,"i001922,i000909,i000324,i000555,i000481,i000282,i001151,i001952,i001682,i001335"
u041352,"i001046,i001069,i001952,i000646,i000481,i000909,i001663,i001445,i000661,i001914"
u041355,"i000554,i000481,i001455,i001949,i001143,i001445,i000956,i001240,i001191,i001914"
u041356,"i000481,i001069,i000909,i000695,i001952,i001663,i001455,i000554,i000661,i001240"
u041362,"i000481,i000909,i000521,i000342,i001753,i000661,i001952,i001663,i001508,i001922"
u041368,"i001069,i000909,i000481,i000947,i001952,i000521,i001713,i001663,i000342,i000931"
u041369,"i001069,i000481,i000909,i001952,i000521,i000947,i001922,i000661,i001663,i000554"
u041375,"i000909,i001069,i000481,i000324,i001952,i000521,i000555,i000898,i000342,i001663"
u041385,"i000324,i000555,i000327,i000110,i000909,i000898,i001952,i000481,i000877,i000661"
u041396,"i001922,i002009,i001682,i001335,i000977,i001595,i000200,i001801,i000006,i001151"
u041398,"i000481,i001069,i000909,i001952,i001663,i000695,i000521,i000947,i000661,i001455"
u041402,"i001069,i000481,i000909,i001952,i000521,i000947,i000661,i000342,i001663,i001455"
u041403,"i001069,i000481,i000947,i000909,i001952,i000521,i001663,i000661,i000342,i001267"
u041420,"i000481,i001952,i000521,i001069,i000661,i000342,i000909,i001663,i000947,i000207"
u041431,"i001875,i001753,i001952,i000481,i000661,i000618,i001069,i001508,i000521,i000646"
u041441,"i000909,i000481,i001753,i001069,i001663,i000324,i001952,i000661,i000695,i001478"
u041444,"i001952,i000481,i001069,i000661,i001663,i001038,i001455,i000909,i000521,i000646"
u041448,"i001069,i001914,i001445,i001663,i000909,i001673,i001455,i001952,i001087,i000481"
u041449,"i001922,i001682,i002009,i000977,i001335,i000481,i001240,i000521,i000909,i000695"
u041451,"i000909,i000481,i000554,i001069,i000521,i001952,i001455,i000342,i001143,i001663"
u041452,"i001952,i000481,i001069,i000661,i000909,i001455,i001663,i001445,i001046,i001038"
u041458,"i000481,i000909,i001069,i001952,i001663,i000521,i000947,i000342,i000661,i000554"
u041463,"i001069,i000481,i000909,i000947,i001952,i000521,i001663,i000342,i000661,i000646"
u041472,"i000481,i000909,i001069,i000342,i000521,i001952,i001663,i000947,i000555,i000324"
u041482,"i001069,i000481,i001952,i000909,i000947,i000521,i000661,i001455,i001663,i000342"
u041490,"i000481,i001069,i001952,i000909,i001455,i000555,i001922,i000324,i000661,i001445"
u041493,"i001069,i000481,i000909,i001952,i000521,i000324,i000555,i000342,i000947,i000661"
u041496,"i000481,i001069,i000909,i001952,i001663,i001455,i000661,i000695,i001922,i001445"
u041497,"i000481,i001952,i001069,i001038,i000909,i001663,i000521,i000646,i000661,i000207"
u041498,"i000342,i001663,i001720,i000661,i000481,i001952,i001445,i000554,i000521,i001069"
u041502,"i001069,i000481,i000909,i000947,i001952,i000342,i000521,i001267,i001663,i000931"
u041511,"i000481,i001663,i001952,i001922,i000554,i001069,i000661,i001445,i000909,i001914"
u041518,"i000481,i001455,i001952,i001922,i001673,i000695,i000909,i000661,i001069,i001710"
u041521,"i001069,i000481,i001952,i000947,i000909,i000661,i000521,i001663,i000931,i001267"
u041522,"i000481,i001069,i000909,i001952,i000521,i001663,i000947,i001038,i000342,i000646"
u041525,"i000481,i001478,i001952,i001663,i000521,i000909,i000342,i000646,i001069,i000661"
u041526,"i000251,i000220,i000931,i001445,i000554,i001069,i000695,i000652,i000058,i000805"
u041529,"i001069,i001445,i000481,i000909,i001914,i001663,i001455,i000554,i001952,i000342"
u041530,"i000695,i001922,i000058,i001688,i001584,i001049,i001240,i001455,i000481,i001673"
u041532,"i001445,i001069,i000481,i001952,i001046,i001038,i000909,i000661,i001455,i001663"
u041533,"i001069,i000481,i001952,i000695,i000661,i000909,i000947,i001922,i001663,i001455"
u041539,"i000555,i000481,i000324,i000521,i000909,i000898,i000554,i001952,i000342,i001069"
u041545,"i001069,i001952,i000481,i000661,i000947,i001445,i000909,i000554,i000931,i000521"
u041562,"i000481,i001069,i001952,i001663,i000661,i000521,i000909,i000947,i001922,i000554"
u041563,"i001069,i000931,i000909,i000652,i000554,i001445,i000947,i001949,i000481,i001455"
u041571,"i001069,i000481,i001753,i000909,i001906,i001952,i000661,i001445,i001455,i001508"
u041578,"i000909,i001069,i000481,i000521,i001952,i000342,i000947,i001663,i000661,i000207"
u041581,"i000521,i000909,i001069,i000947,i000661,i000481,i000342,i001952,i001663,i000554"
u041586,"i000481,i000909,i000521,i001952,i000661,i001663,i000342,i001069,i000554,i001038"
u041591,"i001952,i000481,i001069,i000661,i000909,i001445,i001455,i000554,i000521,i001038"
u041593,"i000481,i000521,i001069,i000909,i001952,i000342,i000661,i001663,i000947,i000646"
u041604,"i000481,i001952,i001663,i000909,i000646,i000661,i001046,i000521,i001478,i001069"
u041605,"i001663,i000481,i000909,i001952,i001478,i001069,i001038,i000521,i000646,i001445"
u041610,"i000481,i000521,i000554,i001952,i000342,i000661,i001663,i001069,i001922,i000646"
u041620,"i001240,i000554,i001191,i000956,i001922,i001786,i001143,i001717,i001949,i001445"
u041622,"i000521,i000481,i000342,i001069,i000909,i001952,i000661,i000947,i000619,i000646"
u041623,"i000521,i000481,i001952,i000661,i001069,i000947,i000342,i000909,i000646,i001663"
u041626,"i001069,i000947,i000521,i000481,i000909,i000342,i001267,i001952,i000661,i000570"
u041632,"i001069,i000481,i000909,i001952,i000947,i000521,i000661,i001663,i001455,i000324"
u041635,"i000909,i000481,i001069,i001952,i000521,i001663,i000661,i000342,i001038,i000207"
u041637,"i000481,i000695,i001688,i000661,i001952,i001049,i001663,i001240,i001455,i001584"
u041639,"i001069,i000481,i000909,i001952,i000947,i000521,i001663,i000661,i000554,i000342"
u041640,"i001753,i001508,i000481,i001952,i000518,i001906,i001046,i001663,i001069,i000325"
u041641,"i000481,i001069,i001952,i000909,i000661,i000521,i000342,i000554,i001663,i000947"
u041643,"i000481,i001069,i000909,i001952,i001038,i001445,i001663,i000661,i000646,i001478"
u041649,"i000481,i000909,i001069,i000695,i001952,i001663,i000661,i001455,i000324,i001240"
u041651,"i000481,i000909,i001069,i001952,i000695,i001455,i001663,i000661,i001240,i001922"
u041655,"i000481,i000646,i001952,i000661,i001663,i000521,i000342,i001069,i000909,i001046"
u041657,"i000481,i001069,i000646,i001914,i000909,i000554,i001952,i000661,i001663,i001046"
u041660,"i000909,i001191,i001069,i000554,i001445,i000481,i001952,i000342,i001455,i001949"
u041661,"i001069,i000481,i000909,i001952,i000521,i001663,i000342,i000661,i000947,i000324"
u041662,"i001069,i000481,i000947,i001952,i000909,i001663,i000521,i000661,i001267,i000646"
u041663,"i000481,i001069,i001952,i000909,i001663,i000661,i000521,i000947,i001038,i000207"
u041669,"i000481,i001069,i001952,i000521,i000909,i000661,i001663,i000342,i000947,i000646"
u041670,"i001069,i000481,i001663,i000909,i001952,i000521,i000661,i000554,i001914,i000947"
u041672,"i000481,i001069,i000909,i000521,i001952,i000342,i000947,i001663,i000646,i000554"
u041679,"i001240,i000695,i001584,i001922,i000058,i001688,i001049,i001191,i000401,i002009"
u041680,"i001508,i000518,i000481,i001753,i001952,i000661,i001922,i001069,i001455,i001663"
u041683,"i000481,i001952,i001478,i001069,i001663,i000909,i000661,i001046,i001038,i001445"
u041692,"i001069,i000481,i000909,i001952,i000947,i000521,i001663,i000661,i000931,i000554"
u041693,"i001069,i000481,i000909,i001952,i000947,i001713,i000570,i000207,i000521,i000931"
u041701,"i000909,i000481,i001069,i000521,i001952,i000342,i000661,i000947,i001663,i000646"
u041705,"i000909,i000481,i001069,i000521,i000342,i000947,i001952,i000661,i001663,i000646"
u041709,"i001069,i000481,i001952,i000947,i000909,i001663,i000661,i000521,i000931,i001445"
u041711,"i000481,i001069,i000909,i000521,i001952,i001663,i000342,i000947,i000661,i000554"
u041717,"i001069,i000481,i000909,i001952,i000521,i000342,i000947,i001663,i000324,i000661"
u041718,"i001069,i000947,i000481,i001952,i000661,i000570,i000521,i000909,i000342,i001267"
u041722,"i000481,i001069,i000909,i001952,i001663,i000947,i000521,i000342,i000661,i000554"
u041723,"i000481,i001069,i000909,i001663,i001952,i000521,i000554,i000342,i000661,i000646"
u041725,"i000646,i001952,i001069,i000481,i000661,i001663,i000909,i001455,i001673,i001445"
u041740,"i001508,i001753,i001069,i000481,i000909,i001906,i001952,i000947,i000521,i000325"
u041743,"i001069,i000481,i000909,i001952,i000947,i001663,i000521,i000646,i000661,i001038"
u041750,"i001069,i000481,i000909,i001952,i000521,i000947,i000342,i000324,i000661,i001663"
u041765,"i000661,i000909,i001069,i001445,i001952,i000481,i000270,i001455,i000554,i000521"
u041767,"i000909,i001069,i001713,i000481,i000342,i001952,i000947,i000167,i000521,i000554"
u041770,"i001191,i001240,i000554,i001445,i001801,i000956,i001949,i001922,i001717,i001786"
u041774,"i000481,i000521,i000554,i001069,i000909,i001952,i000342,i001663,i000661,i001949"
u041775,"i001069,i000481,i001952,i000909,i001663,i000661,i000521,i000947,i000324,i001455"
u041776,"i001875,i000618,i000481,i001952,i001455,i001673,i001069,i000661,i001949,i000521"
u041778,"i000481,i001069,i001952,i000661,i000909,i001663,i000521,i000554,i000947,i000646"
u041784,"i000481,i001069,i001952,i000909,i001455,i001922,i000661,i001663,i001673,i000695"
u041789,"i002056,i001801,i000282,i001922,i001682,i002009,i001335,i001151,i001515,i001595"
u041796,"i001069,i001663,i000481,i001952,i000909,i000646,i000521,i000947,i000342,i001478"
u041799,"i001069,i000481,i000947,i001952,i000909,i001663,i000661,i000521,i001267,i000342"
u041800,"i001455,i001952,i001710,i001673,i000481,i000661,i000909,i001445,i001069,i000324"
u041823,"i001069,i000481,i000909,i000947,i001952,i000931,i001663,i000521,i001713,i000661"
u041826,"i000481,i001663,i001952,i001445,i000554,i001922,i001069,i000909,i001240,i000661"
u041827,"i000909,i000481,i001069,i001952,i000521,i001038,i000661,i001663,i001445,i001455"
u041828,"i001069,i000481,i000554,i001949,i000909,i001952,i001445,i001914,i000947,i000521"
u041832,"i001069,i000481,i000947,i001952,i000521,i000909,i000342,i000661,i001663,i000554"
u041848,"i001069,i000481,i001952,i000909,i000661,i001663,i000521,i000947,i001922,i000695"
u041859,"i001069,i000481,i001952,i000661,i001663,i000909,i000521,i000554,i000947,i000646"
u041860,"i001069,i000481,i000909,i001952,i000521,i001663,i000947,i000342,i000661,i000554"
u041861,"i001922,i000481,i001914,i001663,i001240,i001952,i001445,i000661,i000554,i001455"
u041877,"i001584,i000695,i001688,i001049,i000058,i000401,i001462,i001240,i001778,i001922"
u041879,"i000481,i000554,i001455,i000909,i001952,i001663,i000661,i001069,i001673,i000521"
u041898,"i000909,i001663,i001069,i000481,i000646,i001478,i001952,i000521,i001046,i001445"
u041899,"i000481,i000909,i001069,i000521,i001952,i000324,i000342,i000555,i001663,i000554"
u041920,"i001069,i000481,i000909,i000947,i001952,i001663,i001445,i000521,i000931,i000661"
u041923,"i001069,i001952,i001445,i000481,i000661,i001455,i001682,i001922,i000554,i000909"
u041931,"i001240,i001922,i000695,i002009,i001688,i001682,i001191,i001584,i000342,i000058"
u041937,"i000481,i001069,i000909,i001952,i001663,i000947,i000521,i000661,i000695,i000342"
u041944,"i001069,i000481,i000554,i000521,i000909,i000661,i001952,i001663,i000947,i000342"
u041947,"i001455,i001673,i001710,i001952,i001445,i000554,i000661,i001069,i000481,i000805"
u041959,"i000481,i001069,i001952,i000554,i000909,i000521,i001663,i000661,i000646,i001445"
u041964,"i001069,i000481,i001952,i000947,i000931,i000909,i001663,i000661,i001445,i001455"
u041966,"i000481,i001922,i001952,i000695,i001663,i001240,i000661,i001455,i000554,i001069"
u041967,"i000481,i001952,i001038,i001663,i000661,i000521,i001069,i000646,i000554,i000909"
u041968,"i000909,i000481,i001069,i001663,i001952,i001445,i000521,i001478,i000661,i001914"
u041973,"i000481,i000909,i001069,i001952,i000521,i001663,i000947,i000342,i000661,i000554"
u041975,"i000481,i000521,i001952,i001069,i000661,i000342,i000909,i000554,i000947,i001663"
u041976,"i001069,i000481,i001952,i000947,i000909,i001663,i000521,i000661,i000342,i001713"
u041978,"i000481,i001069,i000909,i001952,i000521,i001663,i000947,i000661,i000342,i000695"
u041984,"i000481,i001069,i000909,i000554,i001952,i000521,i000931,i000342,i000947,i001949"
u041986,"i001069,i000481,i000909,i001952,i000521,i001663,i000695,i000947,i000324,i000554"
u041993,"i000481,i001663,i001952,i000661,i000521,i001478,i000554,i001038,i000342,i001445"
u041994,"i001069,i001663,i000481,i001952,i000909,i000947,i000646,i001267,i000521,i000342"
u041996,"i000554,i001240,i000956,i001191,i000481,i001143,i001949,i000695,i001717,i001455"
u042007,"i001069,i000909,i000947,i000481,i001713,i000521,i000570,i001267,i001952,i000342"
u042013,"i001069,i000481,i001952,i000909,i000661,i000521,i000947,i001663,i000342,i001922"
u042029,"i000481,i001069,i001952,i000909,i001663,i000521,i000661,i000342,i000947,i000554"
u042033,"i000481,i001952,i001069,i000695,i001663,i000661,i000909,i000554,i001240,i000521"
u042036,"i000481,i001240,i000554,i000695,i001922,i000521,i000909,i001688,i000342,i000555"
u042045,"i000481,i001069,i000521,i000909,i001952,i000342,i001663,i000947,i000661,i000554"
u042051,"i000481,i001069,i000909,i001952,i000521,i000342,i001663,i000661,i000324,i000947"
u042053,"i000481,i001069,i000909,i001952,i001663,i000521,i000947,i000661,i000342,i000646"
u042055,"i000481,i000909,i000695,i001663,i001952,i001069,i001240,i000661,i000554,i001455"
u042063,"i001069,i000481,i001952,i000909,i001663,i000661,i000947,i001922,i000521,i000342"
u042068,"i001069,i000481,i001952,i000661,i000909,i001663,i000554,i000521,i000342,i000947"
u042069,"i000481,i001949,i001069,i001952,i001663,i000646,i000554,i001038,i000521,i001046"
u042074,"i000481,i001069,i000909,i000521,i000342,i000947,i001663,i001952,i000661,i000554"
u042088,"i000481,i001069,i000909,i000521,i001952,i000554,i001663,i000342,i000661,i001240"
u042091,"i000481,i001069,i001952,i000909,i001663,i000661,i001922,i000521,i000554,i000947"
u042092,"i001069,i000481,i000909,i001914,i001649,i001952,i000521,i000947,i001087,i001663"
u042110,"i000661,i000481,i001952,i001069,i001663,i000521,i001038,i000646,i000909,i001046"
u042111,"i001922,i002009,i001682,i001335,i000977,i001240,i001801,i000200,i001595,i000006"
u042112,"i000481,i001069,i001952,i000661,i001663,i000521,i000909,i001922,i000947,i000342"
u042116,"i001069,i000481,i000909,i001952,i001663,i000947,i000661,i001455,i000521,i000695"
u042117,"i000481,i001069,i001952,i000695,i000909,i001663,i001455,i001240,i000661,i000554"
u042126,"i001069,i000909,i001445,i000481,i001952,i000947,i001663,i000661,i000931,i001713"
u042127,"i000481,i000909,i001663,i001069,i001952,i000554,i001455,i001445,i001240,i000342"
u042139,"i001682,i001922,i002009,i001151,i000200,i001335,i001595,i001240,i002056,i000282"
u042148,"i001038,i000481,i001952,i001069,i000646,i001663,i000909,i000661,i000207,i001046"
u042154,"i000521,i000481,i001875,i000342,i000661,i001952,i000618,i001069,i000646,i000554"
u042158,"i001914,i000909,i001649,i001087,i000481,i001069,i001455,i000554,i001952,i001143"
u042168,"i000324,i000110,i000555,i000898,i000327,i000481,i000909,i001952,i001069,i000877"
u042174,"i000481,i000909,i001069,i000521,i000342,i000947,i001952,i001663,i000661,i000207"
u042179,"i000481,i000909,i001952,i001038,i001663,i001478,i000661,i001069,i001046,i000521"
u042183,"i000554,i001949,i001191,i000481,i001445,i001069,i000909,i000646,i001663,i001952"
u042197,"i000481,i001952,i001069,i000909,i001038,i001046,i000661,i001663,i000521,i000646"
u042198,"i000481,i000521,i000909,i001069,i000342,i001952,i000947,i000661,i000619,i001663"
u042201,"i001069,i000481,i000909,i001952,i000521,i000342,i000947,i001663,i000661,i000324"
u042204,"i000481,i001952,i000661,i001663,i000521,i001455,i000342,i000909,i001069,i001038"
u042231,"i000909,i000481,i001069,i001663,i000521,i000342,i001952,i000554,i000947,i001949"
u042234,"i000481,i001069,i000909,i001952,i001663,i000521,i000947,i000342,i000661,i000554"
u042239,"i001069,i000909,i001914,i000481,i001649,i001952,i000947,i001087,i000931,i001663"
u042242,"i000481,i001069,i001952,i000661,i001663,i001914,i000909,i001922,i001455,i000947"
u042249,"i001069,i001952,i000947,i000481,i000909,i001713,i000931,i001663,i000661,i001445"
u042250,"i000481,i001069,i001952,i000661,i001663,i000909,i000521,i000947,i000342,i000646"
u042253,"i001455,i001710,i001673,i000805,i001445,i000968,i001952,i000554,i001949,i001046"
u042255,"i000481,i001069,i000909,i001952,i000521,i001663,i000947,i000661,i000342,i000695"
u042257,"i000481,i001069,i000909,i001952,i001663,i000661,i000947,i000521,i000342,i001455"
u042262,"i000481,i000909,i001069,i001952,i001663,i000695,i000661,i001240,i000521,i001455"
u042266,"i001069,i000481,i001952,i001663,i000909,i000947,i000554,i000661,i000521,i000646"
u042267,"i000521,i000661,i000481,i000342,i000909,i001069,i001952,i000947,i000554,i000619"
u042271,"i001455,i001673,i001710,i001445,i000554,i001952,i000481,i001949,i000805,i001914"
u042278,"i000909,i000481,i000554,i000324,i001445,i001455,i001922,i001682,i001949,i001663"
u042279,"i000481,i000521,i001922,i001952,i000661,i001663,i000342,i000909,i000554,i000646"
u042282,"i000646,i000481,i001663,i001952,i000661,i001046,i000521,i001069,i001038,i000554"
u042287,"i000481,i001069,i001952,i001663,i000909,i000521,i000661,i000554,i000342,i000947"
u042291,"i000481,i000646,i001069,i001952,i001663,i001038,i000909,i000661,i000521,i001046"
u042300,"i000661,i000342,i000481,i000521,i001069,i000909,i001952,i000646,i000947,i000270"
u042303,"i001952,i000481,i001069,i000661,i001455,i001663,i000909,i000947,i001673,i001038"
u042307,"i000481,i000909,i001069,i001663,i001952,i000661,i000521,i000554,i001478,i000342"
u042311,"i000898,i000481,i000327,i000324,i000909,i000555,i001952,i000110,i001455,i001069"
u042312,"i001069,i000481,i000947,i000909,i001952,i001663,i000521,i000661,i001267,i000646"
u042313,"i001069,i000481,i000909,i001952,i000521,i000947,i001663,i000342,i000661,i000207"
u042315,"i001069,i000481,i000947,i000909,i001952,i001663,i000521,i000661,i001267,i000931"
u042322,"i001069,i000481,i000909,i001952,i000324,i000521,i000661,i000555,i000342,i000947"
u042340,"i000481,i001069,i001952,i000661,i001663,i000342,i000909,i000521,i000947,i001478"
u042347,"i000481,i001069,i000909,i001952,i000521,i001663,i000342,i000661,i000207,i000947"
u042348,"i001069,i000481,i000909,i000947,i001952,i000521,i001663,i000342,i000661,i001267"
u042354,"i000555,i000324,i000481,i001069,i000909,i001952,i000110,i000342,i001151,i001663"
u042359,"i000947,i001069,i001267,i000342,i000570,i000521,i000481,i001952,i000661,i001663"
u042364,"i000481,i001952,i001069,i000909,i000521,i000661,i001663,i001038,i000554,i000646"
u042365,"i001069,i001713,i000909,i000947,i000481,i001952,i001007,i000931,i000570,i001908"
u042368,"i000481,i001069,i001952,i000521,i000909,i001663,i000342,i000661,i000947,i000554"
u042370,"i001069,i000481,i000909,i001952,i001663,i001046,i000646,i001445,i001478,i000947"
u042373,"i000481,i001455,i000909,i001952,i001069,i001673,i001663,i001710,i000661,i001445"
u042375,"i000909,i000481,i001069,i000521,i000342,i001952,i000947,i001663,i000661,i000207"
u042376,"i000481,i000909,i001663,i001069,i001952,i000695,i001914,i001455,i000661,i000554"
u042378,"i001455,i001673,i001710,i001445,i001952,i000805,i000661,i000554,i001914,i001949"
u042379,"i001952,i000481,i001455,i000661,i001673,i001069,i001710,i001663,i000554,i001445"
u042386,"i000324,i000555,i000110,i000327,i000898,i000877,i000481,i001914,i001952,i000909"
u042387,"i000481,i001069,i000909,i001952,i001663,i000947,i000521,i000661,i000342,i000646"
u042388,"i000695,i000481,i001069,i000909,i001049,i001455,i001240,i001952,i001663,i001445"
u042392,"i000481,i001069,i000909,i001952,i001663,i000695,i000521,i000661,i000947,i000554"
u042394,"i000554,i001445,i001455,i000661,i001143,i001922,i001949,i001069,i000481,i000956"
u042396,"i000481,i001069,i001952,i000661,i000909,i000521,i001663,i001455,i000947,i001038"
u042397,"i001875,i001069,i000481,i000618,i001952,i000947,i001508,i000521,i000661,i001296"
u042398,"i000481,i001069,i000909,i000521,i001952,i000342,i001663,i000947,i000661,i000554"
u042401,"i000909,i000481,i001069,i001952,i000521,i000342,i000646,i000661,i001663,i001038"
u042407,"i001143,i000554,i001069,i000481,i001445,i001952,i000661,i001455,i001753,i001663"
u042410,"i000481,i001069,i000909,i001952,i000521,i001663,i000947,i000342,i000661,i000554"
u042413,"i000481,i001069,i000909,i000521,i001952,i001922,i001663,i000342,i000661,i000554"
u042437,"i000481,i001753,i001663,i000695,i001240,i001952,i001069,i001455,i000661,i001478"
u042448,"i001151,i000282,i001515,i001026,i001320,i000360,i002056,i000317,i001682,i001922"
u042455,"i001069,i000481,i000909,i001952,i000521,i000342,i000947,i000324,i000661,i001663"
u042456,"i000909,i001922,i001455,i001710,i000481,i001673,i001914,i000324,i000554,i001952"
u042458,"i000481,i001069,i000521,i000909,i000342,i001952,i001663,i000661,i000947,i000646"
u042460,"i000342,i000481,i000521,i001952,i001069,i000661,i000909,i000947,i001663,i000619"
u042469,"i001069,i001508,i001753,i001952,i001906,i000325,i000481,i001267,i000947,i000548"
u042477,"i001069,i000481,i001952,i000909,i000661,i001455,i000554,i001445,i001663,i000521"
u042478,"i001069,i000481,i000909,i000947,i001952,i001663,i000521,i000661,i000342,i000931"
u042479,"i001069,i000481,i000909,i001952,i000947,i000521,i001663,i000342,i000661,i000646"
u042492,"i000324,i000555,i000909,i000481,i001952,i000327,i000898,i000110,i001069,i000661"
u042493,"i000481,i000909,i001952,i000521,i001922,i001069,i001663,i000661,i000342,i000554"
u042500,"i000481,i001069,i000909,i001952,i001663,i000695,i000947,i000521,i000661,i000554"
u042502,"i000481,i000661,i001455,i000521,i001952,i000909,i000554,i000555,i001445,i001673"
u042503,"i001046,i001952,i000481,i000646,i001663,i001069,i001478,i001455,i000661,i000909"
u042505,"i000481,i001069,i000521,i000909,i001952,i001663,i000342,i000661,i000947,i000554"
u042510,"i000481,i001069,i000909,i001952,i000521,i001663,i000661,i000342,i000554,i000646"
u042511,"i000481,i000909,i001069,i001952,i000521,i001663,i000342,i000661,i000555,i000324"
u042514,"i000481,i000909,i001069,i001952,i000521,i000661,i000554,i001455,i001922,i001663"
u042520,"i001069,i000481,i000909,i000947,i001952,i001663,i000521,i001267,i000646,i000661"
u042522,"i000481,i001069,i001663,i001952,i000909,i000554,i000956,i001240,i000695,i000521"
u042529,"i001069,i000481,i000909,i001952,i001663,i000521,i000947,i000661,i000342,i000207"
u042535,"i000481,i001069,i001922,i001952,i001663,i000909,i000661,i000521,i001445,i000646"
u042537,"i000481,i000909,i001069,i000521,i001663,i000342,i001952,i000554,i000646,i000661"
u042540,"i000481,i001952,i001663,i000909,i001038,i001069,i000554,i000521,i000661,i001478"
u042543,"i001952,i000481,i001663,i001455,i001038,i000661,i001046,i001478,i001069,i000646"
u042544,"i000481,i001069,i000521,i001952,i000909,i000661,i001663,i000947,i000342,i000646"
u042549,"i000521,i000481,i000342,i000909,i001952,i000661,i001069,i000646,i001663,i000554"
u042555,"i000481,i001952,i001663,i000909,i001069,i001038,i000661,i001478,i000521,i000646"
u042560,"i001069,i000481,i000554,i001952,i001143,i000909,i000521,i000661,i000947,i001949"
u042561,"i000481,i000909,i000695,i001240,i001952,i001663,i000554,i001455,i001922,i001445"
u042563,"i000481,i000909,i001069,i000521,i000342,i001952,i000661,i001663,i000554,i001922"
u042580,"i001069,i000481,i000521,i001952,i000342,i000947,i000909,i001663,i000661,i001267"
u042586,"i001069,i000481,i000909,i001952,i000521,i001663,i000947,i000342,i000661,i000646"
u042587,"i001922,i001682,i002009,i000977,i001240,i001335,i000695,i000200,i001595,i001151"
u042610,"i001914,i000554,i001455,i000481,i001649,i001949,i001673,i001087,i001445,i001143"
u042620,"i001069,i000481,i000909,i000521,i001952,i000342,i000947,i001663,i000324,i000661"
u042622,"i000481,i000909,i001952,i000521,i001069,i000342,i001663,i000661,i000947,i001949"
u042626,"i001069,i001952,i000481,i000909,i001445,i001663,i001455,i000661,i001038,i000521"
u042633,"i000481,i001455,i001922,i000909,i000324,i001952,i000555,i001445,i001069,i001710"
u042635,"i000481,i001069,i001952,i000909,i000661,i000521,i001922,i001663,i000947,i001455"
u042638,"i000481,i001069,i000909,i001952,i001663,i000947,i000521,i000661,i000554,i000646"
u042640,"i000481,i001069,i000695,i001952,i000909,i001663,i001240,i001922,i001914,i001049"
u042642,"i000481,i000695,i001952,i001663,i000554,i001240,i000661,i001069,i001688,i001445"
u042646,"i000555,i000324,i000909,i000481,i000554,i000521,i000342,i001952,i001663,i000661"
u042648,"i000909,i000481,i000324,i000521,i000342,i001069,i000555,i001952,i000554,i001663"
u042653,"i000481,i001069,i000909,i001952,i001663,i000695,i001445,i001455,i000324,i000554"
u042654,"i000481,i001952,i001069,i001663,i000695,i000661,i000909,i001240,i001455,i001922"
u042659,"i000481,i001952,i001069,i001663,i000909,i000661,i001922,i000695,i001455,i001445"
u042672,"i000324,i000555,i000327,i000898,i000110,i000909,i001134,i000877,i000481,i001922"
u042673,"i001455,i001710,i001673,i001445,i000805,i001952,i001069,i000909,i000968,i001949"
u042675,"i000481,i001663,i000909,i000521,i000661,i000342,i001952,i001069,i001478,i000646"
u042681,"i000481,i001663,i000342,i001922,i000554,i001240,i001952,i000909,i000661,i000695"
u042684,"i000481,i000909,i000521,i000646,i001663,i001952,i001069,i000342,i001038,i000661"
u042687,"i000554,i000956,i001143,i001240,i001786,i001191,i001949,i001922,i000521,i000481"
u042689,"i000481,i000521,i001069,i001952,i000342,i000909,i001663,i000554,i000661,i001922"
u042694,"i001069,i000481,i000909,i001952,i000947,i000661,i001663,i000521,i000342,i001455"
u042700,"i000481,i000554,i001240,i000909,i000324,i001143,i001949,i000521,i000555,i001069"
u042704,"i000481,i000695,i000909,i001663,i001069,i001240,i001952,i001455,i001049,i000554"
u042707,"i001069,i000481,i000521,i001952,i000909,i000947,i000342,i000661,i001663,i000554"
u042713,"i000909,i000481,i001069,i001952,i000661,i000521,i000947,i001038,i001663,i000207"
u042715,"i000481,i001952,i000554,i001663,i000909,i000521,i000342,i000661,i000555,i000324"
u042718,"i001914,i001087,i000909,i001649,i001069,i000481,i000947,i001445,i001663,i000661"
u042723,"i000481,i000521,i000909,i001952,i000342,i001663,i001038,i001069,i000661,i001478"
u042727,"i000909,i000481,i001069,i001952,i000521,i000947,i000661,i000342,i001663,i001038"
u042728,"i001663,i000481,i001478,i000646,i001069,i001952,i000909,i001038,i001240,i001445"
u042729,"i000481,i000554,i001445,i001455,i000661,i001663,i001240,i001143,i001046,i000956"
u042736,"i000324,i000555,i000909,i000898,i000327,i000110,i000481,i001069,i000342,i000521"
u042741,"i000481,i001240,i000695,i000554,i001663,i001949,i001688,i000956,i000521,i000058"
u042742,"i001151,i000282,i001515,i000555,i000360,i001026,i001682,i001320,i001922,i002009"
u042747,"i000481,i001069,i001952,i000909,i000521,i000661,i001663,i000646,i001038,i000207"
u042750,"i000481,i000909,i001069,i000695,i001663,i001952,i000661,i001240,i000521,i001922"
u042758,"i000481,i001069,i001952,i001663,i000909,i000661,i000521,i000554,i000646,i000342"
u042767,"i000481,i000909,i001240,i001663,i000554,i001922,i000695,i000324,i001952,i001445"
u042768,"i000481,i001922,i000909,i001952,i001069,i001663,i001455,i000324,i000661,i001240"
u042789,"i000554,i000282,i001143,i000909,i001922,i000481,i001151,i001335,i000521,i001949"
u042790,"i000481,i001069,i001952,i001663,i000909,i000661,i000521,i000646,i001038,i000207"
u042797,"i000481,i001663,i000521,i000661,i000909,i000554,i001952,i000695,i001069,i001688"
u042801,"i000481,i001952,i001069,i000909,i000661,i001455,i000521,i001663,i001038,i000554"
u042802,"i001069,i000481,i000909,i001952,i000521,i001663,i000324,i000661,i000342,i000947"
u042803,"i000481,i000909,i000342,i000521,i001952,i001663,i000661,i000554,i000324,i001922"
u042806,"i000521,i000481,i000646,i000342,i000661,i001952,i000909,i001069,i001663,i000947"
u042808,"i001478,i000481,i001069,i001952,i001663,i000909,i001038,i000661,i000947,i000342"
u042809,"i001069,i000481,i001952,i000909,i000695,i001455,i000947,i000661,i001663,i001673"
u042815,"i000481,i000521,i000909,i000342,i000661,i001952,i001663,i000554,i001069,i000555"
u042819,"i000695,i001240,i001688,i001049,i001584,i000058,i000481,i000554,i001455,i000956"
u042821,"i000481,i000909,i001069,i000521,i001952,i000342,i000661,i000324,i000947,i000555"
u042826,"i001914,i001087,i001649,i001673,i001455,i001445,i001710,i000909,i000554,i001922"
u042831,"i000481,i001952,i001069,i000909,i000661,i001663,i001455,i001038,i000521,i001478"
u042832,"i000481,i001069,i000909,i001952,i001663,i000521,i000661,i000554,i000695,i001922"
u042835,"i001455,i001673,i001710,i001445,i001952,i000554,i000805,i000481,i001949,i000661"
u042836,"i001069,i000481,i001952,i000909,i000521,i001663,i000661,i000947,i000554,i000342"
u042843,"i000695,i001688,i001049,i001584,i000058,i001462,i000401,i001240,i001922,i001778"
u042848,"i000481,i001952,i001455,i000661,i001922,i000909,i001069,i000521,i001038,i000554"
u042849,"i000909,i000481,i001069,i000342,i000521,i001952,i001663,i000661,i000947,i000207"
u042860,"i000481,i001663,i001952,i000554,i001240,i000695,i000956,i001069,i001914,i000661"
u042863,"i000481,i001069,i000909,i001952,i001663,i000947,i000521,i000661,i000342,i000554"
u042865,"i001922,i001240,i000909,i000695,i000481,i000521,i000324,i000554,i000555,i001688"
u042867,"i000909,i000481,i000521,i000324,i000555,i000342,i001922,i000554,i001952,i000661"
u042880,"i000555,i000324,i000481,i001069,i000909,i001952,i000342,i000521,i001151,i000661"
u042882,"i000695,i000481,i001922,i001240,i001049,i000909,i001952,i001455,i000554,i001663"
u042887,"i000646,i000481,i000909,i000521,i001663,i000342,i001952,i000324,i000555,i000661"
u042891,"i001069,i000481,i000947,i001952,i000909,i001663,i001713,i000521,i000661,i001267"
u042894,"i000481,i001952,i001069,i000909,i001663,i001038,i000521,i000661,i000646,i000207"
u042896,"i000481,i000646,i001069,i001663,i001952,i000521,i000909,i000661,i001038,i000342"
u042910,"i001069,i000481,i001952,i000661,i001663,i000909,i000554,i000695,i001455,i001922"
u042912,"i000646,i000909,i000481,i000521,i001663,i000555,i000324,i001922,i000554,i000342"
u042913,"i001069,i000481,i001952,i000646,i000909,i001663,i000521,i000661,i000947,i001038"
u042917,"i000481,i000521,i000554,i000661,i001663,i000342,i001952,i000646,i000909,i001949"
u042931,"i001069,i000481,i000909,i001952,i000521,i000324,i001663,i000661,i000947,i000342"
u042942,"i001240,i000695,i001922,i001688,i000481,i001049,i000909,i000554,i001584,i000324"
u042943,"i000481,i001069,i000909,i001952,i000521,i001663,i000342,i000947,i000661,i000646"
u042957,"i000342,i000909,i000521,i000481,i001069,i000947,i000661,i001663,i001952,i000554"
u042961,"i000481,i000909,i001069,i001663,i001952,i000342,i000661,i000521,i001478,i000554"
u042964,"i001069,i000481,i000947,i001952,i000521,i001663,i000909,i000661,i001267,i001914"
u042966,"i000481,i001455,i000909,i001952,i001069,i000695,i001663,i000324,i001673,i000661"
u042967,"i000481,i001069,i000909,i001663,i001952,i000521,i000661,i001922,i000342,i000554"
u042975,"i000481,i000521,i000909,i001922,i000342,i000554,i000207,i000555,i001952,i001663"
u042978,"i001069,i000661,i000521,i000481,i000947,i001952,i000270,i000909,i000342,i000646"
u042979,"i000481,i000909,i001069,i001952,i001663,i000947,i000521,i000661,i000342,i000554"
u042980,"i000481,i001069,i000909,i001952,i000521,i001663,i000342,i000661,i000947,i000324"
u042983,"i000481,i001952,i001663,i001038,i001069,i000909,i000521,i000646,i000207,i000661"
u043004,"i000661,i001952,i000481,i001455,i001710,i001445,i000521,i001922,i000909,i001673"
u043005,"i000554,i001143,i000956,i001949,i001663,i000481,i001445,i001191,i001240,i001952"
u043008,"i000481,i000909,i001069,i000521,i001952,i000342,i001663,i000947,i000661,i000324"
u043011,"i001952,i000481,i001069,i000661,i000909,i001663,i001455,i000521,i000947,i000554"
u043012,"i000481,i001952,i001069,i000909,i001663,i000661,i001922,i000521,i000554,i000646"
u043013,"i000481,i000909,i001455,i001069,i000695,i001663,i001922,i001952,i001445,i000554"
u043022,"i001952,i000481,i001069,i000661,i000909,i001663,i001038,i001455,i000521,i000554"
u043040,"i001455,i000661,i001952,i001673,i001710,i001445,i000481,i001922,i000554,i001002"
u043043,"i001922,i000481,i001240,i000695,i001663,i001049,i001455,i001914,i001952,i001445"
u043044,"i000481,i001663,i001069,i000909,i001914,i000554,i001952,i000342,i000521,i001240"
u043049,"i001952,i000661,i000481,i001069,i001455,i001663,i000947,i000521,i001673,i001046"
u043053,"i000909,i000481,i000324,i000521,i000555,i000342,i001922,i001952,i000898,i000554"
u043054,"i001445,i001455,i001314,i000481,i000554,i001478,i001663,i001710,i000661,i001682"
u043062,"i000481,i001663,i001478,i001069,i001131,i000158,i001038,i000909,i000646,i002132"
u043063,"i000481,i001069,i000909,i001952,i000695,i001663,i000661,i000521,i000554,i001240"
u043065,"i001922,i001682,i002009,i001335,i001801,i002056,i001595,i001240,i000200,i000282"
u043069,"i000481,i001952,i000695,i001069,i001922,i000661,i001455,i000909,i001663,i001240"
u043073,"i000481,i000661,i001952,i001069,i000521,i001663,i000909,i000947,i000342,i001038"
u043076,"i000481,i000909,i001069,i000521,i001952,i000342,i001663,i000661,i000947,i000555"
u043077,"i001914,i001649,i001087,i001673,i001455,i001922,i001710,i001445,i001335,i001069"
u043078,"i000481,i000521,i001069,i000342,i000909,i001952,i000661,i000947,i001663,i000554"
u043085,"i000481,i001952,i000909,i001069,i000521,i000342,i001663,i000207,i000661,i000947"
u043089,"i001922,i001682,i002009,i000481,i001335,i000977,i000342,i000909,i000521,i001151"
u043093,"i000481,i000909,i000521,i000342,i001952,i000324,i000555,i000554,i001663,i000661"
u043104,"i000481,i001240,i001922,i000554,i000695,i001952,i001663,i000956,i001688,i001445"
u043105,"i000481,i001069,i000909,i001952,i000521,i001663,i000342,i000661,i001038,i000646"
u043106,"i001069,i000481,i000909,i000947,i001952,i000521,i001663,i000342,i000661,i001713"
u043109,"i000481,i000909,i001952,i001069,i001455,i001922,i001663,i000661,i000554,i001445"
u043117,"i000324,i000555,i000909,i000481,i001069,i000898,i000110,i001952,i000521,i000327"
u043131,"i000481,i001952,i001069,i001663,i000909,i000661,i001922,i000695,i001455,i001445"
u043132,"i000554,i001455,i001445,i001191,i001673,i001949,i000956,i001143,i001240,i000481"
u043136,"i000481,i000695,i001240,i000909,i001922,i001049,i001455,i001663,i000554,i001952"
u043137,"i001922,i002009,i001682,i000977,i001335,i000006,i001595,i000200,i001801,i001049"
u043138,"i000481,i000695,i001455,i001445,i001240,i001049,i001952,i001663,i001673,i000554"
u043139,"i000481,i001069,i000695,i001952,i001663,i000909,i001240,i000661,i000646,i000554"
u043143,"i000521,i000481,i000342,i000661,i000554,i000563,i001952,i000646,i001663,i000619"
u043144,"i001663,i000481,i000646,i001069,i001952,i001478,i001038,i000909,i001046,i000521"
u043145,"i001663,i000481,i001952,i001069,i001478,i000646,i000947,i000342,i000661,i000521"
u043160,"i000327,i000324,i000555,i000110,i000898,i000909,i000481,i000877,i000521,i001952"
u043170,"i000481,i000909,i001069,i001952,i000695,i001663,i000661,i000521,i001240,i000554"
u043174,"i000481,i001069,i001952,i001663,i000909,i000695,i000661,i000554,i001240,i001445"
u043178,"i000695,i000481,i001240,i001049,i000909,i001455,i001922,i001584,i001663,i001688"
u043183,"i000909,i000481,i000324,i000521,i000555,i001922,i000342,i001952,i001240,i000898"
u043186,"i000909,i000481,i001069,i000342,i000521,i001952,i001663,i000661,i001478,i000947"
u043187,"i000646,i000518,i001922,i000481,i001753,i001508,i001663,i001952,i001445,i000661"
u043191,"i001922,i000481,i001952,i001455,i001445,i000661,i001663,i000695,i000909,i001914"
u043194,"i001922,i000695,i001801,i001240,i000058,i001688,i000554,i001049,i001786,i001191"
u043204,"i000521,i000481,i001069,i000342,i000909,i001952,i000661,i000646,i000947,i001663"
u043206,"i001069,i000481,i000909,i001952,i000521,i000947,i000342,i001663,i000324,i000661"
u043209,"i000481,i000909,i001663,i001240,i000554,i000695,i001952,i001069,i001445,i001922"
u043210,"i000481,i001069,i001952,i001663,i000909,i001038,i000646,i000661,i000521,i001478"
u043214,"i000324,i000909,i000555,i000282,i001151,i000898,i000481,i001515,i000110,i000327"
u043220,"i001069,i000481,i000947,i001952,i000909,i000661,i001455,i000931,i000521,i001663"
u043222,"i000324,i000555,i000909,i000898,i000481,i000110,i000327,i001069,i000521,i001952"
u043225,"i000481,i001069,i001952,i000909,i001663,i001455,i001038,i000661,i000521,i000207"
u043230,"i001240,i001922,i000695,i000754,i001786,i001191,i000554,i001584,i001049,i002009"
u043231,"i001922,i002009,i001240,i001682,i000695,i001049,i001335,i001786,i000977,i001151"
u043237,"i001663,i000646,i000481,i001478,i001952,i000554,i001046,i001314,i001445,i001038"
u043238,"i000481,i001069,i001952,i001663,i000909,i000521,i001038,i000207,i000661,i000947"
u043259,"i001069,i000909,i000481,i000947,i001663,i001952,i000646,i001445,i000521,i000661"
u043262,"i000481,i000342,i001952,i000521,i001069,i000909,i000661,i001663,i000947,i000646"
u043263,"i000481,i000909,i001922,i000342,i000521,i000554,i000324,i000555,i001240,i001952"
u043272,"i000481,i001069,i000909,i000695,i001952,i001663,i000661,i001455,i000324,i001922"
u043294,"i000481,i001069,i000909,i001952,i001663,i000947,i000521,i000342,i000661,i000554"
u043296,"i001455,i001952,i001673,i000481,i001710,i000661,i001069,i001445,i000909,i000554"
u043299,"i000909,i000481,i000521,i000342,i000554,i000555,i000324,i001922,i001663,i001952"
u043301,"i000481,i001069,i000909,i001952,i001663,i000947,i000661,i000521,i000342,i000554"
u043306,"i000481,i001069,i000909,i001952,i000521,i001663,i000661,i000342,i000947,i000554"
u043314,"i001240,i001922,i000695,i001688,i001049,i000909,i001584,i001786,i000754,i000481"
u043317,"i000481,i001069,i000909,i001952,i000521,i000324,i000342,i000555,i001663,i000661"
u043322,"i000481,i000909,i001069,i001952,i001455,i001663,i000695,i001445,i000554,i000661"
u043324,"i000481,i001069,i000909,i000521,i000342,i001952,i000661,i000947,i001663,i000554"
u043325,"i001922,i001952,i000481,i001455,i000661,i001682,i001914,i000695,i001673,i001069"
u043330,"i001922,i000200,i001682,i002009,i001240,i001335,i000058,i000695,i001595,i001049"
u043332,"i000481,i000521,i000909,i001952,i000646,i000661,i000342,i000207,i001922,i001663"
u043343,"i000481,i000909,i001952,i000555,i001922,i000324,i000521,i001151,i000661,i001069"
u043344,"i000481,i000521,i001952,i001069,i000342,i000909,i001663,i000661,i001922,i000554"
u043349,"i001069,i000909,i001952,i000481,i000555,i000521,i000324,i000661,i000947,i000554"
u043352,"i001069,i000481,i001952,i000947,i001663,i000909,i000661,i001455,i000646,i000521"
u043355,"i000481,i001069,i001952,i001663,i000909,i000661,i000521,i000947,i000695,i000554"
u043360,"i001151,i000282,i001515,i001026,i000360,i001320,i000555,i001922,i001682,i000317"
u043366,"i000481,i001069,i001952,i000909,i000521,i000947,i000661,i001663,i001455,i000342"
u043371,"i000481,i000695,i001663,i001069,i001952,i000909,i000521,i001455,i000661,i001240"
u043378,"i000324,i000110,i000555,i000481,i000898,i000909,i001952,i000327,i000521,i000877"
u043379,"i000481,i001069,i001952,i000521,i000909,i000661,i001663,i000947,i000342,i001038"
u043382,"i000554,i001143,i001240,i001949,i000481,i001922,i000521,i000661,i000909,i000956"
u043383,"i000481,i001069,i001952,i000909,i000661,i001663,i000521,i001455,i000947,i000554"
u043392,"i001949,i000554,i001455,i000481,i001191,i001143,i001240,i001673,i000652,i001445"
u043394,"i000481,i001952,i000661,i001663,i001038,i000521,i000554,i001455,i000646,i001445"
u043401,"i000909,i000481,i001069,i001663,i000521,i001952,i000554,i001038,i001914,i000342"
u043404,"i001922,i002009,i001240,i000695,i001049,i001682,i001688,i001786,i001335,i001801"
u043407,"i000481,i000521,i000909,i000342,i001952,i000661,i001663,i001069,i000554,i000646"
u043408,"i000481,i001922,i001455,i000661,i001952,i001445,i000554,i001663,i001240,i001914"
u043410,"i000481,i001952,i000909,i001069,i000521,i001663,i000661,i000555,i000646,i000342"
u043418,"i001240,i001922,i000695,i000909,i001049,i001786,i000754,i001688,i000481,i000554"
u043420,"i001069,i000481,i000909,i001952,i000521,i000324,i001663,i000342,i000947,i000661"
u043428,"i001952,i000481,i000661,i001219,i001663,i000521,i001046,i001455,i001038,i000554"
u043429,"i000481,i000695,i000909,i001952,i001922,i001240,i001663,i001455,i001049,i001069"
u043436,"i000481,i001478,i001952,i001663,i001445,i001069,i001046,i000909,i001455,i000661"
u043438,"i000481,i000909,i000521,i000342,i001922,i000554,i001663,i001952,i001069,i000661"
u043439,"i000481,i000521,i001952,i001069,i000342,i000909,i000661,i001663,i000947,i000554"
u043440,"i000481,i000695,i001952,i001663,i000554,i001069,i000909,i001240,i000661,i000521"
u043444,"i000909,i000481,i000521,i000342,i001952,i000555,i001922,i000324,i001663,i001069"
u043450,"i001069,i000481,i001952,i000661,i000947,i000909,i000521,i001663,i000646,i000342"
u043460,"i000481,i000909,i001069,i000521,i000342,i001952,i001663,i000324,i000555,i000661"
u043465,"i000324,i000555,i000898,i000110,i000327,i000909,i000481,i000877,i001952,i000521"
u043466,"i001069,i001952,i000481,i000909,i001455,i000661,i001922,i000554,i001673,i000947"
u043467,"i000481,i001069,i000909,i000521,i001952,i001663,i000342,i000947,i000661,i000554"
u043470,"i000909,i000481,i001069,i000521,i001952,i000324,i000661,i000342,i001663,i000947"
u043472,"i000554,i001191,i000956,i001143,i001949,i001455,i001240,i001786,i001445,i001717"
u043476,"i000481,i000661,i001952,i000521,i001663,i000342,i000909,i000554,i001445,i001455"
u043477,"i000909,i000481,i000324,i000521,i000342,i001922,i001240,i000555,i000554,i001663"
u043489,"i000481,i000521,i001952,i001069,i001663,i000661,i000342,i000554,i000909,i000646"
u043490,"i000481,i001952,i001069,i000909,i000661,i001663,i001922,i000695,i001455,i001914"
u043492,"i000481,i001069,i000909,i001952,i000521,i001663,i000947,i000661,i000342,i000554"
u043497,"i001753,i000325,i001906,i001508,i000342,i000977,i001922,i000518,i000661,i000554"
u043499,"i000909,i000481,i000521,i000324,i000555,i000342,i001952,i000661,i000554,i001069"
u043502,"i000481,i000909,i001952,i001069,i001663,i000521,i000554,i000661,i000555,i001922"
u043505,"i001914,i001649,i000909,i000481,i001087,i001069,i001952,i000521,i000554,i001922"
u043506,"i001922,i000977,i000521,i000342,i000554,i001240,i000481,i001786,i000909,i000695"
u043511,"i000898,i000324,i000327,i000110,i000555,i000481,i000877,i001952,i001516,i000909"
u043513,"i000481,i000342,i000521,i000661,i001952,i001069,i001663,i000909,i000646,i000947"
u043514,"i001069,i000481,i000909,i001952,i000521,i001663,i000947,i000342,i000324,i000661"
u043515,"i001296,i000521,i000481,i000342,i000661,i000618,i000619,i001952,i000909,i000563"
u043520,"i000481,i001069,i000909,i000158,i000521,i001952,i001663,i000342,i000947,i000554"
u043529,"i000481,i001922,i001663,i000909,i001952,i000661,i001914,i001445,i001455,i000554"
u043540,"i000481,i001952,i000618,i000521,i001875,i001455,i001069,i001296,i000554,i001038"
u043549,"i000324,i000555,i000909,i000898,i000481,i000695,i000110,i001922,i001240,i000327"
u043554,"i000909,i000481,i000324,i000521,i000555,i001922,i000695,i001952,i000342,i000554"
u043561,"i001069,i000481,i000909,i000947,i001713,i001952,i000931,i000570,i000342,i000521"
u043566,"i000695,i001922,i001240,i001688,i001049,i001584,i000909,i000058,i000481,i000521"
u043569,"i001049,i000695,i001688,i001584,i001240,i000058,i001922,i001462,i000401,i001786"
u043570,"i001922,i000481,i000521,i001240,i000909,i000695,i000342,i000554,i000555,i001688"
u043576,"i000481,i001952,i001663,i000661,i001069,i000909,i000521,i001478,i000646,i001914"
u043579,"i000481,i001069,i000521,i001952,i000909,i001663,i000661,i000646,i000342,i000947"
u043580,"i001069,i000481,i000909,i001952,i000521,i000947,i000342,i000661,i001663,i000324"
u043583,"i000909,i000481,i000324,i001922,i000521,i000555,i000342,i001240,i000554,i000695"
u043584,"i000909,i000481,i001069,i000521,i000342,i001952,i001663,i000324,i000554,i000555"
u043590,"i000481,i000909,i001069,i000521,i001663,i000342,i001952,i000554,i001038,i000646"
u043591,"i001049,i000695,i001688,i001584,i001240,i001922,i000058,i001462,i001786,i000977"
u043596,"i001069,i000481,i000947,i000909,i001952,i000521,i001663,i000342,i001267,i000931"
u043597,"i000695,i000058,i001584,i001049,i001688,i001462,i001240,i000401,i001922,i000931"
u043599,"i000481,i000909,i001038,i000521,i001952,i001663,i000342,i001069,i001478,i000207"
u043602,"i000898,i000324,i000327,i000481,i000110,i000909,i000555,i001952,i000877,i000342"
u043610,"i001240,i000695,i001922,i001688,i001584,i000754,i001049,i000058,i001786,i001191"
u043611,"i000481,i001069,i001952,i001663,i000909,i000521,i000661,i000554,i000646,i000342"
u043620,"i000695,i001240,i001688,i001049,i001922,i001584,i000058,i000754,i001786,i000554"
u043638,"i000695,i001240,i001688,i000481,i001049,i001584,i001663,i000909,i000058,i001455"
u043641,"i001922,i002009,i001682,i001151,i001240,i001335,i000481,i000977,i000342,i000695"
u043642,"i000695,i001240,i001922,i001688,i001049,i001584,i000058,i000481,i001786,i002009"
u043646,"i000805,i001445,i001455,i001069,i001673,i001952,i001710,i001663,i000554,i000251"
u043647,"i001240,i001922,i001191,i000754,i001786,i000695,i000554,i001143,i001949,i000200"
u043651,"i001952,i000481,i000661,i001455,i001663,i001069,i000554,i000909,i000521,i001038"
u043668,"i000554,i000481,i000521,i001143,i000661,i000342,i001949,i001952,i000909,i001455"
u043673,"i000555,i000324,i000909,i000481,i000521,i000110,i000342,i000554,i000327,i001922"
u043675,"i001508,i001753,i000481,i000909,i001952,i000324,i000555,i001663,i001069,i001711"
u043676,"i001922,i001240,i000695,i001688,i001049,i000909,i001584,i000481,i001786,i000754"
u043677,"i001663,i000481,i001240,i001688,i000646,i000695,i000521,i000909,i001952,i000554"
u043678,"i000481,i000909,i001922,i000554,i000521,i001952,i001038,i000646,i001949,i001663"
u043682,"i001240,i001786,i000754,i001143,i000554,i001922,i001914,i000695,i001191,i001949"
u043687,"i000342,i000481,i000521,i000909,i001663,i001952,i000555,i000661,i000646,i000324"
u043688,"i000481,i000909,i001069,i000521,i000342,i001952,i001663,i000324,i000947,i000646"
u043694,"i000481,i001952,i000661,i001445,i001046,i001663,i000646,i001038,i000909,i002146"
u043695,"i001069,i000481,i000909,i001952,i000947,i000661,i000324,i001663,i000521,i001455"
u043703,"i001240,i001922,i000695,i000754,i001191,i001786,i000554,i001584,i001688,i000200"
u043704,"i000481,i001952,i001069,i000909,i000661,i000521,i000555,i000324,i000554,i000342"
u043715,"i000909,i001069,i000481,i001952,i000521,i000342,i000947,i001663,i000661,i000324"
u043725,"i001688,i000695,i001049,i001584,i000058,i001240,i001462,i000401,i001350,i001922"
u043738,"i000481,i001240,i001922,i000554,i000909,i000521,i000695,i000342,i001688,i001663"
u043741,"i000909,i000481,i001922,i000324,i001240,i000521,i000554,i000555,i000342,i001949"
u043744,"i000695,i001049,i001688,i001584,i000058,i001462,i001240,i000401,i001922,i000623"
u043747,"i001069,i000481,i001952,i000909,i000661,i000947,i001663,i000521,i001914,i000554"
u043752,"i000324,i000481,i000909,i001922,i000555,i000342,i000521,i000898,i001952,i000554"
u043756,"i000909,i000521,i000481,i000342,i000324,i000554,i001922,i000555,i000661,i001952"
u043761,"i000324,i000898,i000327,i000555,i000110,i000909,i001922,i000481,i001134,i000745"
u043762,"i001688,i000695,i001049,i001584,i001240,i000058,i000401,i001350,i001922,i001462"
u043763,"i000554,i001240,i001786,i001191,i000695,i000754,i001949,i001922,i001688,i001143"
u043765,"i000909,i001922,i000481,i000324,i000521,i000555,i000342,i000695,i001240,i000554"
u043770,"i000555,i000324,i000909,i000110,i000481,i000521,i000327,i000342,i000554,i000898"
u043780,"i000481,i000909,i000521,i001922,i000342,i000324,i000554,i001952,i000555,i001663"
u043781,"i000909,i000481,i000342,i000521,i001952,i000661,i000554,i001663,i001069,i000619"
u043786,"i001584,i000695,i001049,i001688,i000401,i000058,i001240,i001462,i001778,i001877"
u043791,"i001914,i001649,i001087,i001455,i001673,i001710,i001445,i000481,i001240,i000554"
u043797,"i001922,i000695,i001240,i000909,i000481,i000521,i000324,i000555,i000554,i001688"
u043804,"i001922,i001240,i000695,i000909,i000481,i001049,i001688,i000324,i000554,i000521"
u043808,"i001952,i000481,i000661,i001069,i000521,i000342,i001455,i000909,i001663,i001046"
u043809,"i000521,i000481,i001922,i000342,i000977,i000909,i000661,i000554,i001663,i001952"
u043813,"i000481,i000909,i000521,i001922,i000342,i000695,i000555,i001240,i001952,i000324"
u043818,"i000695,i001049,i001584,i001688,i001462,i000058,i001240,i000401,i001922,i000623"
u043841,"i000909,i000481,i000521,i001069,i001952,i000342,i000661,i001663,i000554,i000555"
u043845,"i000695,i001240,i001922,i000481,i001688,i000909,i001049,i000554,i000058,i000521"
u043854,"i000909,i000324,i000555,i000481,i001922,i000521,i000695,i000554,i001240,i001952"
u043861,"i000909,i001922,i000481,i001240,i000521,i000324,i000695,i000342,i000555,i000554"
u043873,"i001922,i001240,i000695,i000481,i000909,i001688,i001049,i000521,i000324,i000554"
u043889,"i000481,i001922,i001240,i000909,i000695,i000554,i000521,i000342,i000324,i000555"
u043895,"i000481,i000521,i000909,i001952,i000342,i000555,i001663,i000661,i000554,i001069"
u043899,"i001922,i000909,i001240,i000481,i000324,i000521,i000554,i000342,i001786,i000555"
u043900,"i000898,i000481,i000521,i000342,i000324,i001952,i000909,i000555,i000327,i001663"
u043902,"i000327,i000898,i000110,i000324,i000555,i000909,i001134,i000481,i000695,i001516"
u043905,"i000909,i000481,i000324,i000342,i000555,i000521,i001922,i000554,i000661,i001952"
u043907,"i000481,i000909,i000521,i000342,i001663,i001952,i001069,i000554,i000324,i000661"
u043916,"i000481,i000909,i000695,i001922,i001240,i000521,i001952,i000554,i001688,i001663"
u043939,"i001949,i000481,i000909,i000554,i001952,i000342,i000521,i001663,i001455,i001143"
u043940,"i000909,i000481,i000521,i000342,i001952,i001478,i000554,i001069,i001663,i001922"
u043953,"i001952,i000481,i001455,i000661,i001069,i001663,i001673,i001046,i001445,i000554"
u043955,"i000909,i000481,i000342,i000521,i000555,i001922,i000324,i000554,i001240,i001663"
u043963,"i001688,i001049,i000695,i001584,i001240,i000058,i000401,i001350,i001462,i001922"
u043964,"i000481,i000909,i000521,i000646,i000342,i001663,i001952,i001038,i000554,i000324"
u043969,"i001922,i000481,i000342,i000909,i000521,i000324,i001240,i000554,i000555,i000977"
u043970,"i000909,i000481,i001922,i000521,i000342,i000324,i000554,i001240,i001949,i000555"
u043972,"i001922,i000481,i000695,i001240,i001688,i000909,i000554,i000324,i001151,i001952"
u043975,"i001922,i001801,i001021,i000282,i000360,i001151,i000909,i001320,i001240,i002009"
u043979,"i001753,i001508,i001455,i001922,i000518,i001710,i001673,i001952,i000325,i000481"
u043985,"i000695,i001688,i001049,i001584,i001462,i000058,i001240,i000401,i001922,i000360"
u043996,"i000481,i000909,i000324,i000521,i000555,i000342,i001922,i000554,i001952,i001949"
u043997,"i000909,i000481,i000521,i000342,i000555,i000324,i001952,i001069,i000661,i001663"
u043999,"i000481,i001663,i000909,i001952,i000521,i000342,i000646,i001478,i000661,i000554"
u044001,"i000481,i000695,i001952,i001663,i000554,i001069,i000909,i001240,i000661,i000521"
u044004,"i000481,i001952,i001038,i000909,i000521,i001069,i000646,i000661,i001663,i000207"
u044005,"i000909,i000481,i000521,i000342,i001663,i001952,i001069,i000554,i000555,i001922"
u044009,"i001069,i000481,i001952,i000909,i000521,i000342,i000947,i000661,i001663,i000554"
u044017,"i000481,i000909,i000521,i000554,i001038,i001949,i000342,i001922,i001240,i000646"
u044032,"i001922,i000554,i001240,i000695,i001584,i001786,i001049,i000058,i002009,i001801"
u044036,"i000220,i000251,i000695,i000554,i001584,i001240,i000058,i001688,i000754,i001786"
u044053,"i000481,i000909,i001922,i000521,i000324,i000342,i000555,i000554,i001952,i001663"
u044055,"i001922,i001335,i001682,i001240,i000977,i002009,i000200,i000554,i001786,i001143"
u044059,"i000695,i001240,i001922,i000481,i001688,i000521,i000554,i000909,i000342,i000754"
u044062,"i000909,i000481,i000324,i000521,i001922,i000555,i000342,i000554,i001663,i001038"
u044066,"i001455,i001673,i001710,i000554,i001445,i000931,i000805,i001949,i000968,i001952"
u044067,"i001922,i001240,i001688,i000695,i001049,i000058,i001584,i000521,i000481,i000554"
u044072,"i000481,i001922,i000909,i000521,i000342,i000324,i000555,i000695,i001663,i000977"
u044073,"i000481,i001069,i000909,i000521,i001952,i000342,i001663,i000661,i000947,i000554"
u044085,"i000481,i000521,i000909,i000554,i000342,i001922,i000661,i001952,i001240,i001663"
u044089,"i000481,i001069,i000909,i001952,i000521,i000342,i000661,i000947,i001663,i000646"
u044090,"i000481,i001069,i001952,i000909,i001663,i000521,i000661,i000554,i000342,i000646"
u044091,"i000695,i001688,i001049,i000058,i001584,i001240,i001922,i001462,i000401,i001786"
u044092,"i000481,i000909,i000342,i000521,i001922,i000977,i000555,i000661,i001663,i000554"
u044096,"i000481,i000909,i000521,i001952,i000661,i000342,i001069,i000324,i000554,i000555"
u044099,"i000555,i000324,i000110,i000898,i000327,i000909,i000877,i001125,i000481,i001134"
u044105,"i000327,i000324,i000898,i000110,i000909,i000695,i000555,i000481,i001922,i001240"
u044106,"i001069,i000481,i001952,i000947,i000909,i001663,i000661,i000521,i001445,i000931"
u044116,"i000481,i000521,i000909,i001922,i000324,i000342,i000555,i001240,i000898,i000695"
u044120,"i000909,i000481,i000521,i000342,i000324,i000555,i000554,i001663,i001952,i000110"
u044124,"i000909,i000481,i000324,i001922,i000521,i000555,i000342,i000695,i001240,i001952"
u044128,"i000909,i000481,i000521,i000324,i000342,i001922,i000555,i000554,i001069,i000110"
u044131,"i001350,i000754,i001688,i001786,i000695,i001922,i001240,i000110,i001584,i001595"
u044132,"i000554,i001143,i000521,i000342,i001949,i000661,i000481,i001786,i000909,i001952"
u044133,"i001922,i000695,i001240,i000481,i001688,i000909,i000521,i001584,i001049,i000324"
u044134,"i000481,i000909,i001069,i001952,i000521,i000324,i000661,i000554,i001663,i000555"
u044135,"i001240,i000695,i001922,i001049,i001688,i000909,i001786,i000754,i001584,i000481"
u044138,"i000695,i001240,i001688,i001922,i001049,i001584,i000481,i000909,i000754,i000554"
u044140,"i001335,i001682,i001922,i002009,i000200,i001595,i002056,i001113,i001240,i001151"
u044144,"i000909,i000481,i000324,i000555,i000110,i000342,i000327,i000521,i000898,i001952"
u044156,"i001069,i000481,i001049,i001952,i000695,i001922,i000947,i000521,i000909,i000661"
u044162,"i000481,i000909,i000521,i000342,i001069,i001952,i001663,i000555,i000324,i000554"
u044165,"i001922,i001240,i000695,i000909,i001786,i001049,i001688,i000754,i001584,i000481"
u044168,"i001069,i000481,i000909,i000521,i001952,i000947,i000342,i001663,i000661,i000646"
u044169,"i001922,i001682,i002009,i001335,i000695,i001049,i000977,i001240,i001801,i001595"
u044170,"i001922,i001240,i002009,i001682,i001335,i001786,i000977,i000695,i000342,i000481"
u044172,"i000481,i000909,i000521,i001952,i000342,i001038,i001663,i001069,i000646,i000554"
u044176,"i000481,i001069,i001952,i000909,i001663,i001922,i000661,i000521,i000342,i000947"
u044187,"i000481,i000521,i000909,i000342,i001922,i000554,i001240,i000324,i000555,i000695"
u044189,"i000909,i000481,i000661,i001922,i000521,i000342,i001952,i001663,i000977,i000554"
u044191,"i000695,i001688,i001584,i001049,i000058,i001240,i001462,i000401,i001350,i001922"
u044201,"i000481,i001069,i001952,i001922,i000695,i001663,i000661,i001455,i000909,i001445"
u044208,"i000909,i000481,i001753,i000324,i000521,i000555,i001922,i000342,i000695,i001508"
u044209,"i000481,i000909,i000521,i000554,i000342,i001922,i001240,i001663,i000555,i000695"
u044211,"i000695,i000481,i001049,i001069,i001240,i001688,i001455,i001584,i001663,i001952"
u044212,"i000324,i000555,i000110,i000898,i000909,i000327,i000877,i000481,i001134,i001455"
u044214,"i000481,i001240,i000695,i000521,i001688,i000909,i000554,i001922,i000342,i001952"
u044222,"i001069,i000481,i000909,i001952,i000661,i001455,i001673,i001663,i000554,i001922"
u044223,"i001069,i000481,i000947,i001952,i000909,i000661,i000521,i000570,i000931,i001663"
u044225,"i001688,i001049,i000695,i001584,i001350,i001240,i000058,i001462,i000401,i001778"
u044239,"i000554,i000909,i000481,i001455,i001949,i001922,i000521,i001663,i001240,i000695"
u044243,"i001922,i001240,i000695,i001688,i001049,i000058,i001584,i000481,i000554,i001786"
u044247,"i000481,i000342,i000909,i001922,i000521,i001240,i000646,i001663,i000554,i000324"
u044255,"i001240,i001922,i000695,i002009,i001786,i001682,i001049,i000200,i000754,i001335"
u044263,"i001049,i001688,i000695,i001584,i001240,i000058,i001922,i001462,i001786,i000401"
u044264,"i000695,i001240,i001922,i001688,i001049,i001584,i000481,i000058,i000909,i001786"
u044269,"i001922,i001240,i000695,i001682,i002009,i001049,i000200,i001786,i001335,i000977"
u044273,"i001922,i001240,i002009,i001682,i000695,i001049,i001786,i000977,i001335,i001801"
u044274,"i000909,i000695,i001922,i001240,i000481,i000324,i001049,i000521,i000554,i000555"
u044276,"i001240,i000695,i001922,i001688,i000554,i000481,i000754,i001786,i000909,i001049"
u044290,"i001069,i000481,i000909,i001952,i000521,i001663,i000661,i000342,i000947,i000646"
u044293,"i000481,i000909,i000521,i001952,i001922,i001663,i001069,i000342,i000324,i000554"
u044295,"i000481,i000521,i000909,i000342,i000554,i001922,i001952,i000646,i001663,i001949"
u044311,"i001922,i001240,i000695,i001049,i001688,i002009,i001682,i000058,i001786,i001584"
u044314,"i001478,i000909,i000481,i001663,i001069,i001952,i001445,i001038,i001046,i000646"
u044315,"i001922,i000695,i001240,i001049,i001688,i001584,i000909,i001786,i000058,i000754"
u044323,"i001069,i000481,i000909,i000947,i001952,i001663,i000521,i000661,i000342,i001267"
u044324,"i001049,i000695,i001688,i001584,i001240,i001922,i000058,i001786,i001462,i000401"
u044334,"i000481,i000909,i000324,i000521,i000695,i001922,i001240,i001952,i000555,i000554"
u044336,"i001922,i002009,i001682,i001240,i001335,i001786,i000200,i001049,i000695,i000006"
u044344,"i000909,i000481,i001922,i000342,i000324,i000521,i001240,i000554,i000695,i000555"
u044345,"i000481,i001952,i001069,i000521,i001663,i000661,i000947,i001038,i001046,i000646"
u044347,"i000695,i000058,i001584,i001049,i001688,i001240,i001922,i001462,i001786,i000401"
u044355,"i000909,i000282,i000324,i000898,i001151,i000327,i000555,i001515,i000360,i000481"
u044359,"i000909,i000481,i000324,i000554,i000555,i000342,i000521,i001922,i001663,i001240"
u044362,"i000695,i001584,i001688,i001049,i000058,i001240,i001462,i001922,i000401,i000623"
u044366,"i000481,i001952,i000521,i001069,i000909,i000661,i000342,i001663,i000646,i001038"
u044376,"i000909,i000481,i000521,i000342,i000324,i001069,i000555,i000554,i001663,i001952"
u044377,"i001922,i001240,i000695,i001688,i000481,i001049,i000554,i000909,i001584,i000521"
u044379,"i000481,i000909,i000342,i000521,i001922,i001240,i001663,i000555,i001952,i000554"
u044381,"i000695,i001688,i001922,i001240,i000481,i001584,i001049,i000909,i000058,i000521"
u044382,"i000481,i000909,i001952,i000521,i000342,i000661,i001069,i001038,i001663,i000720"
u044384,"i000554,i000481,i000909,i001455,i001240,i001949,i001143,i000695,i001952,i001191"
u044390,"i000282,i001151,i000909,i001515,i000481,i001922,i000521,i000555,i000360,i000324"
u044393,"i001350,i001688,i000754,i001786,i000695,i001584,i001922,i001778,i001049,i001595"
u044395,"i001240,i000695,i001688,i000554,i000481,i001049,i001922,i001584,i000521,i001949"
u044401,"i001151,i000282,i001515,i000555,i000360,i001682,i000324,i001922,i001069,i001026"
u044406,"i000481,i000956,i000554,i001445,i001663,i001240,i001922,i001952,i000661,i001191"
u044407,"i001240,i001922,i000754,i000695,i001786,i001191,i001584,i001688,i001049,i000554"
u044416,"i000324,i000555,i000909,i000898,i000110,i000481,i000327,i000521,i000554,i001069"
u044419,"i000909,i000481,i000695,i001922,i001240,i000324,i000521,i000554,i001663,i000555"
u044438,"i001922,i000909,i000481,i000324,i001240,i000521,i000695,i000342,i000554,i001949"
u044444,"i001922,i000695,i001240,i001049,i000909,i001688,i001584,i000481,i000058,i001786"
u044447,"i000481,i000909,i000695,i001952,i001069,i001240,i000324,i000661,i000521,i001663"
u044459,"i000251,i000695,i000220,i001688,i000754,i001240,i000058,i001584,i001049,i001786"
u044464,"i000481,i000909,i000554,i001069,i001949,i001952,i000646,i001663,i001445,i001038"
u044471,"i000481,i000521,i001952,i000661,i000342,i001663,i000554,i000909,i000646,i001069"
u044481,"i001922,i000481,i000521,i000909,i000342,i000977,i000324,i000695,i000661,i001663"
u044489,"i000481,i001445,i001069,i001952,i001663,i000661,i001478,i001038,i000909,i000646"
u044495,"i001240,i000695,i001922,i001688,i001584,i000754,i001049,i000058,i000554,i000481"
u044496,"i001240,i000481,i000909,i000521,i001922,i000695,i000554,i000342,i001688,i001049"
u044497,"i000909,i000481,i000324,i001069,i000342,i000521,i001952,i000555,i001038,i001663"
u044499,"i001952,i000481,i000661,i001663,i000342,i001455,i001069,i001002,i001046,i001710"
u044502,"i001240,i000695,i001688,i000481,i000554,i001049,i001922,i001584,i001949,i000909"
u044506,"i000898,i000324,i000327,i001455,i000481,i001952,i000110,i001673,i000909,i001445"
u044513,"i000282,i000360,i001151,i001515,i001320,i000555,i001026,i000317,i000324,i000898"
u044517,"i000481,i000909,i001069,i000521,i001952,i000342,i001663,i000661,i000947,i000555"
u044525,"i001069,i001663,i000481,i001952,i000646,i000909,i000521,i000947,i001478,i000661"
u044532,"i000481,i001069,i001952,i001663,i000909,i000661,i000521,i000947,i000342,i001914"
u044539,"i001069,i000481,i000909,i001952,i000521,i000947,i000342,i001663,i000324,i000207"
u044551,"i000481,i001069,i000909,i001952,i000521,i001663,i000661,i000947,i000342,i001038"
u044555,"i000481,i001069,i001952,i000661,i000521,i000947,i000342,i000909,i001663,i001038"
u044557,"i001069,i000481,i000909,i000521,i000947,i001952,i000342,i001663,i001914,i000661"
u044566,"i001069,i000481,i000909,i001952,i000324,i000521,i000661,i000555,i000342,i000947"
u044568,"i001069,i000481,i001952,i000909,i000661,i000947,i000521,i001455,i000324,i001663"
u044577,"i000481,i001069,i000909,i001952,i000521,i000947,i001663,i000342,i000661,i000554"
u044582,"i000805,i001455,i001445,i001710,i001673,i000554,i001191,i001046,i001952,i001949"
u044585,"i000481,i001069,i000909,i001952,i000521,i001663,i000342,i000661,i000947,i000554"
u044594,"i001069,i000481,i001952,i000661,i000947,i001663,i000909,i001914,i000521,i000342"
u044612,"i000481,i001069,i001952,i000909,i001663,i000661,i001445,i001038,i001455,i000207"
u044618,"i001069,i000481,i000947,i001952,i000909,i000521,i001663,i000661,i000342,i001267"
u044623,"i001069,i001952,i000481,i000661,i000909,i000947,i001753,i000521,i001663,i001906"
u044624,"i000481,i000554,i001663,i001069,i001952,i000661,i001143,i001949,i000646,i001445"
u044627,"i000481,i001952,i001046,i000521,i000661,i000909,i001069,i000646,i001038,i000554"
u044629,"i000909,i000481,i001069,i001952,i001663,i000521,i000661,i001753,i001455,i000342"
u044631,"i001069,i000481,i001663,i001952,i000909,i000521,i000646,i000947,i000661,i000342"
u044632,"i000481,i001922,i001952,i000661,i000521,i001663,i000909,i001069,i000554,i000342"
u044635,"i001922,i001649,i001914,i001087,i002009,i001335,i000909,i000481,i001682,i000554"
u044647,"i000481,i001069,i001952,i000909,i000521,i001663,i000207,i000661,i000646,i000947"
u044649,"i001069,i000481,i001952,i000909,i000947,i001663,i000521,i000661,i000324,i000342"
u044682,"i000481,i001922,i000909,i001952,i001663,i001455,i000695,i001914,i000661,i001069"
u044696,"i001069,i000481,i000909,i001952,i000947,i000661,i001663,i000521,i001455,i000342"
u044697,"i001922,i000481,i001952,i001914,i000695,i000554,i001663,i001455,i001240,i000909"
u044699,"i000695,i000481,i001049,i001240,i001922,i001952,i001688,i001584,i001069,i001455"
u044702,"i001069,i000481,i000909,i001952,i000521,i000947,i001663,i001922,i000661,i000324"
u044706,"i000481,i001069,i001952,i001663,i000909,i000661,i000521,i000554,i000646,i001445"
u044707,"i000481,i001069,i001952,i000661,i001663,i000909,i000521,i000554,i000646,i000947"
u044708,"i000481,i001069,i000909,i001663,i001952,i000521,i000947,i000342,i000207,i000661"
u044709,"i001508,i001753,i001069,i000481,i000661,i000325,i000518,i001906,i001952,i001455"
u044715,"i001922,i001682,i001335,i002056,i000200,i002009,i001595,i001801,i000006,i000977"
u044719,"i000481,i000909,i000521,i000324,i000342,i000555,i001952,i001069,i000110,i001663"
u044735,"i000909,i000481,i000342,i000521,i001069,i001952,i000324,i000661,i000555,i000947"
u044737,"i000324,i000110,i000555,i001069,i000909,i001952,i000481,i000898,i000327,i000877"
u044740,"i000481,i000909,i001682,i001922,i001952,i001069,i000554,i000521,i000207,i000661"
u044744,"i000695,i001584,i001049,i000058,i001688,i000401,i001240,i001462,i001922,i000554"
u044746,"i000481,i001069,i000909,i001952,i000521,i001663,i000342,i000661,i000947,i000324"
u044754,"i000481,i001952,i000909,i001069,i001455,i001663,i000661,i001922,i000521,i000554"
u044756,"i000909,i000481,i001069,i000521,i000342,i001952,i001663,i001478,i000947,i000661"
u044763,"i000481,i001069,i001952,i001663,i001038,i000646,i001478,i000909,i000521,i002132"
u044765,"i001710,i001455,i001673,i001445,i001952,i000909,i000805,i000554,i000661,i001143"
u044766,"i000324,i000555,i000909,i000110,i000898,i001151,i000481,i001952,i000282,i000327"
u044770,"i001069,i000481,i001952,i000909,i000661,i000521,i001663,i000947,i000342,i000554"
u044773,"i000481,i001069,i001663,i000909,i001478,i001713,i001952,i001038,i000342,i000646"
u044782,"i001922,i001801,i001240,i001335,i002009,i001914,i002056,i001191,i000956,i000554"
u044783,"i000481,i001069,i001952,i000909,i000521,i001663,i000947,i000342,i000661,i001038"
u044793,"i001455,i001673,i001710,i001445,i001949,i000554,i001952,i001914,i000805,i000909"
u044794,"i001069,i000481,i000909,i001952,i000947,i000521,i000661,i000342,i001713,i001663"
u044804,"i001069,i000481,i000909,i001952,i001663,i000947,i000521,i000695,i000661,i000554"
u044806,"i001069,i000481,i000909,i001952,i000521,i000947,i001663,i000342,i000661,i000207"
u044807,"i000481,i000342,i000521,i000661,i001952,i001069,i000947,i000909,i001663,i000646"
u044825,"i000481,i001069,i000909,i000521,i001952,i000324,i000342,i001663,i000661,i000555"
u044828,"i001069,i000481,i000909,i001952,i000521,i000661,i001663,i000324,i000947,i000342"
u044836,"i001069,i000909,i000481,i001952,i000521,i000661,i000324,i000207,i001038,i000720"
u044842,"i001069,i000481,i001455,i000661,i001952,i000947,i001673,i000909,i001445,i001922"
u044849,"i000909,i000481,i000324,i000555,i000110,i001069,i001952,i000898,i000521,i000342"
u044856,"i000481,i000909,i001952,i000521,i000555,i000324,i000661,i001922,i001069,i001663"
u044860,"i000481,i000521,i001069,i001952,i000554,i000909,i000661,i000342,i001445,i001038"
u044868,"i000481,i001663,i001952,i001069,i001445,i000554,i000661,i001914,i001922,i000909"
u044870,"i001922,i000481,i001069,i000521,i001952,i000661,i000909,i000342,i001663,i000947"
u044871,"i000481,i001069,i001952,i000909,i001663,i000695,i001455,i000661,i001445,i000521"
u044876,"i001455,i000481,i001922,i001673,i000695,i001952,i000324,i000909,i000661,i001710"
u044888,"i001069,i000481,i000909,i000521,i001952,i000947,i000342,i001663,i000661,i000646"
u044889,"i000481,i000909,i000521,i001069,i001952,i001663,i000324,i001922,i000342,i000661"
u044891,"i001069,i000481,i000909,i001952,i001663,i000947,i000521,i000661,i000342,i000646"
u044894,"i000481,i001069,i001952,i001663,i000909,i000661,i000521,i001914,i000554,i000947"
u044895,"i000695,i001584,i000058,i001049,i001688,i001462,i001240,i000401,i001922,i000829"
u044897,"i000110,i000324,i000555,i000327,i000898,i000877,i001952,i000481,i001134,i000909"
u044908,"i000481,i000909,i001069,i001952,i001455,i000661,i001663,i000521,i001673,i001445"
u044925,"i000481,i001069,i001952,i001478,i001663,i000909,i001038,i000661,i000521,i000646"
u044927,"i000481,i001455,i000695,i001922,i001240,i001445,i001952,i000661,i001663,i000554"
u044928,"i000360,i000282,i001515,i001151,i000317,i001320,i001069,i001462,i001026,i000931"
u044929,"i000481,i001952,i001069,i000661,i000909,i000521,i001663,i000342,i001046,i001455"
u044931,"i000481,i001069,i000909,i001952,i001663,i000695,i000947,i000521,i000661,i000342"
u044938,"i001069,i000481,i000521,i000909,i001952,i000947,i001663,i000342,i000661,i000646"
u044941,"i001478,i000481,i001663,i001445,i000909,i001069,i001046,i001952,i000554,i000646"
u044944,"i000481,i000909,i000521,i001069,i001952,i001663,i000342,i000661,i000554,i000324"
u044946,"i001952,i000481,i001069,i000909,i001663,i000661,i001038,i000521,i000947,i001455"
u044947,"i001069,i000481,i000909,i001952,i000521,i000947,i000342,i001663,i000661,i000324"
u044950,"i000481,i001952,i000521,i000661,i001069,i000342,i000909,i000947,i001663,i000646"
u044957,"i000481,i001069,i001952,i000909,i000521,i001663,i000554,i000646,i000947,i001914"
u044962,"i000481,i001069,i000909,i001952,i000555,i000324,i001663,i000521,i000554,i001922"
u044970,"i002056,i001455,i001952,i000931,i000968,i001069,i001445,i001673,i001335,i001710"
u044971,"i001914,i000909,i001649,i001069,i001087,i000481,i001455,i001673,i001445,i001753"
u044986,"i000481,i001952,i001069,i001663,i000909,i000661,i000521,i000947,i001038,i000342"
u044987,"i000481,i000909,i001952,i001069,i000324,i001922,i000521,i000661,i000555,i000342"
u044990,"i001069,i000481,i000909,i001952,i000947,i001914,i000554,i000521,i001445,i001649"
u044992,"i000481,i001069,i001952,i000909,i000521,i000947,i000661,i000342,i001663,i001038"
u044994,"i001069,i000947,i000481,i001952,i000521,i000909,i001267,i001663,i000661,i000342"
u044998,"i001952,i000481,i001069,i000661,i001455,i000909,i001663,i000521,i001673,i001038"
u045000,"i000481,i001069,i001952,i001922,i000661,i001445,i000554,i001663,i001914,i001455"
u045009,"i001673,i001455,i001445,i001710,i001952,i000554,i001949,i001914,i001069,i000661"
u045011,"i000481,i000909,i001663,i001922,i001240,i001952,i001069,i001445,i001478,i000661"
u045015,"i000110,i000324,i000555,i000898,i000327,i000909,i000481,i000877,i001151,i001134"
u045020,"i000481,i000521,i000909,i001922,i000554,i000661,i000324,i001952,i001069,i001949"
u045024,"i001952,i000481,i000248,i000661,i001069,i000909,i001663,i001002,i000342,i000521"
u045028,"i000898,i000324,i000327,i000555,i000481,i000909,i001455,i000695,i000110,i001240"
u045033,"i000481,i001952,i000909,i001663,i000521,i001240,i000554,i000661,i000695,i001069"
u045038,"i001688,i000695,i001049,i001584,i000401,i001240,i001462,i000058,i001350,i001314"
u045039,"i001049,i000695,i001688,i001584,i001922,i000058,i001240,i001462,i000401,i001786"
u045042,"i000909,i000481,i000521,i001952,i001069,i000342,i000661,i000324,i000555,i001663"
u045043,"i001455,i001445,i001673,i002146,i000554,i001710,i001046,i001952,i001914,i001949"
u045052,"i000481,i001952,i001069,i000661,i001922,i001663,i001455,i000909,i001445,i000695"
u045053,"i000481,i000909,i001455,i001952,i001663,i000554,i000695,i001922,i001240,i000646"
u045054,"i000909,i001069,i000481,i001952,i001922,i000521,i000661,i000555,i000342,i000324"
u045101,"i000481,i001069,i001478,i001952,i001663,i000909,i000342,i000521,i000661,i001046"
u045105,"i001952,i001455,i001710,i000661,i000481,i001673,i001949,i000554,i001663,i001046"
u045106,"i001069,i000481,i000909,i000947,i001952,i000661,i001663,i001455,i000521,i001445"
u045111,"i000481,i001069,i000909,i001952,i001663,i000521,i000207,i000342,i000947,i000661"
u045112,"i001922,i001240,i000481,i000695,i000909,i000324,i000554,i000521,i000555,i001688"
u045121,"i000481,i001069,i001952,i000909,i000661,i001663,i000521,i001455,i001038,i000947"
u045122,"i001069,i000481,i000909,i001952,i001663,i000521,i000947,i000342,i000646,i000207"
u045125,"i000481,i000695,i001240,i001663,i000909,i000554,i001922,i001049,i001455,i001584"
u045127,"i000324,i000555,i000110,i001134,i000327,i001151,i000909,i000521,i000877,i000760"
u045131,"i000695,i001240,i001688,i001049,i001922,i001584,i000058,i000481,i000554,i000909"
u045141,"i000481,i000909,i001069,i001952,i000695,i001663,i000661,i000521,i001240,i000554"
u045146,"i001069,i001445,i001914,i000481,i000554,i000931,i001952,i001046,i000956,i001663"
u045149,"i001914,i001087,i001649,i000481,i000909,i001069,i001808,i001445,i000661,i001952"
u045153,"i000481,i001069,i001952,i000909,i001663,i000947,i000661,i000521,i000342,i000646"
u045159,"i000481,i001069,i000909,i001952,i001663,i000521,i000661,i000695,i001922,i000554"
u045161,"i000481,i000909,i001069,i001952,i001663,i000521,i000661,i001455,i001038,i000646"
u045163,"i000554,i001143,i001240,i000521,i001922,i001949,i000909,i000481,i000342,i001786"
u045166,"i001046,i001952,i000481,i000661,i001455,i000646,i001069,i000909,i001445,i001673"
u045172,"i000695,i001688,i001584,i001952,i001049,i000481,i001922,i001240,i001069,i000058"
u045173,"i000909,i000481,i000324,i000521,i000555,i001952,i001069,i001922,i000342,i001663"
u045180,"i000481,i000909,i000342,i000324,i000521,i000554,i001922,i000555,i000898,i000327"
u045185,"i000481,i001952,i001038,i001069,i001663,i000661,i000646,i000909,i000521,i000207"
u045188,"i001069,i000481,i001151,i000554,i000947,i000342,i001952,i001663,i000521,i001884"
u045204,"i000342,i000947,i000521,i000253,i000661,i000481,i001069,i000909,i001952,i000619"
u045206,"i000481,i001952,i000661,i001663,i000909,i000646,i001478,i001455,i001038,i000521"
u045215,"i000481,i001922,i001455,i001952,i001673,i000695,i001663,i001445,i001240,i000909"
u045224,"i001922,i000481,i000521,i000342,i000909,i000977,i000554,i000661,i001663,i001240"
u045239,"i001753,i000481,i001069,i001906,i001508,i000909,i000518,i001952,i001455,i001663"
u045242,"i001069,i000481,i000909,i001952,i000521,i000324,i000342,i001663,i000947,i000661"
u045247,"i000481,i001952,i001069,i000909,i000521,i000554,i001038,i000661,i000342,i001949"
u045248,"i000481,i000909,i001069,i000521,i000342,i001952,i001663,i000947,i000661,i000554"
u045250,"i000481,i000521,i000909,i000342,i001922,i000646,i001663,i001952,i000661,i001038"
u045251,"i000481,i001952,i001069,i001663,i001038,i000909,i000661,i001455,i001478,i000646"
u045253,"i000481,i001455,i001663,i001952,i001673,i000661,i001710,i001445,i000646,i000909"
u045255,"i000554,i001143,i001949,i000481,i001952,i001455,i000661,i001191,i000521,i001445"
u045266,"i000342,i000481,i000521,i001663,i000909,i001952,i000661,i000646,i000947,i001069"
u045269,"i001069,i000481,i000909,i001952,i000521,i000342,i000661,i000555,i000947,i000324"
u045297,"i000481,i001952,i000661,i001038,i001455,i001663,i000909,i000521,i000646,i001478"
u045301,"i000481,i000521,i001952,i000342,i000909,i000661,i001922,i001663,i000324,i000554"
u045306,"i001069,i000909,i000481,i000521,i000947,i000342,i001952,i000661,i001663,i001267"
u045311,"i000481,i001069,i000909,i001952,i001663,i000521,i000661,i000342,i000554,i000947"
u045319,"i000481,i000909,i001952,i000521,i001069,i000554,i001663,i000646,i000324,i000661"
u045324,"i000909,i000521,i000481,i000324,i000342,i000555,i000554,i000898,i000110,i001952"
u045325,"i000481,i000909,i000695,i001952,i001663,i001455,i001240,i001445,i000554,i000661"
u045326,"i001069,i000481,i001952,i000909,i001663,i000661,i000947,i000521,i000342,i000554"
u045332,"i001663,i001478,i000481,i001069,i001952,i000646,i000909,i001445,i001038,i001046"
u045356,"i000481,i000909,i001069,i001663,i001952,i001455,i000554,i001922,i001240,i000646"
u045360,"i000481,i000909,i001069,i000521,i001663,i001952,i000342,i000554,i000661,i000947"
u045365,"i000909,i000481,i000342,i001069,i000521,i001952,i000207,i000324,i001663,i000661"
u045366,"i000481,i000909,i000324,i000521,i000342,i000555,i001952,i001069,i001922,i000898"
u045368,"i000909,i000481,i000521,i000324,i000342,i000555,i001069,i001952,i000554,i000207"
u045381,"i001952,i000481,i000342,i000661,i001445,i001906,i001455,i001478,i001663,i001069"
u045382,"i000481,i000909,i000521,i001069,i000342,i001952,i001663,i000324,i000661,i001038"
u045384,"i000481,i001069,i000909,i000521,i000342,i001663,i001952,i000207,i000555,i000661"
u045387,"i001753,i000481,i001952,i001069,i000661,i001508,i001663,i000909,i000342,i000521"
u045391,"i001952,i000481,i001069,i001663,i000661,i001038,i001455,i001046,i000909,i000554"
u045422,"i001069,i000481,i000947,i001952,i000521,i000909,i001663,i000661,i001455,i000554"
u045426,"i000481,i001069,i000521,i001952,i000909,i001663,i000342,i000947,i000661,i001267"
u045428,"i000481,i000909,i000324,i000521,i000555,i001922,i001952,i000342,i000898,i000554"
u045430,"i000481,i000909,i001069,i000521,i000342,i001952,i001663,i000324,i000947,i000661"
u045437,"i000481,i001952,i000521,i001069,i000909,i000661,i001038,i000342,i001663,i000646"
u045438,"i000481,i000909,i000695,i001663,i001240,i000554,i001952,i001069,i001445,i001455"
u045452,"i001143,i000554,i001914,i001455,i001949,i001069,i000909,i000481,i001952,i001673"
u045453,"i000481,i001952,i001069,i000909,i000661,i001922,i001663,i000521,i000342,i001455"
u045464,"i001191,i001240,i000956,i000554,i001717,i001949,i001786,i001143,i000695,i001688"
u045473,"i001922,i000481,i000521,i000909,i001952,i000342,i000661,i001069,i000554,i001663"
u045474,"i000481,i000342,i000909,i000521,i001663,i001069,i001952,i000661,i000947,i000646"
u045477,"i000555,i000324,i000909,i000327,i000110,i000898,i000481,i001069,i001952,i000521"
u045479,"i000342,i000481,i000521,i000909,i001952,i000661,i001663,i001069,i000947,i000646"
u045482,"i000555,i000324,i000110,i000327,i000898,i000481,i000877,i001922,i001952,i001134"
u045492,"i001922,i001240,i002009,i000695,i001049,i001682,i001786,i001335,i001688,i000200"
u045501,"i001240,i001688,i000695,i001922,i001584,i000058,i000754,i001049,i001786,i000554"
u045503,"i000909,i000324,i000481,i000521,i000342,i000661,i001952,i000555,i000554,i001922"
u045514,"i001049,i000695,i001584,i001688,i000058,i001240,i001922,i001462,i000401,i001877"
u045516,"i001069,i000909,i001713,i000481,i000521,i000947,i000570,i001952,i000342,i001267"
u045517,"i001069,i000481,i001049,i000695,i000909,i001952,i000947,i000661,i000521,i000554"
u045521,"i000481,i001069,i000909,i000521,i001952,i000342,i001663,i000947,i000661,i000324"
u045524,"i001069,i000301,i001753,i001508,i000661,i000947,i000167,i000977,i001445,i001906"
u045526,"i001688,i000695,i001049,i001584,i000401,i001240,i000058,i001462,i001350,i001314"
u045537,"i001069,i000481,i001952,i001663,i000661,i000947,i000909,i000646,i001038,i000521"
u045539,"i001240,i000695,i001922,i000481,i001688,i000909,i001049,i000521,i000324,i001151"
u045543,"i000481,i000521,i000554,i001240,i000909,i001143,i000956,i000324,i000661,i000342"
u045548,"i000282,i001151,i001515,i000360,i001026,i001922,i001320,i000317,i001682,i000555"
u045550,"i000695,i001584,i001688,i000058,i001049,i001240,i001462,i001922,i000401,i001350"
u045555,"i000324,i000555,i000110,i000327,i000898,i001134,i000909,i001069,i000877,i000481"
u045565,"i000695,i001688,i001584,i001049,i001240,i000058,i001462,i000401,i001350,i001922"
u045575,"i000481,i000521,i000342,i000909,i001952,i001663,i000661,i001069,i000324,i000646"
u045578,"i000481,i001069,i001952,i001663,i000661,i000909,i000521,i001038,i000947,i000554"
u045581,"i000646,i001688,i001952,i001049,i000695,i000481,i001046,i000521,i000661,i001584"
u045584,"i000646,i000481,i001663,i001069,i001952,i000909,i000661,i001038,i000521,i001046"
u045599,"i000481,i001952,i001069,i000909,i001478,i001663,i000661,i001046,i000521,i000646"
u045609,"i000481,i001922,i000661,i001952,i001663,i001914,i001455,i000521,i001673,i001445"
u045611,"i000481,i000554,i001952,i001069,i001949,i001455,i000909,i001663,i000521,i000661"
u045612,"i000481,i001069,i001952,i000909,i000661,i001663,i001455,i000695,i001445,i000554"
u045620,"i001922,i002009,i001682,i001240,i000695,i001049,i000481,i000977,i001335,i000006"
u045622,"i001922,i000554,i000481,i000909,i000521,i001949,i001240,i001455,i001663,i000342"
u045631,"i000554,i001143,i001949,i001191,i001445,i001240,i000956,i001455,i000909,i001786"
u045643,"i000554,i001240,i001191,i001949,i001922,i000481,i001786,i000909,i000342,i001143"
u045646,"i001069,i000481,i000909,i000521,i001952,i000947,i000342,i001663,i000661,i000207"
u045652,"i001240,i001922,i000695,i001191,i000554,i001688,i001801,i000058,i001584,i001949"
u045655,"i000324,i000555,i000110,i000909,i000327,i001069,i000481,i000898,i001952,i001134"
u045658,"i000898,i000324,i000327,i000909,i000110,i000481,i000555,i001151,i001952,i000342"
u045659,"i001952,i000481,i001069,i000661,i000521,i000947,i000342,i001663,i001455,i000158"
u045660,"i001069,i000481,i000909,i001952,i000947,i000661,i000554,i000521,i001455,i000931"
u045670,"i001069,i000481,i000909,i000947,i001952,i000521,i001663,i000342,i000661,i001267"
u045671,"i000481,i001455,i001922,i001445,i001663,i001240,i001673,i001952,i000661,i000554"
u045675,"i000481,i001069,i001952,i000521,i001663,i000661,i000947,i000909,i000342,i000554"
u045684,"i000481,i000909,i001922,i000521,i000342,i000324,i000554,i001952,i001663,i001949"
u045685,"i000481,i001069,i001952,i000521,i001663,i000909,i000661,i000342,i000554,i000947"
u045692,"i001069,i000481,i000909,i001952,i000521,i001663,i000342,i000661,i000324,i000947"
u045695,"i000481,i000909,i000521,i000342,i001952,i001663,i000646,i001069,i000207,i001478"
u045702,"i001922,i001240,i000695,i000481,i001688,i000909,i001049,i001584,i000521,i000554"
u045706,"i000521,i000481,i000342,i000909,i000554,i000661,i001952,i001663,i000646,i000555"
u045713,"i000555,i000324,i000110,i000481,i000909,i000327,i000898,i001952,i001069,i000877"
u045714,"i001069,i000481,i000909,i001952,i000521,i000324,i000342,i000661,i000555,i000947"
u045721,"i000481,i000909,i001069,i000521,i001952,i000342,i001663,i000947,i000661,i000554"
u045727,"i000909,i001922,i000695,i000481,i000521,i000661,i000554,i001688,i001952,i001455"
u045740,"i000481,i001069,i000909,i001952,i001663,i000947,i000521,i000695,i000554,i000661"
u045743,"i000481,i001069,i000909,i001952,i000695,i000947,i000661,i001663,i001455,i000521"
u045754,"i001069,i000481,i000909,i001952,i000521,i000947,i001663,i000342,i000661,i000324"
u045766,"i001952,i000661,i000481,i001455,i000521,i001069,i001663,i001038,i001673,i001922"
u045767,"i000695,i000481,i001240,i001455,i001049,i001663,i000909,i001922,i001688,i001445"
u045768,"i001240,i000695,i001922,i000481,i001688,i000554,i000909,i000521,i001049,i000058"
u045771,"i001922,i000977,i002009,i001682,i000342,i000521,i000481,i000200,i001240,i001335"
u045782,"i000521,i000481,i000342,i000909,i000661,i000554,i001952,i001663,i000646,i001949"
u045795,"i000695,i000058,i001584,i001240,i001049,i001688,i001922,i001462,i000909,i000401"
u045799,"i001922,i001049,i000695,i001682,i000058,i001240,i001584,i001688,i002009,i001335"
u045802,"i000481,i000646,i001069,i001952,i000909,i001038,i000521,i001663,i000661,i000342"
u045805,"i000909,i000481,i000324,i000521,i000342,i000555,i001922,i001069,i001952,i000554"
u045808,"i000481,i000909,i001922,i001952,i000521,i000324,i001455,i001663,i001069,i000661"
u045815,"i000481,i001922,i000695,i001455,i001240,i001445,i001049,i000554,i001952,i001688"
u045819,"i001069,i000481,i000909,i000947,i001952,i001663,i000521,i001713,i001267,i000570"
u045823,"i001922,i000695,i001240,i001688,i001049,i001584,i000058,i000481,i000909,i000554"
u045835,"i000909,i000481,i000521,i001069,i000342,i000324,i001952,i000555,i001663,i001922"
u045842,"i001922,i001240,i000695,i002009,i001049,i001786,i001682,i001688,i000977,i001801"
u045851,"i001069,i000481,i000909,i000947,i001952,i001713,i000521,i001663,i001267,i000570"
u045853,"i001922,i001240,i000695,i001049,i001688,i001786,i000909,i000754,i001584,i000481"
u045854,"i000555,i000324,i000554,i000956,i000481,i001445,i000909,i001952,i000521,i000342"
u045860,"i000481,i000909,i000555,i000521,i000324,i000554,i000342,i001952,i001240,i001922"
u045862,"i001038,i000481,i001952,i001069,i001663,i000646,i000661,i000909,i001478,i000521"
u045865,"i001952,i000661,i000481,i001046,i002146,i001445,i001002,i001455,i001663,i000521"
u045877,"i000481,i000909,i001069,i001952,i000521,i000555,i000324,i000342,i001922,i000661"
u045880,"i000909,i001922,i000481,i000695,i001240,i000324,i000554,i000521,i001753,i001478"
u045881,"i001069,i000481,i000909,i001952,i000521,i000947,i000661,i000342,i001663,i001267"
u045884,"i001922,i002009,i000695,i001682,i001240,i001049,i001688,i000200,i000058,i001584"
u045896,"i001922,i000977,i000481,i000554,i000521,i001663,i000342,i000661,i000956,i001240"
u045917,"i001922,i000481,i000909,i000521,i000342,i000977,i001240,i000695,i000554,i000324"
u045921,"i000481,i001952,i000909,i001069,i000521,i001038,i001663,i000110,i000661,i000207"
u045930,"i001922,i001240,i000695,i001049,i001688,i001786,i002009,i000058,i001682,i000754"
u045931,"i001455,i000481,i000661,i000909,i001069,i001445,i001952,i001673,i001710,i000521"
u045932,"i000481,i001069,i000909,i001952,i000521,i001663,i000947,i000342,i000661,i000646"
u045939,"i001049,i000695,i001688,i001584,i000058,i001922,i001240,i001462,i000401,i001786"
u045948,"i000554,i000481,i000909,i001445,i001069,i001952,i001455,i001478,i001663,i000521"
u045952,"i000695,i001240,i001688,i001049,i001584,i001922,i000058,i000754,i001786,i000554"
u045957,"i000695,i001240,i001922,i001688,i001049,i001584,i000481,i000058,i000909,i001786"
u045959,"i000481,i001455,i001663,i000909,i000695,i001445,i001952,i001240,i000554,i000661"
u045965,"i001922,i000909,i001240,i000481,i000695,i000521,i000324,i000342,i000555,i000554"
u045967,"i001922,i001240,i000695,i001688,i000481,i000554,i000909,i001786,i001049,i000521"
u045968,"i000695,i001240,i001688,i001922,i001049,i001584,i000754,i000058,i001786,i000554"
u045969,"i000909,i000481,i000324,i000555,i000521,i000342,i001240,i001922,i000695,i000554"
u045971,"i000324,i000555,i000909,i000898,i000327,i000110,i000481,i000521,i001922,i000282"
u045972,"i001240,i000695,i001584,i001688,i001922,i001049,i000058,i001191,i000754,i000554"
u045974,"i000481,i001069,i001952,i001663,i000521,i000909,i000342,i000661,i000947,i000646"
u045975,"i001069,i001952,i000481,i000661,i001663,i000909,i001455,i000947,i001673,i000554"
u045976,"i000909,i000324,i000555,i000521,i001922,i000342,i000554,i000481,i001753,i001949"
u045977,"i000661,i000481,i000909,i000521,i000342,i001952,i001922,i000646,i000248,i001663"
u045987,"i001922,i001240,i000695,i001049,i000909,i001688,i001786,i001584,i000058,i000481"
u045992,"i001922,i000695,i001240,i000909,i000481,i001049,i001688,i000521,i001584,i000554"
u046000,"i001922,i000909,i000481,i000324,i000521,i000342,i001240,i000555,i000554,i001949"
u046005,"i000324,i000898,i001949,i001134,i001516,i000342,i000521,i000200,i000554,i001151"
u046008,"i001952,i000481,i001069,i000661,i001663,i001455,i001038,i000909,i000521,i000207"
u046009,"i000327,i001455,i000324,i000898,i000555,i000110,i001673,i000695,i001710,i000554"
u046012,"i000481,i001952,i000158,i001663,i001069,i000646,i001038,i000661,i001046,i001478"
u046015,"i000754,i001350,i001786,i001688,i001240,i001922,i000695,i000554,i001049,i001314"
u046017,"i001922,i000481,i000661,i001952,i001663,i000909,i001069,i001914,i001445,i000342"
u046018,"i000481,i000909,i000521,i000342,i001663,i000554,i001069,i001952,i000661,i001240"
u046019,"i001455,i001952,i001673,i001710,i000661,i001069,i000481,i000909,i001445,i000554"
u046028,"i001688,i000695,i001584,i001049,i000058,i001240,i000401,i001462,i001350,i001922"
u046036,"i000481,i001069,i000695,i000909,i001455,i001952,i001663,i001240,i001673,i001049"
u046037,"i000324,i000555,i000909,i000898,i000110,i000481,i000327,i001922,i000521,i000342"
u046041,"i001069,i000481,i000909,i001952,i000661,i001455,i001922,i000947,i001663,i000521"
u046045,"i000481,i001069,i000909,i001952,i001038,i000521,i001663,i000661,i000646,i000207"
u046046,"i000481,i000909,i001952,i001069,i001455,i000324,i000555,i000521,i000661,i000554"
u046048,"i000521,i000481,i000342,i001922,i000661,i000554,i001952,i000909,i001663,i000646"
u046056,"i000555,i000324,i000909,i000521,i000342,i000110,i000327,i000481,i001125,i000554"
u046065,"i000909,i000481,i001069,i000324,i001455,i001663,i001952,i000695,i001445,i000521"
u046072,"i000481,i001038,i001952,i001663,i001478,i000661,i000646,i001069,i001445,i001046"
u046084,"i000521,i000342,i000909,i000481,i000661,i000555,i000324,i001952,i000554,i000619"
u046085,"i001914,i001069,i001649,i001087,i000481,i000909,i001922,i001445,i000554,i000931"
u046086,"i001922,i000695,i001240,i001688,i001049,i001584,i000909,i000481,i000058,i000521"
u046087,"i001922,i002009,i000554,i001240,i001335,i001786,i000977,i000200,i001682,i000956"
u046091,"i000481,i000521,i000695,i000909,i001922,i000555,i001688,i000342,i001240,i000554"
u046098,"i000909,i000481,i000324,i000521,i000555,i000342,i001922,i000554,i001952,i001663"
u046103,"i001069,i000481,i001952,i000909,i000947,i001663,i000661,i000646,i001914,i001445"
u046104,"i000110,i000324,i000555,i000327,i000898,i000481,i000877,i001952,i000909,i001134"
u046107,"i000695,i001049,i001584,i000058,i001688,i001462,i000401,i001240,i001922,i000842"
u046126,"i001069,i000481,i000909,i001952,i000947,i001663,i000521,i000661,i000342,i000554"
u046128,"i000909,i000481,i000521,i000324,i000342,i000661,i000646,i001952,i000554,i000555"
u046142,"i001663,i001069,i000481,i001952,i000646,i000947,i001478,i000521,i000909,i000661"
u046144,"i000481,i000521,i000342,i000909,i001069,i001952,i000554,i000646,i000661,i001663"
u046157,"i000481,i000521,i000909,i000342,i001922,i000324,i000554,i000555,i001949,i000898"
u046162,"i000481,i001455,i001922,i000909,i000695,i000324,i001673,i001952,i001445,i000661"
u046165,"i001240,i001922,i000695,i000754,i001786,i001688,i002009,i001049,i001584,i001191"
u046166,"i000695,i001584,i000058,i001049,i001688,i001240,i001462,i000401,i001922,i001350"
u046168,"i000909,i001922,i000481,i001240,i000324,i000521,i000695,i000554,i000555,i000342"
u046169,"i000909,i000481,i000324,i001922,i000521,i000555,i000342,i001240,i000695,i000554"
u046170,"i000695,i001688,i001240,i001049,i001922,i001584,i000058,i001786,i000754,i000481"
u046176,"i001952,i000481,i001069,i000661,i000909,i000521,i001663,i001455,i000947,i000342"
u046178,"i001922,i001240,i002009,i000695,i001049,i001682,i001786,i001688,i001335,i000200"
u046179,"i000521,i000481,i000342,i000909,i000554,i001952,i000661,i001663,i000646,i000555"
u046181,"i001922,i001240,i000695,i001049,i001688,i000909,i001584,i000481,i000754,i001786"
u046184,"i001455,i001673,i001445,i000909,i001710,i001952,i000324,i000481,i000898,i001069"
u046188,"i001240,i001949,i001786,i001922,i001191,i000554,i000695,i000754,i001688,i000909"
u046190,"i001786,i000754,i000554,i001240,i001191,i001350,i000695,i001688,i001314,i000220"
u046195,"i000695,i000909,i001069,i000481,i001922,i001952,i001240,i001049,i000554,i001455"
u046196,"i001240,i000695,i001922,i001688,i001049,i001584,i000481,i000909,i000058,i000521"
u046202,"i001922,i001240,i000695,i000481,i000909,i000554,i000324,i001688,i000521,i000342"
u046206,"i000909,i000481,i001455,i000555,i000324,i001952,i000661,i001069,i001673,i000554"
u046216,"i000909,i000481,i000324,i000555,i000342,i001922,i000521,i001240,i000695,i000110"
u046222,"i001922,i001240,i000695,i000909,i001049,i000481,i000324,i001688,i001584,i000554"
u046226,"i001026,i001151,i000282,i001320,i001515,i000342,i001922,i000360,i001584,i000909"
u046235,"i000695,i001584,i001688,i000058,i001240,i001049,i001462,i001922,i000829,i001801"
u046249,"i000342,i001952,i000661,i000481,i000554,i001455,i000909,i000248,i000521,i001906"
u046253,"i000695,i001240,i001922,i001688,i001584,i001049,i000058,i000481,i000909,i000554"
u046262,"i000481,i001069,i000909,i001952,i001663,i000695,i000661,i001455,i000521,i000554"
u046265,"i000481,i000909,i000521,i001922,i000342,i001663,i000555,i000554,i000661,i000977"
u046266,"i000909,i000481,i000521,i000324,i000342,i001922,i001952,i000555,i001069,i000554"
u046273,"i000481,i001455,i001663,i001952,i000695,i000909,i001445,i001069,i001922,i001240"
u046274,"i000481,i000909,i001038,i000521,i001952,i001663,i000554,i000661,i000646,i001240"
u046276,"i000481,i001663,i000909,i000521,i001952,i001069,i001753,i000342,i001478,i000646"
u046277,"i000909,i000481,i000521,i000342,i000554,i001922,i001663,i000661,i000977,i001952"
u046279,"i001922,i001240,i002009,i001682,i000695,i001335,i001049,i001786,i000977,i001801"
u046286,"i000909,i000481,i000521,i000342,i001922,i000554,i001240,i001663,i000695,i001949"
u046288,"i000481,i001069,i001952,i000909,i000521,i000342,i001663,i000661,i001922,i000554"
u046289,"i001922,i000977,i001240,i000342,i000521,i002009,i000695,i000481,i001786,i001049"
u046299,"i000909,i000481,i000521,i000342,i000555,i000324,i001922,i000554,i001663,i001952"
u046305,"i000695,i000058,i001584,i001049,i001462,i001688,i000401,i001240,i001922,i000829"
u046306,"i000481,i001922,i000909,i001069,i001952,i000324,i000555,i000661,i000521,i001663"
u046312,"i000909,i000481,i000521,i000342,i000324,i001922,i001663,i000661,i000554,i001952"
u046315,"i001240,i000695,i001922,i001688,i000481,i000554,i000909,i001049,i000521,i000754"
u046316,"i000481,i001952,i001069,i000661,i000909,i000521,i001663,i000646,i001455,i001038"
u046326,"i000554,i001143,i001949,i001191,i000956,i001445,i001914,i001455,i001673,i002133"
u046330,"i001335,i001922,i001682,i002009,i000200,i001240,i001595,i001801,i002056,i001113"
u046332,"i001240,i001922,i000754,i000695,i001786,i001191,i000554,i001688,i001584,i001143"
u046334,"i000909,i000324,i000555,i000481,i000110,i000521,i000327,i000898,i000342,i001952"
u046338,"i001191,i000554,i001240,i001445,i001949,i000956,i001717,i001455,i001143,i001786"
u046340,"i001688,i000695,i001049,i001584,i000058,i001462,i001240,i000401,i001350,i001922"
u046348,"i000720,i001069,i001455,i000909,i000832,i000999,i000789,i000947,i001710,i001952"
u046362,"i000909,i000481,i000342,i000521,i001478,i000324,i001952,i001663,i000207,i000555"
u046364,"i000695,i001688,i001049,i001240,i001922,i001584,i000058,i000909,i001786,i000754"
u046371,"i001069,i000481,i000909,i001952,i000695,i000661,i001455,i000947,i000555,i000521"
u046381,"i000695,i001584,i001688,i001049,i000058,i001240,i001462,i001922,i000401,i001786"
u046383,"i000909,i000481,i000521,i000342,i000695,i001952,i000555,i000324,i000554,i001240"
u046386,"i000695,i001584,i001049,i000058,i001688,i000401,i001462,i001240,i001922,i001778"
u046389,"i000646,i000481,i001663,i001069,i001952,i000554,i000661,i001914,i001445,i000342"
u046391,"i000481,i000909,i000521,i001663,i001952,i001069,i000554,i000342,i000661,i001240"
u046392,"i000555,i000898,i000324,i000481,i000521,i000909,i000877,i000110,i001952,i000327"
u046393,"i001952,i000481,i000661,i001455,i001069,i001710,i001673,i001663,i001002,i001046"
u046397,"i000481,i000909,i001069,i001952,i001663,i000521,i000661,i000695,i000554,i000324"
u046399,"i000481,i000909,i001952,i000521,i001069,i000342,i000555,i000324,i001663,i000661"
u046407,"i000481,i000909,i001952,i001922,i001069,i000342,i000521,i001663,i000661,i000554"
u046409,"i000695,i001584,i001049,i001688,i000058,i000401,i001240,i001462,i001922,i001350"
u046413,"i001922,i000977,i000342,i000481,i001240,i000521,i002009,i001682,i000695,i000554"
u046426,"i001922,i001455,i000481,i000909,i001673,i001952,i000555,i000282,i000324,i001710"
u046432,"i000481,i000909,i000521,i001922,i000342,i001663,i000661,i001952,i000554,i000324"
u046433,"i001922,i001240,i000695,i000909,i001688,i000481,i001049,i000554,i001584,i001786"
u046435,"i000481,i001508,i000909,i001753,i000521,i001952,i000555,i000342,i000661,i000554"
u046438,"i000481,i000909,i000342,i000521,i001922,i001240,i000324,i000555,i000554,i001663"
u046441,"i000324,i000555,i000481,i000898,i000909,i000110,i000521,i000342,i000327,i000877"
u046446,"i000481,i000695,i000909,i001240,i001663,i001688,i001049,i000521,i000324,i001584"
u046449,"i000695,i001240,i000481,i000909,i001688,i001922,i001049,i001584,i000554,i000521"
u046461,"i001922,i000481,i000695,i000661,i000342,i000521,i000554,i000555,i001240,i001688"
u046464,"i000909,i000481,i000521,i000342,i000324,i001663,i001069,i001952,i000646,i000661"
u046466,"i001922,i000695,i001240,i000481,i001688,i000909,i001049,i001584,i000521,i000554"
u046473,"i000695,i001240,i001688,i001922,i001049,i001584,i000058,i000754,i000481,i001786"
u046479,"i001240,i001875,i000481,i001688,i001922,i000695,i000554,i000521,i000618,i001949"
u046481,"i000555,i000324,i000909,i001710,i001673,i000481,i001455,i001914,i000554,i001087"
u046482,"i001049,i000695,i001584,i001688,i001240,i000058,i001922,i000401,i001462,i001786"
u046483,"i001922,i000977,i000342,i000909,i000661,i000554,i000167,i001649,i001335,i001801"
u046484,"i000521,i000342,i000481,i000909,i000661,i001952,i000646,i000619,i000555,i000554"
u046485,"i000481,i000909,i001952,i000521,i001069,i000661,i001663,i000342,i000554,i000695"
u046492,"i000481,i001455,i001952,i000661,i001069,i001445,i001673,i000695,i001922,i001663"
u046502,"i000481,i000909,i001069,i000695,i001952,i000521,i001663,i001240,i000661,i000554"
u046528,"i001922,i001240,i000909,i000695,i000481,i000324,i001049,i000521,i001688,i000342"
u046536,"i000282,i001151,i001515,i000555,i000324,i000360,i000909,i001922,i002056,i000554"
u046544,"i000481,i000324,i000909,i001922,i001240,i000695,i000555,i000554,i001151,i000521"
u046549,"i000481,i001952,i000661,i001069,i000521,i000909,i001038,i001478,i001663,i000342"
u046551,"i000909,i000481,i001069,i001952,i001663,i000521,i000661,i000342,i000324,i001914"
u046553,"i000909,i000481,i001069,i001952,i001663,i001922,i000342,i000521,i000661,i000554"
u046557,"i000695,i001922,i001240,i000481,i001688,i001049,i000554,i000909,i001584,i000521"
u046561,"i000481,i000909,i000324,i000521,i001069,i001952,i000342,i000555,i001663,i000554"
u046568,"i001151,i000282,i001515,i001320,i001026,i001922,i000360,i001682,i002009,i000555"
u046571,"i000695,i001240,i001922,i001688,i001049,i001584,i000058,i001786,i000754,i000909"
u046576,"i000695,i001688,i001049,i001240,i001922,i001584,i000058,i001786,i000754,i001462"
u046597,"i000481,i001952,i001455,i001069,i000661,i000909,i000695,i001673,i001663,i001922"
u046599,"i000481,i001922,i001952,i000521,i000661,i001455,i000554,i001445,i001673,i001682"
u046623,"i001069,i000481,i001952,i000947,i001663,i000661,i000342,i001922,i000521,i000695"
u046627,"i001069,i000481,i000909,i001952,i000947,i001663,i000521,i000661,i000342,i001455"
u046628,"i000481,i001069,i000909,i001952,i001663,i001455,i000661,i000695,i000521,i001445"
u046635,"i001069,i000481,i000909,i001952,i001922,i000661,i000947,i000342,i000521,i001663"
u046642,"i001455,i001673,i001710,i001445,i001952,i000661,i000805,i001069,i000968,i000554"
u046647,"i000324,i000327,i001455,i000898,i000555,i000110,i000909,i001673,i001952,i000481"
u046665,"i001949,i001455,i000554,i001673,i000481,i001952,i001069,i001445,i001682,i001875"
u046677,"i000481,i001069,i000909,i001952,i001663,i000661,i001455,i000695,i000521,i000947"
u046681,"i000342,i001914,i000661,i000521,i000554,i000909,i001649,i001445,i001952,i001046"
u046695,"i000481,i000909,i001069,i000695,i001952,i001663,i001240,i001455,i000646,i000324"
u046698,"i000481,i001069,i001952,i000695,i000909,i001663,i000554,i000661,i001455,i000521"
u046699,"i001069,i000931,i000947,i001952,i000481,i000909,i001455,i000554,i000652,i001445"
u046700,"i000481,i001069,i000909,i001952,i001663,i001455,i000695,i000661,i000521,i000554"
u046704,"i001069,i000481,i000947,i000931,i001952,i000909,i000695,i000652,i000554,i001455"
u046715,"i000521,i000481,i001296,i000646,i000661,i000618,i001038,i000563,i001046,i001663"
u046717,"i000909,i001069,i001952,i000481,i001922,i000555,i000324,i001151,i000282,i001455"
u046719,"i000481,i001455,i001069,i000695,i001952,i000909,i001673,i001922,i001710,i000324"
u046723,"i000167,i001069,i001922,i000481,i000909,i000999,i001445,i001914,i001682,i001649"
u046727,"i000909,i000481,i001069,i001663,i001952,i000521,i001478,i000342,i000646,i000661"
u046729,"i001069,i000481,i001455,i001952,i000909,i001673,i000695,i001922,i001445,i000324"
u046732,"i001069,i000481,i000909,i001952,i000947,i001663,i000661,i000521,i001455,i000695"
u046750,"i000481,i001952,i001296,i000661,i001069,i000521,i000618,i001875,i000947,i001455"
u046762,"i000481,i000909,i001069,i001952,i000521,i000661,i001663,i000554,i001455,i000342"
u046766,"i000695,i000481,i001455,i001240,i001049,i001584,i000909,i001688,i001663,i001952"
u046784,"i000481,i001069,i001952,i000909,i000661,i000554,i001663,i001445,i001949,i000521"
u046785,"i000481,i001069,i000909,i001952,i001455,i000661,i001663,i001922,i000521,i000947"
u046786,"i000555,i000324,i000327,i001455,i000481,i000110,i000898,i000909,i001673,i000554"
u046788,"i001455,i000324,i000555,i001922,i000481,i001673,i001710,i001952,i000909,i000695"
u046795,"i001682,i001922,i002009,i001335,i001595,i001240,i000200,i000695,i001049,i001445"
u046798,"i000661,i001069,i001445,i001952,i001455,i002056,i000270,i000947,i001922,i000931"
u046800,"i001069,i000481,i001952,i000931,i001455,i000947,i000909,i001445,i000554,i000661"
u046805,"i000481,i001069,i000909,i001952,i000521,i000661,i000947,i000342,i001455,i000554"
u046806,"i000481,i001069,i000909,i001952,i000695,i001663,i000947,i000661,i000521,i001455"
u046815,"i001069,i000481,i000909,i001952,i001455,i000661,i000324,i000947,i001663,i000695"
u046816,"i000481,i000695,i001455,i000909,i001069,i001952,i001240,i001673,i001663,i001049"
u046819,"i000481,i001069,i000909,i001952,i000695,i001663,i001455,i001240,i000554,i000521"
u046835,"i001663,i000481,i001952,i000646,i000661,i001478,i001046,i001455,i000554,i001445"
u046842,"i000555,i000324,i001455,i000327,i000898,i001673,i000110,i000909,i001952,i001710"
u046848,"i000481,i001952,i000661,i001922,i001663,i001069,i000521,i000554,i000646,i000282"
u046849,"i000695,i001455,i001049,i001240,i001688,i000481,i001922,i001584,i001673,i000554"
u046852,"i000481,i001069,i000909,i001952,i001663,i000521,i000947,i000661,i000646,i000342"
u046857,"i001069,i000481,i001952,i000909,i000661,i001455,i000947,i001663,i000554,i000521"
u046859,"i001952,i000481,i001663,i000661,i001455,i001069,i001038,i001046,i001478,i000909"
u046861,"i001069,i000947,i001189,i000521,i000481,i001875,i000661,i001952,i000570,i001296"
u046873,"i001455,i001673,i000909,i001445,i001710,i001069,i001952,i000554,i000481,i001914"
u046874,"i000555,i000324,i000481,i000909,i001952,i001069,i000661,i000554,i001455,i000521"
u046875,"i001069,i000282,i000909,i001922,i001445,i000661,i001914,i001952,i000481,i001682"
u046878,"i000909,i000324,i000555,i000554,i000481,i001455,i001922,i000521,i001710,i001673"
u046885,"i001049,i000695,i001584,i001688,i000058,i001462,i001922,i001240,i000401,i000842"
u046887,"i001914,i001649,i001087,i001069,i000481,i001455,i001673,i001952,i000661,i001922"
u046894,"i001710,i001455,i001673,i001445,i000805,i001952,i000554,i000909,i000661,i000968"
u046895,"i000481,i001069,i000909,i001952,i001663,i000661,i000695,i001455,i000947,i000521"
u046898,"i001069,i000931,i000947,i000251,i000909,i001445,i001952,i000481,i001663,i000220"
u046907,"i001753,i001508,i000325,i001455,i001922,i001906,i001673,i000518,i000481,i000909"
u046910,"i001952,i000481,i001069,i000661,i001455,i000554,i000909,i001922,i001445,i001914"
u046922,"i001069,i000481,i001952,i000661,i000909,i001922,i001663,i000947,i000521,i001455"
u046926,"i001069,i000481,i001952,i000931,i000947,i000554,i001649,i001663,i001914,i001445"
u046936,"i000481,i001952,i001069,i001663,i000661,i000909,i001038,i000521,i000646,i001455"
u046937,"i000481,i001069,i001952,i000909,i000661,i001922,i000947,i001455,i000695,i000521"
u046946,"i000481,i001922,i001952,i000661,i001455,i001663,i001445,i001069,i000554,i001914"
u046947,"i000909,i001069,i000481,i001952,i000521,i000661,i000324,i000555,i000282,i001922"
u046948,"i001455,i000554,i001673,i000481,i001952,i001949,i000909,i001445,i001710,i000661"
u046955,"i001922,i001455,i000481,i001952,i001673,i001914,i000661,i000695,i001445,i000521"
u046956,"i000481,i001069,i001952,i000661,i000909,i001922,i000947,i001663,i001455,i000521"
u046967,"i000481,i001069,i000909,i001952,i001455,i000661,i001922,i000324,i000695,i000555"
u046970,"i001069,i000481,i001952,i000909,i000947,i000661,i001663,i001455,i000931,i000521"
u046971,"i000481,i001069,i000521,i001952,i000661,i000909,i000947,i000342,i001663,i000646"
u046974,"i000481,i000661,i001952,i001663,i001455,i000521,i000554,i000342,i001673,i000909"
u046975,"i000327,i000324,i000898,i000110,i000555,i000481,i001952,i001455,i000909,i001069"
u046979,"i001682,i001922,i001335,i002009,i000200,i001595,i001151,i002056,i001240,i000282"
u046980,"i001069,i000481,i001952,i000947,i000909,i000661,i001663,i000931,i001455,i000521"
u046981,"i001922,i000481,i001455,i001952,i001673,i001682,i000661,i000555,i001710,i001914"
u046986,"i001455,i001673,i001710,i001952,i001445,i001069,i000481,i000661,i000909,i000554"
u047003,"i001922,i002009,i001682,i001335,i001151,i001595,i000282,i001320,i000006,i000200"
u047005,"i001455,i001069,i000931,i001445,i001673,i001952,i001710,i000805,i000554,i000652"
u047006,"i001069,i000481,i001952,i000909,i000947,i001914,i001445,i001663,i000661,i001455"
u047008,"i000481,i001952,i001069,i000661,i000909,i001663,i001922,i001455,i001445,i000554"
u047013,"i000481,i000909,i001952,i001455,i000554,i001663,i001445,i001069,i001240,i000521"
u047017,"i001069,i000481,i001952,i000661,i001455,i001922,i000909,i000947,i001445,i000521"
u047031,"i001049,i000695,i001584,i000058,i001688,i001462,i001922,i000401,i001240,i000842"
u047035,"i000695,i001455,i001049,i001673,i001584,i001922,i001688,i001240,i000058,i001462"
u047058,"i001753,i001069,i000481,i001952,i001508,i000909,i000661,i001455,i001906,i000947"
u047064,"i001455,i001673,i001445,i001710,i000909,i001952,i000481,i000661,i001069,i001949"
u047065,"i000481,i001069,i001952,i001663,i000661,i000521,i001038,i000909,i000947,i000554"
u047068,"i000481,i001952,i001069,i000909,i000661,i001663,i001455,i000521,i001673,i001038"
u047070,"i000481,i001952,i001753,i001069,i000909,i001508,i001455,i000661,i001663,i001673"
u047081,"i001069,i000481,i001952,i001455,i000909,i000324,i000555,i001673,i001922,i000661"
u047088,"i001952,i000481,i001455,i001069,i000909,i001922,i000661,i001673,i000555,i000282"
u047090,"i001455,i001673,i000481,i001952,i000909,i001922,i000324,i001710,i001445,i000555"
u047091,"i000481,i000909,i001069,i001753,i001952,i001663,i001455,i001508,i001673,i000661"
u047093,"i000909,i001952,i001445,i001069,i000481,i001455,i000661,i000554,i001673,i000324"
u047094,"i000695,i001584,i000058,i001688,i001049,i001462,i001240,i000401,i001922,i000931"
u047095,"i001049,i000695,i001584,i001688,i000058,i001462,i001922,i001240,i000401,i000842"
u047096,"i000481,i001069,i001952,i001663,i000909,i000521,i000554,i000661,i000947,i001445"
u047100,"i000481,i001922,i001952,i001455,i000661,i001673,i001069,i001663,i000695,i001914"
u047109,"i001069,i000481,i000909,i000947,i000661,i000570,i000521,i001952,i000555,i000342"
u047110,"i000324,i000555,i000909,i001069,i001952,i000110,i000481,i000898,i001134,i000327"
u047115,"i002056,i000282,i001922,i001335,i001801,i001682,i001623,i001151,i001515,i001595"
u047117,"i001682,i001922,i002009,i001335,i001595,i001240,i000200,i001151,i002056,i001049"
u047129,"i000481,i001069,i001952,i000661,i000695,i001922,i001663,i000909,i001240,i000947"
u047137,"i001914,i000327,i001649,i001455,i000324,i001087,i000898,i000110,i000909,i001673"
u047139,"i000324,i000555,i000909,i000898,i001134,i000110,i000327,i000877,i001069,i000481"
u047140,"i000481,i001069,i001952,i001663,i000909,i000661,i000521,i001914,i000554,i000947"
u047143,"i001069,i000481,i001952,i000909,i000555,i000661,i000324,i001455,i000947,i001663"
u047146,"i000661,i001952,i000481,i001069,i000521,i001445,i000947,i000646,i000909,i000270"
u047150,"i001455,i001922,i000481,i000695,i000661,i001673,i001240,i001445,i001952,i001663"
u047159,"i000481,i000909,i000695,i001922,i001069,i001952,i001240,i001914,i000554,i001455"
u047172,"i001753,i001069,i001508,i000481,i001952,i000909,i000661,i001906,i000324,i000555"
u047174,"i001240,i001922,i000695,i001191,i000554,i001049,i001688,i001584,i000058,i001682"
u047192,"i000481,i000521,i001952,i000661,i001069,i000342,i000646,i000947,i001663,i000909"
u047201,"i001069,i000481,i001952,i000909,i001455,i000661,i000324,i000555,i001673,i001663"
u047207,"i001455,i001673,i001710,i001445,i000805,i000554,i001952,i000968,i001949,i001914"
u047212,"i001069,i001906,i001753,i001508,i001445,i000301,i001952,i001927,i000325,i000931"
u047213,"i001922,i002009,i001682,i001335,i001595,i000200,i000006,i001151,i001113,i001320"
u047216,"i000481,i001069,i000909,i001952,i001663,i000947,i000661,i000521,i000695,i001455"
u047222,"i000327,i000324,i000481,i000555,i000898,i000909,i000110,i001069,i001952,i001914"
u047229,"i001682,i001922,i002009,i001335,i001595,i001151,i000200,i002056,i001240,i000282"
u047232,"i001069,i000481,i000909,i001952,i001455,i000661,i000947,i000521,i001663,i000695"
u047233,"i000481,i000909,i001069,i001952,i000554,i000661,i001663,i000521,i001455,i001038"
u047234,"i001922,i002009,i001682,i001335,i000977,i000200,i001595,i000006,i001801,i001240"
u047252,"i000481,i000909,i001952,i001069,i000695,i001663,i000661,i000521,i001455,i001240"
u047260,"i000555,i000324,i001069,i000481,i000909,i001952,i000521,i001151,i000661,i000342"
u047270,"i001952,i000481,i001069,i000661,i000521,i000909,i001455,i000947,i001663,i000554"
u047275,"i000481,i001069,i001952,i001663,i000521,i000909,i000661,i000947,i000342,i000554"
u047276,"i001069,i000481,i001952,i000909,i000947,i000521,i000661,i001663,i000342,i001922"
u047277,"i000481,i000695,i001455,i000909,i001952,i001240,i001663,i001922,i001673,i000324"
u047279,"i000555,i000324,i001922,i001455,i001710,i001673,i000909,i000481,i001952,i000282"
u047287,"i001069,i000481,i001952,i000661,i000909,i000947,i001663,i001445,i001455,i000521"
u047298,"i000481,i001069,i000909,i000521,i000947,i001952,i000661,i000342,i001663,i001267"
u047308,"i001455,i001673,i001710,i001952,i001069,i001445,i000481,i000554,i000661,i001949"
u047313,"i001922,i002009,i001335,i001682,i001151,i000695,i000200,i001595,i001801,i001320"
u047326,"i001952,i000481,i001069,i000661,i001663,i000909,i000947,i000521,i001455,i001038"
u047327,"i000481,i001069,i001952,i001455,i000909,i000661,i001673,i001922,i001663,i001445"
u047331,"i000481,i001952,i000661,i001069,i000521,i001663,i000646,i001038,i000909,i001455"
u047338,"i001455,i001673,i001914,i001710,i001069,i001445,i001952,i000931,i001649,i000554"
u047340,"i001455,i000481,i001922,i000695,i001673,i001952,i000324,i000909,i000555,i001710"
u047343,"i000481,i001069,i001663,i000909,i001952,i001240,i000695,i000521,i000554,i000661"
u047344,"i000481,i001952,i000661,i001663,i000521,i001455,i000554,i001922,i001240,i001069"
u047350,"i000481,i000909,i001069,i001952,i000695,i001922,i000324,i001455,i001663,i000661"
u047352,"i001914,i001455,i001087,i001673,i001710,i001649,i001069,i001952,i000909,i001445"
u047357,"i001069,i000481,i001952,i000909,i000661,i001663,i000521,i000947,i000554,i000342"
u047358,"i001069,i000481,i001952,i000947,i000909,i000661,i001663,i000521,i000931,i000646"
u047360,"i001069,i000481,i001952,i001663,i000909,i000661,i000947,i000521,i001914,i001922"
u047363,"i000481,i001069,i001952,i000661,i000909,i000521,i001663,i000947,i001455,i000342"
u047373,"i000481,i000646,i001663,i000521,i001069,i000909,i001952,i001478,i000661,i000342"
u047377,"i000324,i000555,i001455,i000661,i000481,i000898,i001952,i001922,i000909,i001673"
u047379,"i001455,i001673,i001710,i000554,i001445,i001952,i000661,i000909,i001949,i000805"
u047380,"i001922,i001682,i002009,i001335,i000977,i000481,i000200,i001801,i000006,i000661"
u047384,"i000481,i001952,i000661,i001455,i001069,i000521,i000947,i001673,i001663,i000909"
u047389,"i000618,i001875,i000481,i001952,i000661,i001455,i000720,i001673,i001296,i001069"
u047393,"i001069,i001952,i000481,i001922,i000909,i000555,i000282,i000324,i001455,i001151"
u047396,"i000695,i001584,i000058,i001049,i001688,i001462,i001240,i000401,i001922,i000829"
u047399,"i001069,i000481,i001952,i000909,i000661,i001922,i000947,i000521,i001663,i000342"
u047400,"i001069,i000481,i001952,i000909,i000661,i001455,i000521,i000947,i001663,i001922"
u047404,"i001069,i000481,i001952,i000909,i000661,i000947,i001455,i000521,i000554,i000931"
u047411,"i001914,i001649,i000554,i001455,i001143,i001673,i001922,i001445,i001087,i001949"
u047413,"i001069,i000481,i000909,i001952,i000695,i000661,i001455,i000947,i001922,i001663"
u047415,"i001922,i001335,i001682,i002009,i000200,i001595,i001801,i001240,i000006,i001151"
u047419,"i000481,i001069,i000909,i001952,i001455,i000695,i001663,i000661,i001240,i000521"
u047421,"i001922,i000977,i000481,i000661,i001508,i000521,i000554,i001753,i001049,i001069"
u047424,"i001069,i000481,i000909,i001952,i000947,i000661,i001455,i001663,i000521,i000554"
u047438,"i000481,i000695,i000554,i001049,i001663,i001069,i001240,i001455,i001688,i001584"
u047440,"i001069,i000931,i000481,i001952,i000947,i001713,i001445,i000909,i000570,i001038"
u047445,"i001069,i000481,i000909,i001952,i000521,i000947,i000342,i001663,i000661,i000324"
u047446,"i001914,i001069,i000481,i001649,i001087,i000909,i001952,i000555,i001455,i000158"
u047452,"i000909,i001069,i000481,i001952,i001455,i001753,i001508,i000661,i000521,i000947"
u047457,"i000481,i000909,i001952,i001922,i001455,i001069,i000661,i000554,i001663,i000324"
u047466,"i000481,i001952,i001455,i000909,i001922,i000661,i000695,i001673,i000324,i000521"
u047469,"i000909,i000324,i000481,i001069,i001952,i001673,i001455,i000555,i001710,i000661"
u047483,"i001069,i000481,i000909,i001952,i000555,i000324,i000661,i001455,i000521,i000947"
u047487,"i000324,i000555,i000898,i000110,i000909,i000327,i000481,i001952,i001134,i001069"
u047488,"i000325,i001508,i001906,i001753,i000518,i001927,i001065,i000548,i000252,i000301"
u047493,"i001508,i000518,i001753,i000325,i001906,i000481,i001952,i001065,i001663,i000555"
u047497,"i001753,i001508,i001455,i001069,i001906,i000481,i001673,i001952,i001710,i000325"
u047499,"i001069,i000481,i001952,i000909,i000947,i001663,i000661,i000521,i000646,i000931"
u047512,"i000481,i001069,i001952,i000909,i000661,i001663,i001455,i000695,i000947,i001922"
u047514,"i001952,i000481,i001455,i001069,i000661,i001673,i000554,i001914,i001663,i001445"
u047515,"i001952,i000481,i001069,i001663,i000661,i001455,i001710,i001445,i001673,i000646"
u047523,"i000555,i000324,i000481,i000909,i001922,i001952,i001663,i000661,i000554,i000521"
u047533,"i000481,i001069,i000909,i001952,i000521,i000947,i000661,i001663,i001455,i000342"
u047540,"i001240,i001922,i000695,i002009,i001688,i001584,i001049,i001191,i000554,i001335"
u047541,"i001069,i000481,i001952,i000909,i000661,i001663,i000947,i000521,i001922,i000554"
u047542,"i001922,i002009,i001682,i000977,i001240,i001335,i000695,i001049,i001801,i000200"
u047544,"i001922,i001682,i000481,i000324,i002009,i000909,i001335,i001952,i000555,i001455"
u047546,"i001069,i000909,i000481,i001952,i000947,i000521,i000661,i000342,i000570,i000324"
u047547,"i001069,i000481,i001952,i001663,i000909,i000947,i001445,i000646,i000931,i000661"
u047552,"i001445,i001455,i001914,i001673,i001922,i000554,i000695,i001191,i001240,i001682"
u047553,"i000481,i001069,i000909,i001952,i000661,i000947,i001663,i000521,i000695,i001455"
u047561,"i000481,i001069,i001952,i001663,i000521,i000342,i000909,i000947,i000661,i000207"
u047565,"i001069,i000481,i001952,i000909,i000661,i000521,i000947,i001455,i001663,i001922"
u047568,"i001584,i000695,i000058,i001049,i000401,i001462,i001240,i001688,i001922,i000554"
u047585,"i000661,i001952,i000481,i001069,i001455,i000521,i000555,i000324,i000909,i001445"
u047586,"i000481,i000909,i001069,i001952,i001663,i000947,i001455,i000661,i000521,i000646"
u047587,"i000909,i000481,i001069,i001952,i000661,i001663,i001445,i000521,i000554,i001455"
u047591,"i000646,i001069,i000481,i001663,i001952,i000661,i000521,i000909,i001046,i001445"
u047596,"i001069,i000481,i001952,i000947,i000909,i001663,i000554,i000661,i001914,i001949"
u047602,"i000909,i001069,i000481,i001455,i001445,i001952,i000324,i000554,i001673,i000661"
u047606,"i000646,i000481,i001952,i001663,i000661,i001069,i001445,i001046,i001038,i000909"
u047616,"i000481,i001069,i000909,i001952,i000947,i000521,i000661,i001663,i000342,i001922"
u047620,"i000909,i000481,i001069,i000521,i001952,i000342,i000324,i000555,i001663,i000661"
u047624,"i000695,i001584,i000058,i001049,i001688,i001462,i001240,i000401,i001922,i000829"
u047626,"i001922,i001455,i000481,i001673,i000661,i000695,i001240,i001663,i001952,i001914"
u047630,"i000481,i001069,i001952,i000909,i000661,i001663,i001455,i001445,i001922,i000521"
u047634,"i001906,i001753,i000325,i001508,i000518,i001069,i001952,i001927,i001455,i001445"
u047639,"i001682,i001922,i002009,i001335,i001595,i000200,i001151,i001240,i001049,i000695"
u047641,"i001069,i000481,i000909,i001952,i001922,i000661,i001663,i000324,i001455,i000521"
u047643,"i001922,i001455,i000481,i001673,i000661,i000695,i001240,i001663,i001952,i001914"
u047646,"i000324,i000555,i000898,i000327,i000909,i000110,i000481,i001952,i001134,i001069"
u047661,"i001952,i001069,i000481,i000661,i000646,i001663,i001046,i001673,i001455,i000521"
u047664,"i000909,i001069,i000481,i001914,i000661,i000521,i001952,i000324,i001455,i001445"
u047677,"i000481,i000909,i000695,i001914,i001649,i000661,i001069,i001922,i001952,i001240"
u047680,"i000481,i000909,i001069,i001952,i000521,i001663,i000555,i000661,i000324,i000207"
u047693,"i001069,i000947,i000481,i001952,i000909,i000661,i000931,i000555,i000521,i000324"
u047695,"i000646,i000481,i001952,i001069,i000661,i001663,i000521,i000909,i000554,i001445"
u047705,"i000481,i001952,i000695,i001069,i001663,i000661,i001240,i000909,i001455,i001922"
u047706,"i000481,i000521,i000909,i001663,i001922,i000342,i000661,i000554,i000977,i001069"
u047707,"i000481,i001069,i000909,i001952,i000661,i001455,i000695,i001922,i001663,i000521"
u047725,"i000324,i000555,i000110,i000909,i000481,i001069,i000898,i000327,i001952,i001134"
u047736,"i000481,i001952,i000661,i000342,i000521,i001663,i000909,i001069,i000947,i001455"
u047737,"i001753,i001875,i001508,i000481,i001952,i001069,i000661,i001455,i000947,i001673"
u047742,"i000481,i001952,i000661,i000521,i000909,i001069,i001455,i001038,i000554,i001663"
u047744,"i000481,i001952,i001069,i000909,i000661,i000521,i000947,i001663,i001922,i001455"
u047745,"i000554,i001455,i000481,i001445,i001673,i001143,i001952,i001191,i001949,i000909"
u047747,"i001922,i001455,i001673,i000481,i001710,i001682,i001952,i000695,i001914,i000324"
u047755,"i001049,i000695,i001240,i001688,i001584,i000481,i001922,i000058,i001462,i000554"
u047759,"i000282,i001151,i001515,i000360,i001026,i001682,i001922,i002056,i001320,i000555"
u047765,"i000481,i001069,i001952,i000909,i001663,i000661,i000554,i001445,i001914,i001455"
u047767,"i001069,i000481,i001952,i000909,i000661,i001663,i001922,i000521,i001455,i000947"
u047768,"i001922,i000324,i000481,i001682,i001952,i000909,i000555,i001151,i001455,i000282"
u047782,"i000327,i001914,i000898,i001455,i000324,i001649,i000110,i000909,i000481,i001673"
u047784,"i000481,i001069,i000909,i001952,i001663,i001455,i001445,i000695,i000661,i001922"
u047788,"i001069,i001952,i000481,i000661,i000909,i000947,i001455,i000521,i000554,i001914"
u047797,"i001069,i000481,i000909,i001952,i000947,i001663,i000521,i000661,i001445,i000646"
u047809,"i000909,i001069,i000481,i000947,i001952,i000521,i001663,i000661,i001445,i000342"
u047811,"i000481,i001069,i000909,i001952,i000521,i000947,i001663,i000661,i000207,i000342"
u047812,"i001240,i001922,i000695,i000058,i001049,i002009,i001191,i000554,i001688,i001801"
u047815,"i000481,i001455,i001952,i001922,i000661,i000695,i001663,i001069,i001673,i001445"
u047819,"i000481,i001952,i001069,i000909,i001455,i000661,i001663,i000521,i001673,i000554"
u047822,"i001914,i001087,i001649,i001673,i001455,i001445,i000909,i000554,i001949,i001952"
u047833,"i001455,i001673,i001952,i001445,i001069,i001710,i000554,i001949,i000481,i000661"
u047834,"i001508,i001753,i000481,i001069,i001906,i000325,i000909,i001952,i000947,i000646"
u047836,"i000481,i001922,i001952,i000554,i001240,i000661,i001663,i001914,i000695,i001445"
u047843,"i001069,i000481,i000909,i001952,i000555,i000324,i000342,i000521,i001922,i000554"
u047846,"i001922,i001682,i002009,i001335,i000200,i001801,i001240,i000695,i001595,i000006"
u047849,"i000481,i001952,i001069,i001663,i000909,i001038,i000521,i000646,i000207,i000661"
u047854,"i001069,i000481,i000909,i001952,i000947,i000661,i001663,i000521,i001455,i001922"
u047859,"i000282,i000360,i001151,i001515,i001026,i001320,i000909,i001069,i001922,i000555"
u047861,"i001069,i000301,i001508,i000282,i000947,i000720,i001753,i000931,i000909,i001455"
u047868,"i000481,i001069,i001952,i001663,i000521,i000646,i000661,i000909,i001038,i001445"
u047871,"i000481,i001069,i001952,i000661,i000909,i001455,i001038,i001445,i001663,i000646"
u047875,"i001069,i000481,i001952,i000909,i000661,i001455,i000521,i000947,i001663,i000554"
u047883,"i000481,i000695,i001922,i001455,i001952,i001069,i001673,i000909,i000661,i000324"
u047885,"i000481,i001069,i000909,i001952,i000521,i000947,i000661,i001663,i000342,i001455"
u047902,"i001069,i000481,i000947,i001952,i000521,i001663,i000909,i000661,i000342,i001267"
u047903,"i001069,i000481,i000909,i001952,i001663,i000947,i000521,i000661,i000646,i000342"
u047906,"i001952,i000481,i001069,i000909,i000555,i000661,i001455,i000282,i000324,i000342"
u047912,"i000481,i001069,i000909,i000324,i001952,i000521,i001922,i000342,i000555,i001663"
u047914,"i000695,i000058,i001584,i001049,i001688,i001462,i001240,i000401,i001922,i000829"
u047916,"i001069,i000909,i000481,i001952,i000646,i000521,i001663,i000661,i000947,i000342"
u047918,"i000481,i001952,i000342,i000554,i000909,i000521,i000661,i001455,i001069,i001143"
u047926,"i001069,i000481,i000909,i001952,i000947,i000521,i000661,i001663,i000342,i000554"
u047931,"i000324,i000555,i000898,i000110,i000327,i000909,i000481,i001952,i001151,i001134"
u047934,"i000909,i001069,i000481,i000521,i001952,i000947,i000342,i001663,i000661,i000324"
u047935,"i001069,i000481,i000909,i001952,i000521,i000661,i000947,i000342,i001663,i000554"
u047936,"i000481,i001069,i001952,i000909,i001663,i000521,i001038,i000661,i000646,i000554"
u047952,"i000481,i001069,i001952,i000909,i001663,i000661,i000521,i000342,i000554,i000947"
u047954,"i000481,i000909,i001952,i000521,i001069,i000661,i000342,i001663,i000555,i000554"
u047958,"i000481,i001069,i000909,i001952,i000521,i001663,i000947,i000342,i000661,i000695"
u047959,"i000481,i000909,i001663,i001478,i002146,i000661,i001046,i000646,i001445,i000521"
u047979,"i001922,i002009,i001682,i001335,i001595,i000200,i000977,i000006,i001801,i001240"
u047981,"i000481,i001069,i001952,i000909,i000661,i000324,i000555,i001455,i001663,i000521"
u047983,"i000481,i001069,i001952,i000909,i001663,i000342,i000521,i000661,i000947,i001478"
u047986,"i001069,i000481,i001952,i000661,i001922,i000909,i001663,i000947,i001455,i000521"
u047989,"i000805,i001455,i001069,i001445,i001710,i001673,i000909,i000931,i001952,i000554"
u047990,"i001952,i000481,i000661,i000521,i001069,i001663,i000342,i001038,i000947,i001046"
u047992,"i001069,i000481,i001952,i001038,i000661,i001663,i000909,i000521,i000947,i001478"
u047993,"i000481,i001069,i001952,i000521,i000909,i000947,i001663,i000207,i000342,i000661"
u047995,"i000481,i001922,i001952,i000909,i000521,i000661,i001455,i000554,i000342,i001663"
u048001,"i001069,i000481,i001952,i000909,i000661,i001663,i000521,i000947,i001455,i000554"
u048012,"i000481,i001952,i000661,i001663,i000342,i001069,i000521,i001445,i001455,i001478"
u048021,"i000931,i001455,i000695,i001069,i000058,i000652,i000554,i001673,i001445,i000842"
u048024,"i001069,i000947,i000481,i001952,i000909,i000521,i000342,i000661,i001663,i000570"
u048026,"i000481,i001952,i000661,i001663,i001046,i001038,i000646,i000521,i001478,i000554"
u048029,"i000481,i001069,i000909,i001952,i001663,i000695,i000947,i000521,i000661,i000342"
u048040,"i001455,i001673,i001949,i001445,i000554,i001710,i001952,i001914,i000481,i000805"
u048046,"i001069,i000481,i001952,i001038,i000661,i000947,i001663,i000521,i000909,i000207"
u048048,"i001069,i000481,i000909,i001952,i000521,i000947,i000661,i000324,i000342,i001663"
u048050,"i000481,i000695,i000909,i001663,i001069,i001914,i001952,i001240,i001455,i000554"
u048063,"i001069,i000481,i001952,i000661,i000909,i000521,i000947,i001663,i000554,i001038"
u048068,"i000909,i000481,i001753,i000555,i000324,i001508,i001906,i000521,i000342,i001952"
u048088,"i000909,i000481,i000324,i000555,i000521,i001753,i000342,i001952,i000661,i001069"
u048092,"i000481,i001069,i001952,i000909,i001663,i000646,i001038,i000661,i000521,i001478"
u048096,"i001069,i000481,i001952,i000909,i000661,i001455,i000521,i000324,i000947,i000555"
u048103,"i001069,i000481,i001952,i000909,i000947,i000521,i000661,i001663,i000342,i001508"
u048104,"i001069,i000481,i000909,i001952,i001663,i000521,i000947,i000661,i000342,i000646"
u048110,"i000481,i001952,i001069,i000909,i001663,i001038,i000661,i001478,i000521,i000646"
u048120,"i000481,i000695,i001455,i001952,i001069,i001922,i000909,i001673,i000661,i001049"
u048128,"i001069,i000947,i000481,i001952,i000909,i001267,i000570,i000521,i001663,i000661"
u048130,"i000481,i000909,i001952,i001069,i000521,i000324,i000555,i000342,i000661,i001922"
u048135,"i000481,i001069,i001952,i000909,i000661,i001455,i000324,i000521,i001663,i000947"
u048138,"i001069,i000909,i000481,i001914,i000342,i001663,i001952,i001445,i000646,i000158"
u048140,"i001922,i001682,i001335,i002009,i000200,i001595,i002056,i001240,i000554,i001801"
u048151,"i001069,i000481,i001952,i000909,i000521,i000661,i001663,i000342,i000947,i000324"
u048153,"i000909,i001069,i001914,i001445,i000167,i000481,i000947,i000554,i000931,i001649"
u048159,"i001069,i000481,i000909,i001952,i000521,i000661,i000342,i000947,i000324,i001663"
u048160,"i001753,i001069,i000481,i001508,i000909,i001952,i000661,i001906,i000521,i000324"
u048162,"i000481,i001952,i001069,i000521,i000661,i000909,i000947,i001663,i000342,i000646"
u048164,"i001914,i001922,i001649,i001455,i000909,i001673,i001087,i000554,i001710,i000324"
u048167,"i000342,i000481,i000521,i000909,i001069,i001952,i001663,i000661,i000947,i000646"
u048168,"i000481,i001069,i001952,i000909,i000521,i000661,i001663,i000947,i001038,i000207"
u048170,"i000481,i000661,i001952,i001069,i000521,i001455,i000909,i000947,i000342,i001673"
u048178,"i001069,i001952,i000909,i000481,i000324,i000521,i000661,i000555,i000947,i000554"
u048184,"i000909,i001069,i000481,i001914,i001445,i000167,i001952,i000554,i000521,i000947"
u048194,"i000481,i001069,i001952,i000909,i001445,i000661,i001663,i000521,i000342,i000554"
u048195,"i000481,i001952,i001069,i001663,i000909,i001038,i000661,i000646,i000207,i001478"
u048200,"i000481,i001952,i001069,i000521,i000661,i000909,i000947,i000342,i001663,i001038"
u048205,"i001069,i000481,i000909,i001952,i000695,i001663,i000947,i000521,i000661,i000554"
u048209,"i000909,i000481,i000555,i001069,i000324,i000521,i001952,i000342,i000661,i001663"
u048210,"i001922,i001682,i001240,i002009,i001335,i000695,i000200,i001049,i000058,i001595"
u048211,"i000481,i001069,i001952,i000661,i001922,i001663,i000521,i000909,i000342,i001914"
u048218,"i000481,i001069,i000909,i001952,i001663,i000521,i000947,i000661,i000646,i000342"
u048219,"i001069,i000481,i001952,i000909,i000695,i000947,i001455,i000661,i001922,i000324"
u048229,"i001069,i000481,i000909,i001952,i000947,i000521,i001663,i000661,i000342,i001455"
u048232,"i000481,i001069,i001952,i000909,i001663,i000661,i001455,i000947,i000695,i001914"
u048234,"i001875,i000481,i001069,i001952,i000947,i000618,i001455,i000521,i001673,i000909"
u048243,"i000481,i001069,i001952,i000909,i001663,i000521,i000661,i001038,i000947,i001478"
u048258,"i001069,i000481,i001952,i000909,i000661,i000947,i000521,i001663,i000342,i000554"
u048263,"i001069,i000481,i000909,i001952,i000947,i001663,i000661,i000521,i000695,i001455"
u048265,"i000481,i000158,i001069,i001952,i000909,i001663,i000521,i000661,i000342,i000554"
u048267,"i000481,i001069,i002132,i001952,i000646,i001038,i001663,i001046,i000158,i000521"
u048268,"i001069,i001952,i001663,i000661,i000481,i000646,i000909,i001038,i000947,i000720"
u048270,"i001069,i001952,i000481,i000909,i000661,i000521,i001663,i000947,i001455,i001038"
u048276,"i001069,i000481,i000909,i000947,i001952,i001663,i000521,i000554,i000342,i000931"
u048277,"i001069,i000481,i001952,i001038,i000909,i001663,i000661,i000646,i000947,i001478"
u048285,"i001069,i000481,i000947,i001952,i000661,i001455,i000909,i000554,i000521,i001663"
u048286,"i000695,i001584,i000058,i001688,i001049,i001462,i001240,i000401,i001922,i000829"
u048287,"i001069,i000947,i001952,i000481,i000909,i001455,i000661,i000931,i001445,i001267"
u048295,"i001069,i000481,i000909,i001952,i000521,i000342,i001663,i000661,i000947,i000324"
u048300,"i001069,i000481,i001952,i000909,i000521,i000947,i000661,i000324,i000555,i000342"
u048308,"i001069,i000947,i000481,i001875,i001952,i000661,i000521,i000342,i001267,i000909"
u048316,"i000481,i000695,i001240,i001922,i001952,i001663,i000554,i001445,i001688,i001914"
u048324,"i001914,i001649,i001087,i001069,i000909,i000481,i000554,i001445,i001143,i001922"
u048332,"i000661,i001952,i000481,i001069,i000521,i001455,i001002,i001445,i001038,i000342"
u048337,"i000481,i001069,i000909,i001952,i000521,i001663,i000661,i000947,i000342,i001038"
u048340,"i001069,i000909,i000481,i000947,i001952,i001713,i000661,i000931,i001445,i001663"
u048345,"i000481,i001922,i001455,i000661,i001952,i000695,i001673,i000554,i001445,i001710"
u048347,"i001922,i000695,i000481,i001682,i001455,i000324,i001049,i001240,i001952,i000555"
u048349,"i000481,i001069,i001952,i000521,i000661,i001663,i000909,i000947,i001922,i000342"
u048362,"i000481,i001455,i001922,i001952,i000695,i001673,i000909,i001445,i000661,i000554"
u048365,"i001069,i000481,i001952,i000909,i001922,i000661,i000947,i001663,i000521,i000324"
u048368,"i000324,i000555,i001069,i000909,i000481,i000110,i001952,i000898,i001151,i000327"
u048370,"i000481,i001952,i000521,i000661,i000342,i001663,i000909,i001069,i000554,i000646"
u048382,"i000554,i000661,i000521,i000481,i000909,i001143,i001952,i000342,i001069,i001663"
u048383,"i001069,i000947,i000481,i000570,i000909,i001267,i001952,i000521,i000931,i001663"
u048384,"i000695,i001049,i001584,i001462,i001688,i000058,i000324,i001922,i001240,i000360"
u048393,"i000521,i000481,i001069,i001952,i000909,i000661,i000342,i000947,i001663,i000646"
u048402,"i001069,i000481,i001952,i001663,i000909,i000661,i001914,i000947,i000521,i000646"
u048403,"i000481,i001069,i000947,i000521,i000909,i001952,i000342,i000661,i001663,i001267"
u048409,"i001922,i002009,i001682,i001240,i000977,i000695,i001801,i001335,i000006,i000661"
u048411,"i000695,i001584,i001688,i001049,i000058,i001462,i001240,i000401,i001922,i000842"
u048413,"i000481,i000909,i001069,i001952,i001663,i000521,i000695,i000947,i000342,i000661"
u048416,"i001069,i000481,i000909,i001952,i000521,i000342,i000947,i000324,i000661,i001663"
u048418,"i000251,i001914,i001069,i000931,i000909,i000220,i001649,i001663,i000947,i000695"
u048424,"i000909,i001069,i000481,i001952,i000661,i000521,i000324,i001455,i000554,i000555"
u048425,"i000481,i001952,i001069,i001663,i000646,i001038,i002132,i000661,i000947,i000521"
u048429,"i000481,i000909,i001069,i001455,i001952,i001673,i000324,i001445,i000661,i000898"
u048431,"i001069,i001952,i000481,i001455,i000909,i000661,i000947,i001445,i000521,i001673"
u048437,"i001069,i000481,i001455,i001952,i001673,i000909,i001663,i001445,i001949,i001914"
u048438,"i000481,i001069,i001952,i000661,i000909,i001663,i001455,i001445,i000947,i001922"
u048441,"i000481,i001952,i001069,i000661,i001455,i000909,i000521,i000554,i001445,i001673"
u048444,"i001069,i000481,i001952,i000909,i000521,i000342,i001663,i000661,i000947,i000554"
u048447,"i001069,i000947,i000481,i001952,i000521,i000342,i001267,i000661,i000909,i001663"
u048453,"i001069,i000481,i001952,i000661,i001455,i000947,i000909,i000521,i000554,i001663"
u048460,"i000481,i001922,i001952,i001663,i001240,i000695,i001455,i000554,i001914,i001445"
u048462,"i000481,i000521,i001952,i001069,i001663,i000661,i000947,i000909,i000342,i000554"
u048464,"i001069,i000481,i001952,i000909,i001663,i000521,i000661,i000342,i000947,i000554"
u048467,"i001717,i001191,i000956,i000554,i001445,i001240,i001949,i000805,i001455,i001314"
u048470,"i000481,i001922,i000661,i001069,i001952,i001663,i000521,i000909,i000342,i000554"
u048473,"i000481,i001069,i001952,i000909,i000521,i000324,i000661,i001663,i000555,i000947"
u048479,"i001069,i000481,i000909,i001952,i000947,i000521,i000661,i001455,i001663,i000324"
u048484,"i000481,i001069,i000909,i001952,i000661,i000521,i000947,i000342,i001663,i000554"
u048501,"i001922,i000977,i002009,i001801,i001682,i000554,i000282,i000661,i000481,i001649"
u048505,"i000481,i000661,i001952,i001069,i000909,i001663,i000521,i001455,i001046,i001478"
u048506,"i000909,i000481,i000521,i000342,i000324,i001952,i000555,i001069,i000554,i000898"
u048510,"i001952,i001455,i000661,i000481,i001069,i001673,i001710,i001875,i001445,i000521"
u048514,"i000909,i000481,i001069,i000521,i001952,i000342,i001663,i000324,i000947,i000554"
u048517,"i001455,i001069,i000554,i001143,i000931,i001710,i000481,i001952,i000909,i000842"
u048528,"i000481,i001069,i000909,i001952,i000521,i001663,i000947,i000342,i000661,i000554"
u048537,"i001069,i000481,i000909,i000947,i001952,i001663,i000521,i001713,i000661,i001445"
u048550,"i001069,i000481,i000909,i001952,i000947,i001663,i000521,i000661,i000646,i000342"
u048567,"i001069,i001952,i000481,i000909,i000324,i000555,i000661,i000521,i000282,i001455"
u048578,"i001069,i000481,i000695,i001952,i001922,i001455,i000661,i000909,i001673,i001663"
u048590,"i000481,i001069,i001952,i001663,i000661,i000909,i000695,i000521,i001455,i001914"
u048610,"i001069,i000947,i000909,i000481,i000931,i001952,i001455,i001914,i000661,i000521"
u048627,"i000909,i001069,i000481,i000521,i000342,i000947,i001952,i001713,i001663,i000931"
u048636,"i001069,i000481,i001952,i000947,i001663,i000909,i000521,i000661,i001713,i000646"
u048641,"i001069,i000481,i001952,i000947,i000909,i001663,i000521,i000661,i000646,i001445"
u048645,"i001069,i000481,i000909,i001952,i001663,i000947,i000661,i000521,i000554,i000342"
u048654,"i000909,i000481,i001952,i000324,i000555,i001069,i000521,i000661,i000282,i001663"
u048656,"i000909,i001069,i000481,i001952,i000947,i000521,i000661,i000342,i001663,i001455"
u048657,"i001069,i000481,i001952,i000909,i000661,i000646,i000521,i001663,i001445,i000342"
u048664,"i000481,i001875,i001069,i000521,i001952,i000909,i000947,i000661,i001455,i000618"
u048666,"i000481,i000661,i000521,i001952,i001922,i000342,i001663,i000909,i000554,i000646"
u048667,"i001922,i001335,i001682,i000200,i002009,i001595,i001801,i002056,i001113,i000006"
u048668,"i001069,i000481,i000909,i001952,i000521,i000661,i001663,i000947,i000342,i000324"
u048676,"i001952,i000481,i000661,i001069,i001455,i001663,i001046,i001038,i000521,i001445"
u048677,"i000521,i000481,i000661,i001952,i001069,i000342,i000947,i000909,i001663,i000646"
u048679,"i000481,i000909,i001952,i000324,i000555,i001069,i001922,i000521,i000661,i001151"
u048682,"i000481,i001069,i000909,i000521,i001952,i001663,i000342,i000661,i000947,i000554"
u048693,"i000481,i001069,i001952,i000909,i000661,i001663,i000521,i000554,i001445,i000342"
u048695,"i000481,i001069,i001952,i000909,i000521,i000661,i001663,i001922,i000554,i000342"
u048696,"i000481,i001069,i001952,i001663,i000909,i000661,i000554,i001914,i000646,i000521"
u048714,"i001455,i001710,i000909,i001673,i001952,i000661,i001445,i000481,i000554,i001069"
u048716,"i000909,i000554,i001949,i001191,i001069,i001445,i001240,i000481,i000521,i001143"
u048720,"i001069,i000909,i000481,i001952,i001445,i001713,i000947,i000931,i001663,i000661"
u048738,"i001069,i000947,i000481,i001952,i000661,i000570,i000909,i000842,i000554,i001455"
u048740,"i000909,i000481,i001069,i001952,i001663,i000661,i000521,i000342,i001922,i000554"
u048747,"i001952,i000481,i001069,i001455,i000661,i001922,i000909,i001445,i001914,i001673"
u048752,"i000481,i000521,i001069,i000909,i000342,i000947,i001952,i000661,i000619,i001663"
u048769,"i001952,i000481,i001069,i000909,i001455,i000661,i001663,i001038,i000521,i000947"
u048775,"i000931,i001069,i000947,i000909,i000481,i000554,i001952,i000652,i001455,i001663"
u048781,"i000481,i001069,i001952,i001753,i000909,i001508,i001663,i000661,i000521,i001455"
u048782,"i000481,i001069,i001952,i000909,i000521,i001663,i000661,i001038,i000947,i000342"
u048785,"i001069,i000342,i000481,i000947,i000521,i000909,i000661,i001952,i001663,i001267"
u048795,"i000909,i000481,i001922,i000521,i001952,i000555,i001069,i000554,i000324,i001663"
u048797,"i001069,i000481,i000646,i000909,i001663,i001952,i000521,i000661,i000947,i000342"
u048800,"i000481,i001069,i001952,i000521,i000909,i000342,i000661,i000947,i001663,i000555"
u048804,"i001069,i000481,i000909,i001952,i000521,i000947,i000324,i000661,i000342,i001663"
u048814,"i001069,i000481,i001952,i000909,i000661,i000521,i000947,i001663,i000342,i000324"
u048815,"i001914,i000554,i000481,i000909,i001069,i001455,i001952,i001649,i001673,i001445"
u048818,"i001069,i000481,i000909,i001952,i000521,i000947,i000342,i001663,i000661,i000555"
u048820,"i001069,i000481,i000909,i001952,i000324,i000521,i000661,i000947,i001663,i000342"
u048821,"i001922,i001682,i002009,i001335,i001595,i000167,i000661,i001445,i000006,i000200"
u048824,"i000481,i001952,i000909,i001455,i001069,i001663,i000661,i000695,i001922,i001673"
u048829,"i000999,i000481,i001069,i001952,i001445,i000720,i000909,i001455,i001038,i001914"
u048833,"i000481,i000909,i001069,i001952,i001663,i000661,i000521,i001455,i000342,i000646"
u048834,"i001069,i000481,i001952,i000909,i000661,i001663,i001922,i001455,i000554,i001445"
u048835,"i000909,i001445,i000481,i001069,i001952,i001478,i001455,i001663,i001914,i001046"
u048853,"i001069,i000167,i000481,i000909,i001922,i001445,i000999,i001952,i001914,i000661"
u048855,"i000695,i000058,i001584,i001049,i001462,i001688,i001240,i000401,i001922,i000829"
u048865,"i000481,i001952,i001069,i001478,i000909,i000661,i001663,i001038,i001109,i001445"
u048866,"i000481,i001069,i000909,i001952,i000324,i000521,i000555,i000661,i000342,i001922"
u048872,"i000481,i001952,i001069,i001663,i000909,i001455,i000554,i000521,i000646,i000661"
u048877,"i000909,i001069,i000481,i001952,i000661,i000342,i000521,i000947,i001663,i000324"
u048883,"i001069,i000481,i000909,i001952,i000947,i000521,i000661,i001663,i000342,i000554"
u048899,"i001922,i001682,i001335,i002009,i000200,i001595,i001240,i000554,i001151,i002056"
u048900,"i001069,i000481,i000909,i001952,i000521,i000324,i000555,i000661,i000947,i000342"
u048902,"i001069,i000481,i000909,i001952,i001663,i000521,i000661,i000947,i000342,i000324"
u048912,"i001049,i000695,i001584,i001688,i000058,i001462,i000401,i001922,i001240,i000842"
u048920,"i000481,i001069,i000909,i001952,i000521,i001663,i000661,i000342,i000947,i000324"
u048928,"i001069,i000481,i001952,i000909,i000521,i000324,i000661,i000555,i000947,i000342"
u048939,"i001069,i000481,i000554,i001952,i000909,i000521,i000661,i000947,i000342,i001663"
u048944,"i001069,i000909,i001713,i000481,i000167,i000947,i000661,i000521,i001908,i001007"
u048948,"i000909,i000481,i001952,i000661,i001069,i000521,i001922,i000342,i000947,i001455"
u048957,"i001069,i001952,i000481,i000661,i001455,i001445,i001663,i000909,i001673,i001710"
u048959,"i001069,i000481,i001952,i000909,i000521,i000661,i000947,i001922,i001663,i000342"
u048969,"i001069,i000481,i001753,i000909,i001952,i001663,i000661,i000947,i001508,i000521"
u048970,"i001922,i000555,i001455,i000282,i000324,i001335,i001952,i001682,i001673,i001710"
u048974,"i001069,i000481,i001952,i000947,i001663,i000909,i000661,i001445,i000521,i000646"
u048975,"i000521,i000481,i000661,i000342,i001952,i000909,i001069,i000947,i000555,i000619"
u048979,"i001914,i001649,i001087,i001069,i000909,i000481,i001445,i000947,i001952,i001922"
u048981,"i001914,i001649,i000554,i001143,i001087,i001949,i001445,i001455,i001673,i001710"
u048982,"i001952,i001069,i001663,i000481,i001455,i001445,i001673,i001046,i000909,i000554"
u048985,"i001069,i000481,i000909,i001952,i000521,i000947,i000342,i000324,i001663,i000661"
u048987,"i000481,i001069,i001952,i000521,i000909,i001663,i000661,i000947,i001038,i000646"
u048988,"i001069,i000481,i000947,i000909,i001952,i000521,i001663,i000661,i001267,i000342"
u048999,"i001663,i000481,i001069,i001952,i000909,i000646,i001478,i000521,i000207,i000661"
u049002,"i000481,i001069,i001952,i001663,i000661,i000909,i001922,i000521,i000342,i000554"
u049009,"i001069,i000481,i001952,i000909,i001663,i000661,i000521,i000947,i001455,i000554"
u049010,"i000554,i000481,i001069,i000909,i001455,i001949,i001952,i001143,i000521,i001663"
u049014,"i000342,i000947,i000481,i000521,i001069,i001952,i000661,i001267,i001663,i000619"
u049016,"i000481,i001069,i001952,i000661,i001663,i000909,i000521,i001922,i000646,i000554"
u049019,"i001240,i000842,i000695,i001049,i000058,i001584,i001462,i000931,i000652,i000554"
u049024,"i001922,i001710,i001673,i001455,i001335,i001682,i002009,i001952,i001143,i002056"
u049028,"i001069,i000931,i000652,i001949,i000481,i000909,i000554,i000947,i001455,i001952"
u049030,"i001069,i000481,i000909,i001952,i000947,i000521,i001663,i000661,i000342,i000646"
u049031,"i001952,i000481,i001069,i000661,i000521,i001663,i000909,i000947,i000342,i001455"
u049035,"i001914,i001649,i001087,i001455,i000909,i001069,i001673,i000481,i001445,i001952"
u049040,"i000481,i000909,i001949,i000521,i001069,i001663,i000554,i001952,i000342,i000695"
u049044,"i000481,i001455,i001069,i001952,i001445,i000661,i000909,i001673,i001914,i000554"
u049060,"i000481,i001069,i000909,i001952,i000521,i001663,i000342,i000661,i000947,i000324"
u049061,"i001069,i000481,i000947,i001952,i000661,i000521,i000909,i001663,i000342,i000646"
u049081,"i000481,i001069,i001952,i000521,i000661,i000554,i000909,i000947,i001455,i000646"
u049082,"i001069,i000481,i000947,i000909,i001952,i000661,i000521,i001663,i000931,i000342"
u049084,"i001069,i000481,i000909,i001952,i000661,i000555,i000324,i001922,i000521,i001151"
u049086,"i000909,i001069,i000481,i001445,i000167,i000931,i001952,i000554,i001455,i001914"
u049088,"i001710,i001455,i001673,i001952,i001445,i000909,i000661,i001069,i000805,i000554"
u049104,"i001069,i000481,i001952,i000661,i000521,i000909,i000947,i001663,i000554,i000342"
u049118,"i000481,i001069,i000909,i001478,i001952,i001663,i000342,i000521,i001445,i000661"
u049121,"i000481,i000661,i001952,i000521,i001455,i000554,i001445,i000909,i001069,i001922"
u049129,"i001069,i000481,i001952,i000909,i001455,i000661,i000324,i001663,i001445,i000947"
u049131,"i000481,i001922,i000521,i001069,i001952,i000661,i001663,i000342,i000554,i000909"
u049132,"i000931,i001069,i000652,i000695,i000554,i000058,i001952,i001455,i001877,i000909"
u049144,"i000481,i001069,i001952,i000521,i001663,i000909,i000661,i000554,i000342,i000646"
u049145,"i000481,i001069,i000909,i001952,i001663,i000695,i000947,i000661,i000521,i001240"
u049151,"i001069,i000481,i000909,i001952,i000521,i000947,i000342,i000661,i001663,i000324"
u049167,"i000481,i001069,i000909,i001952,i000521,i001663,i000342,i000661,i000324,i000947"
u049173,"i000909,i000481,i001682,i001922,i001952,i000521,i001151,i000554,i000282,i000898"
u049175,"i001069,i000481,i001952,i001922,i001455,i000909,i000695,i000555,i001673,i000324"
u049178,"i000481,i001069,i000909,i001952,i000521,i001663,i000661,i000947,i000554,i000646"
u049179,"i000646,i000481,i001069,i001952,i000909,i001663,i000521,i000661,i001038,i000342"
u049184,"i000909,i000481,i001069,i000342,i000521,i000324,i000898,i001952,i000555,i000207"
u049188,"i000342,i000521,i000481,i000661,i000947,i001952,i001069,i001663,i000253,i000646"
u049190,"i000481,i001663,i001922,i000554,i001445,i000661,i000956,i001952,i001240,i000909"
u049204,"i000481,i001069,i000909,i000521,i001952,i001663,i000342,i000661,i000947,i000207"
u049205,"i000360,i001515,i001462,i000282,i000317,i001151,i000695,i001584,i001320,i000999"
u049206,"i000661,i000481,i000521,i000342,i001952,i000947,i000646,i001069,i000619,i001663"
u049209,"i001069,i001952,i001922,i000481,i000282,i000324,i001151,i000661,i001455,i000909"
u049212,"i001069,i000481,i000947,i000521,i001952,i000909,i000342,i000661,i001663,i000570"
u049213,"i000481,i000521,i001069,i000342,i000661,i001952,i000563,i001296,i000947,i000646"
u049214,"i001455,i001673,i001445,i001710,i000805,i000554,i000661,i000968,i001952,i002146"
u049217,"i001069,i000909,i000947,i000481,i000931,i001952,i000521,i000342,i001663,i000554"
u049225,"i001069,i000481,i000909,i000695,i001952,i000947,i000521,i000661,i001922,i001240"
u049229,"i001069,i000481,i001952,i000661,i000909,i000947,i000521,i001663,i001455,i001445"
u049233,"i000481,i001069,i001663,i001952,i000646,i000342,i001478,i000909,i000521,i000661"
u049240,"i000481,i001952,i001069,i000661,i000521,i000909,i000947,i001663,i000342,i000554"
u049256,"i000481,i001952,i000909,i001069,i000661,i000521,i001663,i001922,i000554,i001038"
u049259,"i000481,i001069,i001952,i000695,i001663,i000909,i001240,i001445,i000554,i000661"
u049260,"i000563,i000342,i000521,i000947,i000481,i001069,i000646,i000661,i000619,i001296"
u049263,"i001069,i000481,i000909,i001952,i000947,i000521,i000342,i001663,i000661,i000207"
u049267,"i001069,i000481,i000909,i001952,i001663,i000947,i000695,i000661,i000646,i000931"
u049270,"i000481,i000695,i001455,i000909,i001240,i001952,i001663,i001922,i001445,i000324"
u049272,"i000481,i001069,i000909,i001952,i001663,i001038,i000521,i000207,i000646,i000661"
u049275,"i000909,i000481,i001069,i001952,i000661,i001663,i000521,i001038,i001478,i001455"
u049279,"i000481,i000909,i001240,i000554,i001663,i000695,i001455,i001445,i001922,i001952"
u049285,"i001069,i000661,i001952,i000481,i000947,i001445,i001663,i001002,i001455,i001038"
u049296,"i000695,i000058,i001584,i001049,i001688,i001462,i001240,i000401,i001922,i000829"
u049298,"i000481,i001069,i001952,i000909,i000661,i000521,i001663,i000342,i000947,i001455"
u049300,"i001069,i000481,i000909,i001952,i001663,i000947,i000521,i000695,i000661,i001455"
u049302,"i000909,i000481,i001069,i001952,i000324,i000521,i000661,i001663,i000342,i000555"
u049303,"i000555,i000324,i000481,i000909,i000110,i000327,i000898,i001952,i000342,i000521"
u049317,"i000481,i001240,i000554,i001922,i000521,i000695,i000909,i000342,i001663,i001952"
u049324,"i001478,i000481,i001952,i000661,i001663,i002146,i001109,i000909,i001445,i001046"
u049327,"i000481,i001069,i001952,i000909,i001663,i000661,i000695,i000521,i001922,i001914"
u049328,"i001455,i000481,i000324,i001922,i001673,i001952,i000909,i000555,i000661,i001445"
u049330,"i001069,i000947,i000481,i000521,i000661,i000342,i001663,i001922,i001952,i000555"
u049333,"i000481,i000909,i001069,i001952,i000521,i001663,i001038,i000661,i000342,i000207"
u049334,"i001069,i000481,i000909,i001478,i001952,i001663,i000521,i000342,i000947,i001445"
u049337,"i000481,i001069,i000909,i001753,i001952,i001663,i000661,i000947,i000342,i001508"
u049349,"i001069,i000481,i000909,i001952,i001663,i000695,i000947,i000521,i000554,i001240"
u049367,"i000481,i000554,i001949,i001069,i001663,i000521,i001240,i000909,i001952,i001914"
u049371,"i001069,i000481,i000909,i001952,i000521,i000947,i000342,i001663,i000661,i000324"
u049394,"i001069,i000481,i001952,i000909,i001922,i000661,i000324,i000521,i000947,i000555"
u049395,"i000481,i001069,i000909,i001952,i000521,i001663,i000661,i001922,i000554,i000207"
u049398,"i000646,i000481,i000661,i001663,i001046,i001952,i001038,i000909,i000521,i001445"
u049404,"i000481,i001952,i001069,i000909,i000661,i000521,i000342,i001455,i000947,i001038"
u049408,"i000481,i001952,i000661,i001069,i001663,i001455,i001922,i001445,i001673,i000554"
u049412,"i001069,i000481,i000909,i001952,i000521,i000947,i000324,i000555,i000661,i000342"
u049430,"i001069,i000481,i001952,i000947,i000661,i000521,i000909,i000342,i001663,i001914"
u049431,"i000481,i001069,i000909,i001952,i001663,i000521,i000661,i000947,i000342,i000695"
u049432,"i000646,i001069,i000481,i001663,i001952,i000661,i000909,i000521,i000342,i001046"
u049433,"i000481,i001952,i001069,i001663,i000661,i000909,i001455,i000695,i001914,i000947"
u049434,"i000481,i001069,i000909,i000521,i000342,i001952,i001663,i000661,i000947,i000646"
u049445,"i001922,i000481,i000661,i000909,i001952,i001455,i001914,i000324,i000521,i001663"
u049446,"i001922,i000481,i001952,i001455,i000661,i001445,i001673,i001069,i000554,i001914"
u049449,"i000481,i001069,i000909,i001952,i001663,i000947,i000521,i000661,i000695,i000342"
u049450,"i001914,i001649,i001087,i000829,i000695,i000058,i001462,i000931,i001584,i000360"
u049451,"i001151,i000282,i001515,i000360,i001026,i001320,i001682,i002056,i001922,i000555"
u049456,"i000481,i001069,i000909,i001952,i000521,i001663,i000947,i000661,i000342,i000554"
u049458,"i001069,i000909,i001753,i001508,i000947,i000481,i000342,i001906,i000521,i001952"
u049464,"i000481,i001069,i000909,i001952,i001663,i000947,i000521,i000661,i000646,i000554"
u049469,"i000909,i001069,i000481,i000521,i000342,i001663,i001952,i000661,i000947,i001478"
u049485,"i000481,i001922,i000661,i001952,i000521,i001663,i000909,i001455,i001914,i000342"
u049500,"i000481,i001069,i000909,i001952,i000521,i000947,i001663,i000342,i000661,i000554"
u049503,"i000521,i000481,i000342,i001952,i000909,i001069,i000661,i000619,i000947,i000555"
u049505,"i001069,i000481,i001952,i001663,i000909,i000661,i000521,i001445,i000947,i000554"
u049516,"i001069,i000481,i000909,i000947,i000521,i001952,i000342,i001663,i000661,i001267"
u049517,"i000521,i000481,i000661,i001952,i001069,i000947,i000909,i000342,i000646,i000619"
u049521,"i000342,i000947,i000521,i000481,i000661,i001069,i000253,i000909,i001952,i001663"
u049528,"i000481,i001952,i001069,i000661,i001663,i001038,i000909,i000521,i000646,i001046"
u049531,"i000481,i001069,i001952,i000646,i000661,i000909,i000521,i001663,i000555,i000947"
u049537,"i000481,i000661,i000521,i001952,i000646,i001663,i001478,i000554,i001046,i000342"
u049543,"i000481,i001069,i000909,i000521,i000342,i001952,i000947,i000661,i000554,i001663"
u049558,"i000646,i000481,i001663,i001952,i001069,i000661,i000521,i001038,i000909,i001046"
u049562,"i000481,i001069,i000909,i000521,i001952,i000661,i001663,i001922,i000342,i000554"
u049564,"i001753,i000481,i001508,i001952,i001069,i001455,i000661,i000909,i001663,i001673"
u049568,"i000481,i001069,i000695,i000909,i001952,i001663,i001455,i001240,i001049,i000947"
u049570,"i001069,i000481,i000909,i000661,i000521,i001952,i000342,i000947,i001914,i000554"
u049579,"i001069,i000481,i000909,i001952,i001922,i000324,i001151,i000342,i000555,i000521"
u049587,"i001069,i000481,i000909,i001952,i000521,i000661,i000342,i000947,i001663,i001038"
u049592,"i000481,i001922,i000909,i000521,i000342,i001952,i001663,i000324,i001151,i000661"
u049598,"i000909,i001069,i000481,i000521,i001663,i001952,i000342,i001713,i000554,i000661"
u049605,"i000999,i000720,i000789,i000832,i001922,i000282,i001069,i001682,i001087,i000360"
u049607,"i001151,i000282,i001515,i000360,i001922,i001026,i001320,i001069,i000481,i000342"
u049614,"i001455,i001673,i001710,i001445,i001952,i000805,i000554,i000661,i000481,i001914"
u049618,"i000909,i000481,i000555,i000521,i001952,i000324,i000898,i000342,i000661,i001151"
u049621,"i000481,i001069,i000661,i000521,i000947,i001952,i000554,i000909,i001455,i001663"
u049622,"i000481,i000521,i001663,i001069,i000342,i001952,i000909,i000646,i000661,i000947"
u049645,"i000481,i001922,i000909,i001069,i001952,i001663,i000661,i000342,i000521,i000554"
u049649,"i000481,i001455,i000909,i000695,i001922,i001952,i000554,i001673,i000324,i000555"
u049663,"i000481,i001069,i000909,i001952,i000521,i000342,i001663,i000947,i000324,i000661"
u049670,"i000481,i000324,i000521,i000909,i000555,i000327,i000342,i000110,i001952,i000661"
u049671,"i000481,i001455,i001952,i000909,i000695,i000661,i001673,i001069,i001922,i001445"
u049672,"i000481,i001069,i000909,i001952,i000695,i001663,i000947,i001240,i001455,i000661"
u049673,"i000481,i001069,i001952,i000909,i000661,i001663,i001455,i000554,i001922,i000521"
u049686,"i001069,i000481,i000646,i001952,i001663,i000909,i000661,i000521,i001046,i001445"
u049691,"i000481,i001069,i001952,i000909,i000695,i001455,i000661,i000947,i001922,i001663"
u049700,"i000481,i001069,i001663,i000646,i001952,i001478,i001038,i002132,i000521,i000909"
u049701,"i001069,i000481,i001952,i000661,i000909,i000521,i000947,i000554,i000342,i001663"
u049704,"i001455,i001710,i001673,i001952,i001445,i000554,i000909,i000481,i000805,i001914"
u049705,"i000481,i001952,i000521,i001069,i000661,i000342,i000947,i000619,i000909,i001663"
u049709,"i000481,i001952,i001069,i000661,i001455,i001922,i000695,i001663,i001914,i001445"
u049713,"i000324,i000555,i000327,i000909,i000110,i000898,i000481,i000521,i000877,i001134"
u049716,"i001952,i001914,i001455,i001673,i001069,i000481,i000909,i001710,i001087,i001445"
u049729,"i000481,i000909,i001069,i001952,i001663,i000695,i000661,i001455,i000554,i000521"
u049734,"i001069,i000481,i000909,i000521,i001952,i001663,i000947,i000342,i000661,i000646"
u049738,"i000481,i000909,i001069,i000521,i001952,i000342,i001663,i000947,i000661,i000207"
u049744,"i000282,i001151,i001515,i000360,i001026,i001320,i001922,i002056,i000555,i000317"
u049750,"i000481,i001922,i000521,i000909,i001069,i001952,i001663,i000554,i000342,i000661"
u049757,"i000481,i001069,i001952,i000909,i000661,i001663,i001922,i000521,i000695,i000947"
u049760,"i001069,i000481,i000947,i000909,i001952,i001663,i000521,i000661,i001267,i000931"
u049761,"i001069,i000481,i000909,i001952,i001455,i000661,i000521,i000947,i000554,i001445"
u049762,"i000481,i000909,i001922,i001952,i000521,i000342,i000554,i001663,i000661,i000555"
u049769,"i001069,i000481,i000909,i001952,i000521,i000947,i000661,i000342,i001663,i000324"
u049774,"i000481,i000909,i001922,i001069,i000695,i001952,i001663,i001240,i001455,i001914"
u049776,"i001069,i001952,i000481,i000947,i001663,i000909,i001267,i000661,i000570,i000646"
u049785,"i001952,i000481,i000110,i000324,i001069,i000909,i000555,i000661,i001038,i001455"
u049786,"i000481,i001069,i001952,i000521,i000909,i000661,i001663,i000342,i000646,i000947"
u049790,"i000481,i001663,i000554,i001922,i001240,i001445,i000909,i001952,i000661,i000695"
u049796,"i000481,i001069,i001952,i000909,i001663,i000661,i001455,i001445,i000695,i000554"
u049811,"i000481,i000695,i001240,i001663,i000554,i001952,i001445,i000909,i001191,i001688"
u049824,"i001952,i000481,i001455,i000661,i001069,i001046,i001663,i001445,i000909,i000554"
u049830,"i001455,i001673,i001710,i001952,i000554,i000481,i000661,i001445,i000909,i001069"
u049838,"i001069,i000481,i000909,i001952,i001663,i000661,i000947,i001455,i000554,i001914"
u049842,"i001914,i001649,i001087,i001455,i000909,i001673,i001445,i001069,i000481,i001710"
u049844,"i001952,i001069,i000481,i001455,i000909,i000661,i001445,i000554,i000947,i001673"
u049846,"i000481,i001069,i001952,i001663,i000909,i000661,i000521,i000342,i000554,i000646"
u049849,"i000481,i001069,i000909,i001952,i000521,i000342,i001663,i000947,i000661,i000646"
u049850,"i000554,i001191,i001455,i001445,i000956,i001949,i001717,i001240,i001143,i001673"
u049851,"i000695,i001584,i000058,i001049,i001462,i001688,i001240,i000401,i000829,i001922"
u049858,"i001069,i000481,i001952,i000947,i001922,i000661,i001445,i001663,i001455,i000931"
u049859,"i000481,i000909,i001069,i001952,i000324,i000521,i000555,i001922,i000554,i000342"
u049860,"i001445,i001069,i000481,i001952,i000661,i000342,i000521,i001663,i000909,i001922"
u049866,"i000481,i001069,i000521,i001952,i000661,i001663,i000909,i000342,i000947,i000554"
u049874,"i000324,i000481,i000555,i001069,i000909,i001952,i000661,i000554,i000110,i000342"
u049875,"i000481,i000909,i001069,i000695,i001952,i001663,i001240,i001455,i001049,i000554"
u049878,"i001478,i000481,i001069,i000909,i001663,i001952,i001445,i001046,i000342,i000554"
u049887,"i001046,i001455,i001952,i001445,i000481,i000661,i002146,i001673,i000554,i000646"
u049890,"i000481,i000909,i001069,i001952,i001663,i000521,i000646,i000554,i000947,i000661"
u049891,"i000481,i001069,i001952,i000909,i001455,i000661,i000324,i000695,i000554,i001663"
u049892,"i000481,i000909,i001069,i000695,i001952,i001663,i000661,i001455,i001240,i000646"
u049894,"i001069,i000481,i000909,i001952,i000521,i000324,i000947,i000342,i000555,i000661"
u049897,"i000481,i000521,i000909,i000661,i001663,i000646,i001069,i001952,i000342,i000554"
u049910,"i001069,i001455,i001952,i000909,i000481,i001445,i000661,i000554,i001673,i001710"
u049915,"i000481,i001952,i000909,i000554,i001069,i000521,i001663,i000661,i001038,i001455"
u049917,"i000481,i000909,i001455,i001069,i001663,i001952,i000695,i000661,i001445,i000554"
u049919,"i000481,i001922,i001069,i000909,i000521,i001952,i000342,i001663,i000661,i000554"
u049922,"i000481,i001922,i001952,i000909,i001455,i000661,i001663,i001673,i000521,i000554"
u049925,"i001069,i000481,i000909,i001952,i000521,i000342,i000947,i000324,i001663,i000555"
u049930,"i000521,i000909,i000342,i000661,i000481,i001952,i001069,i000947,i000619,i000554"
u049931,"i001914,i000554,i000481,i001240,i001649,i001663,i001949,i000646,i000521,i000661"
u049934,"i001069,i000661,i000521,i000947,i000342,i001952,i000481,i000646,i001663,i000570"
u049942,"i001069,i000481,i000947,i001952,i000909,i000521,i000661,i001663,i000342,i000646"
u049943,"i000481,i001069,i000909,i000521,i001952,i000342,i000324,i000661,i001663,i000947"
u049947,"i001952,i000481,i001455,i000661,i000909,i001069,i001673,i001445,i001710,i000521"
u049949,"i001069,i000909,i000481,i001713,i000521,i000947,i000931,i001952,i000251,i001663"
u049951,"i000661,i001952,i000481,i001455,i001663,i001445,i000646,i001673,i001046,i001069"
u049957,"i001455,i000554,i001922,i001673,i001335,i000931,i001710,i001682,i000282,i001445"
u049962,"i000481,i001069,i001952,i000521,i000909,i001663,i000661,i000342,i000947,i000554"
u049965,"i000481,i000646,i001952,i000521,i000909,i000661,i001663,i000554,i001046,i001038"
u049966,"i001069,i000481,i001952,i000661,i000909,i000521,i001922,i000554,i000324,i000555"
u049969,"i000481,i001069,i000909,i001952,i000521,i001663,i000342,i000554,i001914,i000661"
u049971,"i000481,i000909,i001240,i001663,i000554,i001922,i000695,i000324,i001952,i001445"
u049976,"i001952,i000481,i001069,i000661,i001455,i001663,i001673,i000554,i001710,i000909"
u049981,"i000481,i001069,i001952,i001663,i000661,i000909,i001914,i000695,i000947,i001455"
u049998,"i000554,i000695,i001240,i000058,i001949,i001191,i001455,i001143,i000956,i001049"
u049999,"i001952,i000481,i001151,i000909,i001069,i000282,i000661,i001922,i000555,i000324"
