node_idx,split,test_propensity,selected_testlike_val
0,test,0.9968601,False
1,train,0.36339852,False
2,train,0.48171264,False
3,test,0.37608138,False
4,train,0.41257977,False
5,train,0.49661127,False
6,test,0.9968678,False
7,train,0.5354535,True
8,train,0.4620813,False
9,test,0.99572855,False
10,train,0.3994443,False
11,test,0.49371886,False
12,train,0.49845737,True
13,test,0.45143667,False
14,test,0.53244513,False
15,train,0.003687629,False
16,train,0.003744456,False
17,train,0.22538392,False
18,train,0.38081935,False
19,train,0.0030274992,False
20,train,0.0027621523,False
21,train,0.0033229738,False
22,train,0.41514698,False
23,train,0.003883481,False
24,train,0.42458636,False
25,train,0.5028032,True
26,train,0.3617825,False
27,train,0.5219405,True
28,train,0.4564653,False
29,train,0.27901208,False
30,test,0.3037339,False
31,train,0.57913387,True
32,train,0.48367673,False
33,test,0.40900192,False
34,train,0.0042074416,False
35,test,0.5183973,False
36,train,0.00297419,False
37,test,0.5455827,False
38,train,0.30065912,False
39,train,0.0035634702,False
40,train,0.27771226,False
41,train,0.0029086468,False
42,train,0.4407082,False
43,train,0.003138357,False
44,train,0.003149794,False
45,test,0.5125583,False
46,test,0.5554795,False
47,train,0.36100644,False
48,train,0.45244765,False
49,train,0.46612084,False
50,test,0.9971244,False
51,train,0.4910314,False
52,test,0.3937407,False
53,test,0.2547568,False
54,test,0.53355914,False
55,train,0.0033370804,False
56,train,0.3926061,False
57,train,0.4293622,False
58,train,0.5247518,True
59,train,0.47841138,False
60,train,0.5103476,True
61,train,0.5418117,True
62,train,0.49305442,False
63,train,0.37008256,False
64,train,0.0034249302,False
65,train,0.4204785,False
66,train,0.0027001998,False
67,test,0.38871008,False
68,train,0.0033135542,False
69,train,0.5469781,True
70,train,0.45425805,False
71,test,0.9970924,False
72,train,0.0036499358,False
73,train,0.4830312,False
74,train,0.46193728,False
75,train,0.5390306,True
76,test,0.45983955,False
77,train,0.51627034,True
78,train,0.4903011,False
79,train,0.0033663327,False
80,test,0.23036703,False
81,train,0.0031073133,False
82,train,0.0030013802,False
83,train,0.51210004,True
84,train,0.27451795,False
85,train,0.49947116,True
86,train,0.52748376,True
87,test,0.99677664,False
88,test,0.4563225,False
89,test,0.49359417,False
90,train,0.0032047431,False
91,train,0.40724158,False
92,train,0.004251506,False
93,train,0.49344498,False
94,train,0.5165431,True
95,train,0.34416127,False
96,train,0.52446544,True
97,train,0.50835866,True
98,test,0.4238673,False
99,train,0.36521015,False
100,train,0.4734647,False
101,train,0.51027054,True
102,test,0.99716043,False
103,train,0.4084254,False
104,train,0.0037089447,False
105,train,0.002921972,False
106,train,0.38184658,False
107,train,0.4903201,False
108,train,0.47790393,False
109,train,0.0037702124,False
110,train,0.2576531,False
111,test,0.5236144,False
112,train,0.30696395,False
113,train,0.3719774,False
114,train,0.5215885,True
115,train,0.38163385,False
116,train,0.0032747076,False
117,test,0.4323176,False
118,train,0.3519015,False
119,train,0.4867399,False
120,train,0.3240014,False
121,train,0.49542454,False
122,train,0.4850581,False
123,train,0.2940722,False
124,test,0.33659014,False
125,train,0.540256,True
126,train,0.3223353,False
127,train,0.33921233,False
128,test,0.4100666,False
129,train,0.36607248,False
130,test,0.42187646,False
131,train,0.3637555,False
132,train,0.5644534,True
133,train,0.003494863,False
134,train,0.42859474,False
135,train,0.3870565,False
136,train,0.41953728,False
137,train,0.37948278,False
138,train,0.0035564578,False
139,train,0.48293346,False
140,train,0.3101758,False
141,test,0.42829078,False
142,train,0.0023171874,False
143,train,0.0035764643,False
144,train,0.5335021,True
145,train,0.35943294,False
146,train,0.0028191833,False
147,train,0.54459673,True
148,train,0.33503348,False
149,train,0.47407612,False
150,train,0.40178272,False
151,train,0.0033068499,False
152,test,0.89535576,False
153,test,0.43309402,False
154,train,0.0031568413,False
155,train,0.5130636,True
156,train,0.45049086,False
157,train,0.0030895337,False
158,train,0.4135238,False
159,train,0.0034453846,False
160,test,0.5992203,False
161,test,0.29547784,False
162,train,0.002974913,False
163,train,0.39054513,False
164,train,0.3825492,False
165,test,0.21362332,False
166,train,0.0035530564,False
167,test,0.48534012,False
168,train,0.0034038879,False
169,train,0.28244746,False
170,train,0.45071855,False
171,train,0.003291739,False
172,train,0.0030273998,False
173,train,0.37823108,False
174,train,0.0033087328,False
175,train,0.0030219278,False
176,train,0.42612013,False
177,test,0.53467256,False
178,train,0.003554832,False
179,train,0.3188672,False
180,train,0.46400747,False
181,test,0.42997798,False
182,train,0.35539967,False
183,train,0.3815047,False
184,train,0.6262946,True
185,train,0.003457033,False
186,train,0.0029899497,False
187,test,0.5162413,False
188,test,0.4385637,False
189,train,0.50022286,True
190,train,0.45597783,False
191,train,0.51358545,True
192,train,0.19070914,False
193,train,0.43253428,False
194,train,0.33217528,False
195,test,0.99707615,False
196,test,0.377749,False
197,train,0.5028666,True
198,train,0.55178654,True
199,train,0.39345714,False
200,test,0.3975858,False
201,train,0.0029971777,False
202,train,0.47700837,False
203,train,0.33150524,False
204,train,0.42883113,False
205,train,0.38043225,False
206,train,0.41096547,False
207,train,0.5579775,True
208,train,0.4902185,False
209,train,0.31814542,False
210,train,0.34374607,False
211,train,0.35632524,False
212,train,0.43602997,False
213,train,0.46487856,False
214,test,0.4642606,False
215,test,0.9975061,False
216,test,0.55687624,False
217,train,0.5501233,True
218,train,0.35467473,False
219,train,0.0031835546,False
220,test,0.45035478,False
221,train,0.0033621883,False
222,train,0.40760416,False
223,train,0.46434924,False
224,train,0.4956322,False
225,train,0.5202365,True
226,train,0.0034852996,False
227,train,0.52283406,True
228,test,0.32384807,False
229,train,0.0036505514,False
230,test,0.9970509,False
231,train,0.47395277,False
232,train,0.5739638,True
233,test,0.9972605,False
234,train,0.37353697,False
235,train,0.0039322353,False
236,train,0.49501634,False
237,train,0.43908635,False
238,train,0.5282314,True
239,train,0.5389884,True
240,train,0.4252369,False
241,train,0.45804128,False
242,test,0.3544914,False
243,train,0.46713972,False
244,train,0.36623532,False
245,train,0.5286358,True
246,train,0.5317816,True
247,train,0.49994013,True
248,test,0.36071602,False
249,test,0.40962344,False
250,train,0.5252232,True
251,train,0.3979072,False
252,test,0.23644671,False
253,train,0.5043478,True
254,test,0.49303198,False
255,train,0.003400756,False
256,train,0.48784816,False
257,train,0.45543602,False
258,train,0.2439294,False
259,train,0.30958208,False
260,train,0.0040730946,False
261,train,0.34625798,False
262,train,0.0033123135,False
263,train,0.58327824,True
264,train,0.37108433,False
265,test,0.4644219,False
266,train,0.5380924,True
267,test,0.33380353,False
268,train,0.5361595,True
269,train,0.22393462,False
270,train,0.0040444536,False
271,train,0.360981,False
272,train,0.55387455,True
273,train,0.536568,True
274,test,0.3035407,False
275,train,0.5071336,True
276,train,0.37984028,False
277,train,0.0026704313,False
278,test,0.5590775,False
279,train,0.30919722,False
280,test,0.45452178,False
281,train,0.54275626,True
282,train,0.41735905,False
283,train,0.21583617,False
284,train,0.0032021475,False
285,train,0.5411402,True
286,train,0.20843323,False
287,train,0.0031234312,False
288,train,0.003404075,False
289,test,0.42777473,False
290,train,0.54539436,True
291,train,0.4567778,False
292,train,0.0031507085,False
293,train,0.37646845,False
294,test,0.42503312,False
295,train,0.533406,True
296,train,0.4482896,False
297,train,0.36756188,False
298,train,0.4334061,False
299,train,0.45539892,False
300,train,0.4264107,False
301,test,0.9976059,False
302,train,0.22353421,False
303,train,0.48360762,False
304,train,0.4305716,False
305,test,0.50519824,False
306,train,0.53393185,True
307,train,0.3593527,False
308,train,0.4508951,False
309,test,0.99718,False
310,test,0.53832674,False
311,train,0.49779823,False
312,train,0.0034365626,False
313,train,0.50406086,True
314,train,0.47078544,False
315,train,0.5005993,True
316,test,0.38585895,False
317,test,0.63306826,False
318,train,0.39885205,False
319,train,0.0033293075,False
320,train,0.43653587,False
321,train,0.4073484,False
322,train,0.3288027,False
323,test,0.9966495,False
324,train,0.45106307,False
325,test,0.46322656,False
326,train,0.0038228703,False
327,train,0.4833463,False
328,train,0.0039847293,False
329,test,0.6291606,False
330,train,0.23529834,False
331,train,0.002697519,False
332,train,0.003384339,False
333,train,0.5515449,True
334,train,0.2729804,False
335,train,0.5309616,True
336,test,0.4154077,False
337,test,0.4791779,False
338,train,0.003347974,False
339,train,0.408959,False
340,test,0.5050264,False
341,train,0.0029889527,False
342,train,0.4342342,False
343,train,0.44329864,False
344,train,0.48362592,False
345,train,0.5359249,True
346,train,0.3393864,False
347,train,0.28782126,False
348,test,0.28712845,False
349,train,0.47195303,False
350,train,0.47835493,False
351,train,0.24552022,False
352,train,0.40645075,False
353,train,0.5160759,True
354,train,0.3928189,False
355,train,0.31045985,False
356,train,0.35744858,False
357,train,0.45098287,False
358,train,0.22654685,False
359,train,0.0024369045,False
360,train,0.3655691,False
361,train,0.42477491,False
362,train,0.47408313,False
363,train,0.35111567,False
364,train,0.003556001,False
365,train,0.4502317,False
366,train,0.54523313,True
367,test,0.4455462,False
368,train,0.0036073737,False
369,train,0.41541764,False
370,test,0.48403245,False
371,train,0.43533102,False
372,train,0.0031418046,False
373,train,0.47563326,False
374,train,0.003365126,False
375,train,0.47869045,False
376,train,0.47185048,False
377,train,0.0036736683,False
378,train,0.0026434297,False
379,train,0.46951047,False
380,train,0.52685195,True
381,train,0.4445412,False
382,test,0.42499557,False
383,train,0.47390816,False
384,test,0.40246013,False
385,train,0.32000116,False
386,train,0.4856014,False
387,train,0.34617567,False
388,train,0.45634747,False
389,train,0.46913558,False
390,train,0.004275003,False
391,train,0.48724854,False
392,train,0.53927326,True
393,test,0.4003074,False
394,train,0.5515428,True
395,train,0.3946689,False
396,train,0.002948247,False
397,train,0.4389747,False
398,train,0.43496734,False
399,train,0.47466835,False
400,train,0.48480842,False
401,train,0.53439564,True
402,train,0.28649282,False
403,train,0.45736992,False
404,train,0.4900031,False
405,train,0.5299958,True
406,train,0.0028814292,False
407,test,0.57859856,False
408,test,0.49425685,False
409,train,0.003195625,False
410,train,0.27283975,False
411,train,0.44979787,False
412,train,0.49098986,False
413,train,0.5045287,True
414,train,0.49493605,False
415,train,0.003334269,False
416,train,0.875551,True
417,test,0.9693827,False
418,test,0.9969837,False
419,test,0.41861024,False
420,train,0.4463662,False
421,train,0.5740548,True
422,train,0.41615066,False
423,train,0.5271903,True
424,train,0.52329725,True
425,test,0.32756627,False
426,train,0.32076785,False
427,train,0.0030146346,False
428,train,0.48235145,False
429,train,0.47724956,False
430,test,0.46844697,False
431,train,0.48502228,False
432,train,0.4502028,False
433,test,0.4481476,False
434,train,0.48437187,False
435,train,0.0036482662,False
436,train,0.31765863,False
437,train,0.0033428138,False
438,train,0.003395457,False
439,train,0.0036589217,False
440,train,0.0030436867,False
441,train,0.47467622,False
442,test,0.5132278,False
443,train,0.5103487,True
444,train,0.0038957554,False
445,train,0.5952385,True
446,test,0.9967017,False
447,test,0.99697316,False
448,train,0.2955597,False
449,train,0.49339026,False
450,test,0.3319448,False
451,test,0.48639908,False
452,test,0.99720263,False
453,train,0.42778486,False
454,train,0.56341314,True
455,train,0.8224513,True
456,test,0.3718343,False
457,train,0.41574624,False
458,train,0.4464972,False
459,train,0.003534617,False
460,train,0.49379316,False
461,train,0.003017161,False
462,train,0.42131376,False
463,train,0.5367989,True
464,train,0.47256434,False
465,train,0.42422178,False
466,test,0.3619001,False
467,train,0.36355665,False
468,test,0.99665064,False
469,train,0.44604027,False
470,train,0.7392183,True
471,train,0.0033670515,False
472,test,0.49128166,False
473,test,0.44586194,False
474,train,0.43203044,False
475,train,0.4876311,False
476,train,0.4426854,False
477,train,0.45095077,False
478,test,0.47542983,False
479,test,0.39670947,False
480,train,0.00367114,False
481,train,0.5281387,True
482,train,0.0041070688,False
483,train,0.43159595,False
484,train,0.0024639145,False
485,train,0.43002507,False
486,train,0.0033487787,False
487,train,0.46560672,False
488,train,0.5843142,True
489,train,0.0037159258,False
490,train,0.43303335,False
491,train,0.37903464,False
492,train,0.0033221075,False
493,train,0.5005268,True
494,train,0.0025288602,False
495,train,0.0037098597,False
496,train,0.36821353,False
497,train,0.36989763,False
498,test,0.42382288,False
499,train,0.0031282129,False
500,train,0.58084816,True
501,train,0.47504348,False
502,train,0.37358975,False
503,test,0.99722964,False
504,train,0.42632037,False
505,train,0.47814694,False
506,train,0.3449869,False
507,train,0.0037776015,False
508,train,0.0030091722,False
509,test,0.22907071,False
510,train,0.0026950424,False
511,train,0.43123075,False
512,train,0.35409054,False
513,train,0.44917113,False
514,train,0.5783564,True
515,train,0.00389238,False
516,test,0.5174541,False
517,train,0.0027804887,False
518,train,0.003672215,False
519,train,0.0041038683,False
520,train,0.421248,False
521,train,0.36100203,False
522,train,0.27265757,False
523,train,0.0033871562,False
524,train,0.3360122,False
525,train,0.55955106,True
526,test,0.39750287,False
527,train,0.5368911,True
528,train,0.5228393,True
529,train,0.34487858,False
530,train,0.5211142,True
531,train,0.41588712,False
532,train,0.58830154,True
533,test,0.59801716,False
534,train,0.0032287352,False
535,train,0.45528743,False
536,train,0.3696938,False
537,train,0.0032348463,False
538,train,0.43805164,False
539,test,0.99594516,False
540,train,0.0029575278,False
541,train,0.003848238,False
542,train,0.0033459,False
543,test,0.5164928,False
544,train,0.4526073,False
545,train,0.48296082,False
546,train,0.51337343,True
547,test,0.43401417,False
548,train,0.5088046,True
549,train,0.44394824,False
550,train,0.5003427,True
551,train,0.45221594,False
552,train,0.00385855,False
553,train,0.35615307,False
554,test,0.552362,False
555,train,0.52430606,True
556,train,0.3522473,False
557,test,0.4122281,False
558,train,0.5459544,True
559,test,0.9971467,False
560,train,0.5020653,True
561,train,0.003424484,False
562,train,0.44298154,False
563,train,0.34141278,False
564,train,0.0031306578,False
565,train,0.44295353,False
566,train,0.40714946,False
567,train,0.48425034,False
568,train,0.47297388,False
569,train,0.0050268862,False
570,test,0.47652423,False
571,test,0.9971163,False
572,train,0.52084225,True
573,train,0.48438457,False
574,train,0.3386861,False
575,train,0.33514017,False
576,train,0.45842665,False
577,train,0.4912523,False
578,train,0.44977272,False
579,train,0.40623778,False
580,test,0.49947998,False
581,train,0.5638464,True
582,train,0.414118,False
583,train,0.62342125,True
584,train,0.0029618244,False
585,train,0.5424431,True
586,train,0.3998208,False
587,train,0.39220038,False
588,train,0.4305744,False
589,train,0.3876326,False
590,test,0.9975228,False
591,train,0.4900399,False
592,test,0.55703807,False
593,train,0.53657305,True
594,train,0.0027430886,False
595,test,0.39947736,False
596,train,0.5478995,True
597,test,0.50735104,False
598,train,0.49869242,True
599,train,0.50649977,True
600,train,0.4409074,False
601,train,0.0038267227,False
602,train,0.46802709,False
603,train,0.44701284,False
604,train,0.4709065,False
605,train,0.0037179454,False
606,test,0.4842292,False
607,train,0.46950546,False
608,train,0.44469377,False
609,train,0.4656931,False
610,train,0.3745785,False
611,train,0.3797103,False
612,train,0.4760865,False
613,train,0.6331085,True
614,train,0.002890141,False
615,train,0.392968,False
616,train,0.45922077,False
617,train,0.47397193,False
618,train,0.4087168,False
619,train,0.36546856,False
620,train,0.0030166616,False
621,train,0.43712983,False
622,train,0.41048178,False
623,test,0.48162603,False
624,train,0.6021826,True
625,train,0.5239175,True
626,train,0.51062036,True
627,train,0.36007053,False
628,test,0.49927282,False
629,train,0.003501141,False
630,train,0.4042341,False
631,train,0.36668283,False
632,train,0.4474268,False
633,train,0.3702972,False
634,test,0.36495873,False
635,train,0.0033284246,False
636,train,0.43841568,False
637,train,0.57602483,True
638,test,0.4931727,False
639,test,0.9968249,False
640,train,0.47482926,False
641,train,0.5388361,True
642,test,0.43766287,False
643,train,0.53166527,True
644,train,0.0038075033,False
645,train,0.0027784,False
646,train,0.003052629,False
647,train,0.43602893,False
648,train,0.5476475,True
649,train,0.4143334,False
650,test,0.504539,False
651,train,0.3771955,False
652,train,0.36332828,False
653,test,0.4103215,False
654,train,0.003284867,False
655,train,0.0035662479,False
656,train,0.45777044,False
657,test,0.571515,False
658,train,0.5170901,True
659,train,0.3729341,False
660,test,0.9973579,False
661,train,0.5033405,True
662,test,0.4800681,False
663,test,0.47234234,False
664,train,0.003335548,False
665,train,0.0032258655,False
666,train,0.00283351,False
667,train,0.3906921,False
668,test,0.42179784,False
669,train,0.27178338,False
670,train,0.0035894222,False
671,train,0.003145897,False
672,train,0.42356545,False
673,train,0.43381298,False
674,test,0.99665946,False
675,train,0.0025617818,False
676,train,0.4299825,False
677,train,0.37962127,False
678,train,0.3423594,False
679,train,0.50077575,True
680,train,0.0034302927,False
681,train,0.4340773,False
682,train,0.48126033,False
683,train,0.3932543,False
684,train,0.41480482,False
685,train,0.31863865,False
686,train,0.42516533,False
687,test,0.38412678,False
688,train,0.5948515,True
689,train,0.41283622,False
690,train,0.4283163,False
691,train,0.5218284,True
692,test,0.3915394,False
693,test,0.50747114,False
694,train,0.61030775,True
695,train,0.3813645,False
696,train,0.0037153037,False
697,train,0.3972889,False
698,train,0.30173868,False
699,train,0.39369497,False
700,train,0.56178766,True
701,train,0.5552267,True
702,train,0.4782509,False
703,train,0.0034057554,False
704,train,0.5356325,True
705,train,0.3905308,False
706,train,0.2863578,False
707,test,0.48271722,False
708,test,0.99713683,False
709,train,0.3963503,False
710,train,0.0031089429,False
711,train,0.2965074,False
712,train,0.49715826,False
713,train,0.0032370186,False
714,train,0.5032462,True
715,train,0.37317565,False
716,train,0.45454094,False
717,train,0.42646784,False
718,train,0.41666678,False
719,train,0.61415774,True
720,train,0.002829118,False
721,train,0.35410607,False
722,train,0.0042748186,False
723,train,0.0037305236,False
724,train,0.47682574,False
725,test,0.3142148,False
726,test,0.44019407,False
727,train,0.42563948,False
728,train,0.48214388,False
729,train,0.3220654,False
730,train,0.5193149,True
731,train,0.5668803,True
732,train,0.43202442,False
733,train,0.44896418,False
734,train,0.47555584,False
735,train,0.0027116232,False
736,train,0.51313406,True
737,train,0.2925337,False
738,train,0.48306695,False
739,train,0.47593436,False
740,train,0.3204091,False
741,train,0.42707297,False
742,train,0.40865937,False
743,test,0.98669684,False
744,train,0.28565955,False
745,train,0.34903407,False
746,train,0.5480094,True
747,test,0.9978523,False
748,train,0.0035637214,False
749,test,0.8108094,False
750,test,0.9946134,False
751,test,0.35924277,False
752,train,0.003365726,False
753,train,0.51831996,True
754,train,0.003401572,False
755,train,0.5653946,True
756,train,0.0036653667,False
757,train,0.50412494,True
758,train,0.49119085,False
759,train,0.29102403,False
760,train,0.47141328,False
761,train,0.51725036,True
762,train,0.45694298,False
763,test,0.55408955,False
764,train,0.39441624,False
765,train,0.46145716,False
766,train,0.56118834,True
767,train,0.44205278,False
768,train,0.5545524,True
769,train,0.5334569,True
770,train,0.43972757,False
771,train,0.0029863867,False
772,train,0.46039125,False
773,train,0.3999382,False
774,test,0.99629,False
775,train,0.003643486,False
776,train,0.0033743116,False
777,train,0.5169379,True
778,train,0.47898948,False
779,train,0.003155416,False
780,test,0.39084867,False
781,test,0.74850285,False
782,test,0.4515527,False
783,train,0.57268566,True
784,train,0.51383245,True
785,train,0.38637853,False
786,test,0.40332124,False
787,train,0.56700164,True
788,train,0.49625695,False
789,test,0.56319064,False
790,train,0.4003056,False
791,train,0.31080896,False
792,train,0.0029989078,False
793,train,0.4917759,False
794,train,0.32776752,False
795,train,0.5488979,True
796,train,0.55477047,True
797,train,0.27323332,False
798,train,0.0030962024,False
799,train,0.39961082,False
800,train,0.0033074336,False
801,train,0.47610155,False
802,train,0.5058088,True
803,train,0.5522289,True
804,train,0.0039472394,False
805,train,0.42498875,False
806,train,0.39930955,False
807,train,0.003530703,False
808,train,0.45287153,False
809,train,0.0033916857,False
810,train,0.38338438,False
811,train,0.323622,False
812,train,0.39690322,False
813,train,0.002886693,False
814,train,0.48834634,False
815,train,0.5142611,True
816,train,0.51716757,True
817,train,0.34831795,False
818,train,0.37730446,False
819,train,0.6803194,True
820,train,0.5597804,True
821,train,0.44803545,False
822,test,0.5548081,False
823,train,0.44787207,False
824,train,0.0031268678,False
825,train,0.4139901,False
826,train,0.5026883,True
827,train,0.0026377845,False
828,train,0.48650572,False
829,train,0.45446607,False
830,test,0.9961432,False
831,train,0.0031222044,False
832,train,0.6171041,True
833,train,0.38768217,False
834,train,0.0021224439,False
835,test,0.9966582,False
836,train,0.0035733532,False
837,test,0.99786174,False
838,train,0.481024,False
839,train,0.4029063,False
840,train,0.0031327773,False
841,train,0.003545342,False
842,train,0.51423836,True
843,test,0.4000942,False
844,train,0.4793309,False
845,train,0.39308843,False
846,train,0.0029504183,False
847,train,0.50908715,True
848,train,0.5869533,True
849,train,0.0033364876,False
850,train,0.40607798,False
851,test,0.29663935,False
852,train,0.47617003,False
853,train,0.0029927215,False
854,train,0.39107215,False
855,train,0.45397168,False
856,train,0.67583877,True
857,test,0.526034,False
858,train,0.53531575,True
859,train,0.32631117,False
860,test,0.4658446,False
861,train,0.4014396,False
862,train,0.26488036,False
863,test,0.99696195,False
864,train,0.002953498,False
865,train,0.44862702,False
866,train,0.44948873,False
867,train,0.33788088,False
868,train,0.29411083,False
869,test,0.9972165,False
870,train,0.53996015,True
871,train,0.42702186,False
872,train,0.39400572,False
873,train,0.40999213,False
874,train,0.43422592,False
875,train,0.0030200158,False
876,train,0.46879813,False
877,train,0.34704322,False
878,train,0.0030461533,False
879,test,0.47981423,False
880,train,0.5003069,True
881,test,0.4537137,False
882,train,0.41119587,False
883,train,0.3857564,False
884,train,0.54313445,True
885,train,0.38557628,False
886,train,0.45533228,False
887,test,0.2865924,False
888,train,0.22220474,False
889,train,0.3048334,False
890,train,0.003377744,False
891,test,0.49722728,False
892,train,0.50211376,True
893,train,0.426195,False
894,train,0.49541017,False
895,train,0.42065695,False
896,train,0.0039303186,False
897,train,0.6158982,True
898,train,0.62617916,True
899,train,0.5058484,True
900,train,0.4925109,False
901,test,0.9968146,False
902,train,0.42763236,False
903,train,0.44027334,False
904,train,0.34146988,False
905,test,0.99709904,False
906,test,0.45636976,False
907,train,0.4652188,False
908,train,0.51349103,True
909,train,0.44170249,False
910,test,0.53723186,False
911,train,0.5671997,True
912,test,0.4672814,False
913,train,0.0020271942,False
914,train,0.51274914,True
915,train,0.0036054286,False
916,train,0.48325896,False
917,train,0.5861828,True
918,train,0.003036483,False
919,train,0.50281316,True
920,train,0.5011007,True
921,train,0.003009742,False
922,test,0.4142277,False
923,test,0.40614957,False
924,test,0.5371177,False
925,test,0.5796274,False
926,train,0.4625916,False
927,train,0.58198494,True
928,test,0.37425423,False
929,train,0.4401776,False
930,train,0.28840423,False
931,train,0.5438602,True
932,train,0.5325627,True
933,train,0.0032747127,False
934,train,0.5358575,True
935,train,0.38984832,False
936,test,0.42941776,False
937,train,0.40266585,False
938,train,0.52853227,True
939,train,0.46478724,False
940,train,0.0025856069,False
941,train,0.35268188,False
942,train,0.54081774,True
943,train,0.51356673,True
944,train,0.40012592,False
945,train,0.5678774,True
946,train,0.55975986,True
947,train,0.3016473,False
948,train,0.0034728427,False
949,train,0.3392546,False
950,train,0.0029870295,False
951,train,0.55058455,True
952,train,0.003997264,False
953,test,0.5170194,False
954,train,0.46581268,False
955,train,0.45418403,False
956,train,0.5773165,True
957,train,0.38753387,False
958,train,0.32640615,False
959,train,0.47886163,False
960,train,0.53310674,True
961,train,0.3415169,False
962,test,0.4614284,False
963,train,0.39906058,False
964,train,0.4187489,False
965,train,0.003210729,False
966,train,0.32493544,False
967,train,0.5221564,True
968,train,0.3669435,False
969,train,0.5409752,True
970,test,0.4444338,False
971,train,0.33822027,False
972,train,0.45592734,False
973,train,0.39671203,False
974,train,0.3750025,False
975,train,0.43527794,False
976,train,0.5188499,True
977,train,0.57421595,True
978,train,0.3708671,False
979,train,0.35443434,False
980,train,0.5145846,True
981,train,0.446443,False
982,test,0.51012963,False
983,test,0.46891546,False
984,train,0.36620575,False
985,train,0.6247792,True
986,test,0.41990393,False
987,train,0.47229388,False
988,train,0.5724714,True
989,train,0.6370151,True
990,train,0.47168761,False
991,train,0.33161163,False
992,train,0.0047516124,False
993,train,0.0026241618,False
994,train,0.29709637,False
995,test,0.99706906,False
996,train,0.0033157568,False
997,train,0.5822668,True
998,train,0.52169585,True
999,test,0.41035444,False
1000,train,0.0035097338,False
1001,train,0.0031457946,False
1002,train,0.5076813,True
1003,train,0.46707073,False
1004,train,0.5228968,True
1005,train,0.47638303,False
1006,test,0.4619532,False
1007,train,0.003609547,False
1008,test,0.32398972,False
1009,test,0.46360353,False
1010,train,0.3259186,False
1011,train,0.0037651402,False
1012,train,0.47453427,False
1013,train,0.41208938,False
1014,train,0.0029163242,False
1015,train,0.0028857926,False
1016,test,0.3468656,False
1017,test,0.9967367,False
1018,train,0.3521217,False
1019,train,0.30259928,False
1020,test,0.4109936,False
1021,train,0.4610191,False
1022,train,0.0033871564,False
1023,train,0.38244402,False
1024,train,0.45977086,False
1025,train,0.00321142,False
1026,train,0.42940906,False
1027,train,0.5436714,True
1028,train,0.34181958,False
1029,train,0.0025799794,False
1030,train,0.45211563,False
1031,train,0.47826192,False
1032,train,0.3161008,False
1033,train,0.49754226,False
1034,test,0.40378127,False
1035,train,0.0034120055,False
1036,test,0.99719733,False
1037,train,0.21967123,False
1038,train,0.5218541,True
1039,train,0.5774634,True
1040,train,0.39553693,False
1041,train,0.42876095,False
1042,train,0.002583933,False
1043,test,0.36471096,False
1044,train,0.40074152,False
1045,train,0.5831286,True
1046,train,0.42274326,False
1047,test,0.9970898,False
1048,train,0.37851974,False
1049,train,0.60858524,True
1050,test,0.29063052,False
1051,train,0.5077547,True
1052,train,0.0041654976,False
1053,test,0.41960567,False
1054,train,0.003473842,False
1055,train,0.5583838,True
1056,test,0.36096522,False
1057,train,0.58810705,True
1058,test,0.4006409,False
1059,train,0.0029436997,False
1060,train,0.0037682937,False
1061,test,0.5470401,False
1062,test,0.46843553,False
1063,train,0.0035756752,False
1064,test,0.42513898,False
1065,train,0.4394405,False
1066,train,0.4311133,False
1067,train,0.50448644,True
1068,train,0.47022077,False
1069,train,0.43970603,False
1070,train,0.7506848,True
1071,train,0.20966262,False
1072,train,0.003188431,False
1073,train,0.30726072,False
1074,train,0.37713578,False
1075,train,0.0034197415,False
1076,test,0.8763549,False
1077,test,0.9968145,False
1078,test,0.5194309,False
1079,test,0.3498172,False
1080,test,0.38350567,False
1081,test,0.7814481,False
1082,test,0.49669766,False
1083,train,0.0034206677,False
1084,train,0.4598783,False
1085,train,0.46987495,False
1086,train,0.46234965,False
1087,train,0.55424756,True
1088,train,0.0036508644,False
1089,train,0.38078287,False
1090,train,0.47666484,False
1091,train,0.4688681,False
1092,train,0.0034273877,False
1093,train,0.35112113,False
1094,test,0.4989771,False
1095,train,0.55993074,True
1096,train,0.47745803,False
1097,train,0.38907287,False
1098,train,0.57478946,True
1099,train,0.34016594,False
1100,train,0.54038596,True
1101,train,0.39045903,False
1102,train,0.49033564,False
1103,test,0.3683778,False
1104,train,0.54092187,True
1105,train,0.4411393,False
1106,train,0.0033200793,False
1107,train,0.0034685123,False
1108,train,0.5460892,True
1109,train,0.5113039,True
1110,train,0.599875,True
1111,train,0.36750197,False
1112,train,0.5874051,True
1113,train,0.0034284205,False
1114,train,0.43181282,False
1115,train,0.32108328,False
1116,train,0.0036460042,False
1117,train,0.49237218,False
1118,train,0.4088098,False
1119,train,0.29802144,False
1120,train,0.0032373446,False
1121,train,0.0025377546,False
1122,train,0.3107369,False
1123,train,0.5007407,True
1124,train,0.6074687,True
1125,train,0.33944133,False
1126,train,0.0032458773,False
1127,train,0.4461472,False
1128,train,0.0026187664,False
1129,test,0.9962875,False
1130,train,0.54180306,True
1131,test,0.41231757,False
1132,test,0.3772288,False
1133,train,0.29350176,False
1134,train,0.37698433,False
1135,train,0.003449772,False
1136,test,0.41493875,False
1137,train,0.6148452,True
1138,test,0.99732655,False
1139,test,0.48955625,False
1140,train,0.458291,False
1141,train,0.43198216,False
1142,train,0.50126696,True
1143,train,0.44780123,False
1144,train,0.0038505627,False
1145,train,0.32617843,False
1146,train,0.48691562,False
1147,train,0.46470687,False
1148,train,0.48766643,False
1149,test,0.9971634,False
1150,train,0.34917945,False
1151,test,0.32138154,False
1152,train,0.5159785,True
1153,train,0.0032954654,False
1154,train,0.0032447523,False
1155,test,0.55377764,False
1156,train,0.0032314558,False
1157,train,0.37047598,False
1158,test,0.4280985,False
1159,train,0.5388879,True
1160,train,0.4123178,False
1161,test,0.9972843,False
1162,test,0.29750243,False
1163,train,0.42847362,False
1164,test,0.5579437,False
1165,test,0.4354737,False
1166,train,0.37767306,False
1167,train,0.3906565,False
1168,train,0.38639244,False
1169,train,0.4597877,False
1170,train,0.37352714,False
1171,test,0.6625154,False
1172,train,0.36647347,False
1173,train,0.30836883,False
1174,train,0.34564528,False
1175,train,0.42601508,False
1176,train,0.3678287,False
1177,train,0.43143275,False
1178,test,0.3943686,False
1179,train,0.5152009,True
1180,train,0.27393252,False
1181,train,0.003290261,False
1182,test,0.9968062,False
1183,train,0.2368084,False
1184,train,0.00342215,False
1185,train,0.003850973,False
1186,test,0.45838654,False
1187,train,0.4424437,False
1188,train,0.45118004,False
1189,train,0.46895406,False
1190,train,0.42191312,False
1191,train,0.5412458,True
1192,train,0.3470359,False
1193,train,0.35927883,False
1194,train,0.003549832,False
1195,train,0.62819856,True
1196,test,0.47449964,False
1197,train,0.48774472,False
1198,test,0.46453255,False
1199,train,0.47634923,False
1200,train,0.40700775,False
1201,train,0.5142492,True
1202,train,0.0037808546,False
1203,train,0.4694554,False
1204,train,0.5613806,True
1205,train,0.5475418,True
1206,train,0.55162585,True
1207,train,0.37311098,False
1208,test,0.35487744,False
1209,train,0.5776956,True
1210,train,0.37166542,False
1211,train,0.5833951,True
1212,test,0.3522955,False
1213,test,0.47477102,False
1214,train,0.0032878171,False
1215,train,0.46447963,False
1216,train,0.0027002825,False
1217,train,0.5792882,True
1218,test,0.99688876,False
1219,train,0.5621308,True
1220,train,0.42159122,False
1221,test,0.5474276,False
1222,train,0.5670025,True
1223,train,0.48568326,False
1224,train,0.0028797602,False
1225,train,0.48262948,False
1226,test,0.996978,False
1227,test,0.36237127,False
1228,train,0.0032980544,False
1229,train,0.37612656,False
1230,train,0.0033588954,False
1231,train,0.50729764,True
1232,test,0.28834933,False
1233,train,0.0033299357,False
1234,train,0.37716267,False
1235,train,0.0027925447,False
1236,train,0.47967508,False
1237,train,0.393406,False
1238,train,0.38001958,False
1239,train,0.42831147,False
1240,train,0.38581085,False
1241,train,0.49653986,False
1242,train,0.39019996,False
1243,train,0.0033742518,False
1244,train,0.5390581,True
1245,train,0.42589977,False
1246,train,0.5077386,True
1247,train,0.4818327,False
1248,train,0.4627273,False
1249,train,0.27760276,False
1250,test,0.5109803,False
1251,train,0.4249464,False
1252,test,0.9964132,False
1253,train,0.4738046,False
1254,train,0.4498979,False
1255,train,0.0028254522,False
1256,train,0.0025015734,False
1257,train,0.54871076,True
1258,test,0.47869447,False
1259,train,0.538652,True
1260,test,0.6188734,False
1261,train,0.49105215,False
1262,train,0.44584137,False
1263,train,0.4547626,False
1264,test,0.3909088,False
1265,train,0.003050351,False
1266,train,0.004165397,False
1267,train,0.3721894,False
1268,train,0.40252122,False
1269,train,0.2695612,False
1270,test,0.57765603,False
1271,train,0.0032573997,False
1272,train,0.48699015,False
1273,train,0.0027794766,False
1274,train,0.49973035,True
1275,train,0.33466285,False
1276,train,0.4578888,False
1277,train,0.578121,True
1278,train,0.4321029,False
1279,train,0.43104887,False
1280,train,0.5500536,True
1281,test,0.42220044,False
1282,train,0.50899106,True
1283,train,0.3623739,False
1284,test,0.99743193,False
1285,test,0.35230106,False
1286,train,0.61674726,True
1287,train,0.4419309,False
1288,test,0.45095935,False
1289,train,0.3210498,False
1290,train,0.0028071252,False
1291,train,0.0041312627,False
1292,train,0.44756213,False
1293,train,0.47177753,False
1294,test,0.39180854,False
1295,train,0.37409535,False
1296,train,0.55527234,True
1297,test,0.4013408,False
1298,train,0.35268906,False
1299,train,0.003428432,False
1300,train,0.41858336,False
1301,train,0.3906849,False
1302,train,0.5175981,True
1303,test,0.4846523,False
1304,train,0.36722136,False
1305,test,0.4168501,False
1306,train,0.34459856,False
1307,train,0.5275193,True
1308,test,0.46647713,False
1309,train,0.0031160444,False
1310,train,0.49782544,False
1311,train,0.0031469446,False
1312,train,0.003333322,False
1313,train,0.37944108,False
1314,test,0.2739994,False
1315,train,0.4209825,False
1316,train,0.4958027,False
1317,train,0.36657846,False
1318,train,0.6049504,True
1319,train,0.34326175,False
1320,test,0.396046,False
1321,train,0.4967774,False
1322,test,0.55752665,False
1323,train,0.46037847,False
1324,train,0.43336186,False
1325,test,0.42466608,False
1326,train,0.003740875,False
1327,train,0.003254301,False
1328,train,0.44765845,False
1329,train,0.5212055,True
1330,train,0.39338094,False
1331,train,0.21088272,False
1332,test,0.99628633,False
1333,train,0.6090187,True
1334,train,0.5460668,True
1335,train,0.41818196,False
1336,train,0.0033618931,False
1337,train,0.37178347,False
1338,train,0.3665999,False
1339,train,0.39920884,False
1340,train,0.38435996,False
1341,test,0.99741936,False
1342,train,0.38947442,False
1343,train,0.0036781467,False
1344,train,0.42612258,False
1345,train,0.002972474,False
1346,train,0.43410584,False
1347,train,0.45003033,False
1348,train,0.5068316,True
1349,test,0.2591046,False
1350,train,0.4427651,False
1351,test,0.5159256,False
1352,train,0.44625983,False
1353,train,0.0041446825,False
1354,train,0.37580705,False
1355,train,0.5063116,True
1356,train,0.42000344,False
1357,train,0.4867569,False
1358,test,0.50785786,False
1359,train,0.4851581,False
1360,train,0.36941198,False
1361,train,0.5148062,True
1362,train,0.36288548,False
1363,test,0.9967417,False
1364,train,0.43388557,False
1365,train,0.0042933286,False
1366,train,0.0033029607,False
1367,test,0.9971598,False
1368,train,0.48596823,False
1369,test,0.45592475,False
1370,train,0.0033089146,False
1371,train,0.5185048,True
1372,train,0.35521147,False
1373,train,0.5198898,True
1374,train,0.0040254574,False
1375,train,0.002652278,False
1376,train,0.3563993,False
1377,train,0.2440566,False
1378,train,0.460968,False
1379,train,0.0040446143,False
1380,train,0.33324513,False
1381,train,0.45812804,False
1382,train,0.39817506,False
1383,train,0.55108094,True
1384,train,0.55302685,True
1385,train,0.33974376,False
1386,train,0.36454692,False
1387,train,0.4862247,False
1388,train,0.4023217,False
1389,train,0.47112802,False
1390,test,0.50787693,False
1391,train,0.0033444092,False
1392,test,0.9756199,False
1393,test,0.7105978,False
1394,train,0.480631,False
1395,train,0.24136299,False
1396,test,0.39325485,False
1397,train,0.0033719365,False
1398,train,0.0025852611,False
1399,train,0.5886927,True
1400,train,0.45808005,False
1401,test,0.5184164,False
1402,test,0.50137454,False
1403,train,0.45440987,False
1404,train,0.54271966,True
1405,train,0.45649475,False
1406,test,0.9787562,False
1407,train,0.0028645825,False
1408,train,0.00271867,False
1409,train,0.4646841,False
1410,train,0.49650404,False
1411,test,0.3425806,False
1412,train,0.3831454,False
1413,train,0.36479017,False
1414,train,0.5168285,True
1415,train,0.50792116,True
1416,train,0.43498027,False
1417,train,0.35393494,False
1418,train,0.41439417,False
1419,train,0.4475188,False
1420,train,0.003563103,False
1421,train,0.56419045,True
1422,train,0.49855262,True
1423,train,0.45982617,False
1424,train,0.5144778,True
1425,train,0.41312805,False
1426,train,0.56568986,True
1427,train,0.5010303,True
1428,train,0.40965572,False
1429,train,0.51375425,True
1430,train,0.59004205,True
1431,test,0.42947078,False
1432,train,0.0031876038,False
1433,test,0.26096034,False
1434,train,0.52363855,True
1435,train,0.39547136,False
1436,train,0.5270828,True
1437,train,0.5303601,True
1438,test,0.4708689,False
1439,train,0.52904254,True
1440,train,0.42807823,False
1441,train,0.0040472304,False
1442,train,0.48310754,False
1443,train,0.45770353,False
1444,test,0.47518796,False
1445,train,0.45414397,False
1446,test,0.33831382,False
1447,test,0.3417928,False
1448,train,0.0035973608,False
1449,train,0.47454014,False
1450,train,0.4607378,False
1451,test,0.40798748,False
1452,train,0.39428312,False
1453,train,0.48671335,False
1454,train,0.0041902196,False
1455,test,0.51171446,False
1456,test,0.9976245,False
1457,train,0.3290383,False
1458,train,0.31101614,False
1459,train,0.44159117,False
1460,train,0.0034562838,False
1461,test,0.99709016,False
1462,train,0.0033677476,False
1463,train,0.48151094,False
1464,train,0.39616525,False
1465,train,0.6085208,True
1466,train,0.0034477278,False
1467,train,0.4894161,False
1468,train,0.5110356,True
1469,train,0.43890637,False
1470,train,0.31746784,False
1471,train,0.003453345,False
1472,test,0.99759096,False
1473,train,0.46468127,False
1474,train,0.52272725,True
1475,train,0.44838858,False
1476,test,0.28708553,False
1477,train,0.5222349,True
1478,train,0.30213526,False
1479,train,0.4396572,False
1480,train,0.37965643,False
1481,test,0.5012947,False
1482,train,0.0035788275,False
1483,train,0.41112962,False
1484,train,0.33030373,False
1485,test,0.4818796,False
1486,train,0.0029776278,False
1487,train,0.003378465,False
1488,train,0.0033166567,False
1489,train,0.47775048,False
1490,train,0.0034178866,False
1491,train,0.0027256773,False
1492,train,0.4221813,False
1493,train,0.41585606,False
1494,train,0.50481725,True
1495,train,0.50895524,True
1496,train,0.0033689975,False
1497,train,0.4301847,False
1498,train,0.4684439,False
1499,test,0.35023296,False
1500,test,0.43752053,False
1501,train,0.46260855,False
1502,train,0.0034529252,False
1503,test,0.46557844,False
1504,test,0.9969318,False
1505,train,0.41266918,False
1506,train,0.51572347,True
1507,train,0.0020911884,False
1508,train,0.46511477,False
1509,train,0.45413467,False
1510,train,0.34800822,False
1511,train,0.0040548416,False
1512,train,0.3815052,False
1513,test,0.38557845,False
1514,train,0.0036512127,False
1515,train,0.53550255,True
1516,train,0.43229115,False
1517,train,0.36804003,False
1518,test,0.305267,False
1519,train,0.42093387,False
1520,train,0.53550565,True
1521,train,0.36592168,False
1522,train,0.36369115,False
1523,train,0.45026731,False
1524,train,0.5091066,True
1525,test,0.44269693,False
1526,train,0.44778097,False
1527,train,0.2902815,False
1528,train,0.51329553,True
1529,test,0.25531858,False
1530,train,0.46544495,False
1531,train,0.5213295,True
1532,train,0.45771068,False
1533,train,0.46038413,False
1534,test,0.49796936,False
1535,train,0.518792,True
1536,train,0.37840685,False
1537,train,0.34353513,False
1538,train,0.532054,True
1539,train,0.4435102,False
1540,test,0.42539397,False
1541,train,0.4074262,False
1542,train,0.003137766,False
1543,train,0.47561562,False
1544,train,0.6140256,True
1545,train,0.5766401,True
1546,test,0.41446406,False
1547,train,0.0031736565,False
1548,train,0.45190516,False
1549,train,0.34181365,False
1550,train,0.40446058,False
1551,train,0.43072587,False
1552,train,0.3776904,False
1553,train,0.4209803,False
1554,test,0.99699533,False
1555,train,0.52876556,True
1556,train,0.35076258,False
1557,train,0.396122,False
1558,test,0.4642801,False
1559,test,0.9966582,False
1560,train,0.4094908,False
1561,train,0.38177237,False
1562,train,0.003474842,False
1563,test,0.99676996,False
1564,train,0.51039624,True
1565,train,0.3129526,False
1566,train,0.002909532,False
1567,train,0.0029918025,False
1568,train,0.50690156,True
1569,train,0.36166736,False
1570,train,0.003976064,False
1571,train,0.003624376,False
1572,train,0.4277716,False
1573,train,0.342663,False
1574,train,0.424633,False
1575,train,0.46680337,False
1576,train,0.38737345,False
1577,train,0.3517827,False
1578,test,0.99725974,False
1579,test,0.43872473,False
1580,train,0.4305373,False
1581,train,0.5051729,True
1582,train,0.5804462,True
1583,train,0.43924376,False
1584,train,0.0031731147,False
1585,train,0.003921765,False
1586,train,0.38284552,False
1587,test,0.495911,False
1588,train,0.3245085,False
1589,train,0.44708073,False
1590,train,0.5164205,True
1591,test,0.53739756,False
1592,train,0.50744164,True
1593,train,0.42043936,False
1594,train,0.0027294531,False
1595,train,0.46926042,False
1596,train,0.43796718,False
1597,train,0.37318653,False
1598,train,0.39795122,False
1599,train,0.45748577,False
1600,train,0.0034211245,False
1601,train,0.00248472,False
1602,train,0.525675,True
1603,train,0.48068485,False
1604,test,0.29344198,False
1605,train,0.4318834,False
1606,train,0.5493492,True
1607,test,0.33793196,False
1608,train,0.45675844,False
1609,test,0.41131526,False
1610,train,0.5318818,True
1611,train,0.40881908,False
1612,train,0.34361267,False
1613,train,0.6294349,True
1614,train,0.44317186,False
1615,train,0.5241679,True
1616,test,0.42067614,False
1617,train,0.35867622,False
1618,train,0.39330134,False
1619,test,0.48415056,False
1620,train,0.3596653,False
1621,train,0.3439499,False
1622,train,0.003125455,False
1623,train,0.0032215265,False
1624,train,0.3535219,False
1625,train,0.456855,False
1626,train,0.26642948,False
1627,train,0.42795947,False
1628,train,0.4000643,False
1629,train,0.46342537,False
1630,test,0.3450975,False
1631,train,0.39723662,False
1632,test,0.49732468,False
1633,train,0.0028710389,False
1634,test,0.9959566,False
1635,train,0.5064557,True
1636,test,0.9968363,False
1637,train,0.51111686,True
1638,train,0.4320462,False
1639,test,0.53627586,False
1640,train,0.0036936651,False
1641,test,0.9972999,False
1642,train,0.59372574,True
1643,train,0.0037643681,False
1644,train,0.5074021,True
1645,train,0.5787936,True
1646,train,0.3527797,False
1647,test,0.5364105,False
1648,train,0.38644162,False
1649,test,0.44358182,False
1650,train,0.46491364,False
1651,test,0.56957406,False
1652,test,0.44453228,False
1653,train,0.5824379,True
1654,train,0.003557186,False
1655,train,0.45240438,False
1656,train,0.27246416,False
1657,train,0.0038668597,False
1658,train,0.4207986,False
1659,test,0.61630917,False
1660,train,0.36565685,False
1661,test,0.24977107,False
1662,train,0.40533984,False
1663,train,0.38739222,False
1664,test,0.52059144,False
1665,train,0.57842815,True
1666,train,0.4379652,False
1667,train,0.34900495,False
1668,train,0.49424994,False
1669,train,0.61716604,True
1670,train,0.4977424,False
1671,test,0.42570978,False
1672,train,0.002883022,False
1673,train,0.47922215,False
1674,test,0.99701905,False
1675,test,0.43346688,False
1676,train,0.44355047,False
1677,train,0.5895416,True
1678,train,0.45156947,False
1679,train,0.0033522153,False
1680,train,0.0038129268,False
1681,train,0.51260525,True
1682,train,0.4780039,False
1683,train,0.38601637,False
1684,train,0.4819425,False
1685,train,0.59261274,True
1686,test,0.9968407,False
1687,train,0.5793173,True
1688,train,0.38491204,False
1689,test,0.99664694,False
1690,train,0.0033051514,False
1691,test,0.37843767,False
1692,train,0.35416275,False
1693,test,0.9788106,False
1694,train,0.37544447,False
1695,train,0.5534299,True
1696,train,0.5500987,True
1697,train,0.4288564,False
1698,train,0.32343966,False
1699,train,0.5124712,True
1700,train,0.45989463,False
1701,train,0.34501237,False
1702,train,0.5002553,True
1703,train,0.46374768,False
1704,train,0.0035188221,False
1705,train,0.4651557,False
1706,train,0.5748462,True
1707,test,0.9973447,False
1708,train,0.39932987,False
1709,train,0.5117536,True
1710,test,0.31901968,False
1711,train,0.47528425,False
1712,train,0.35669723,False
1713,train,0.00410444,False
1714,train,0.41016534,False
1715,train,0.0035188687,False
1716,train,0.45123634,False
1717,train,0.003100661,False
1718,train,0.40590268,False
1719,train,0.0031540126,False
1720,train,0.0030988092,False
1721,train,0.3550099,False
1722,train,0.44832718,False
1723,test,0.4781001,False
1724,train,0.48970047,False
1725,train,0.50886077,True
1726,train,0.0029028705,False
1727,train,0.00271458,False
1728,train,0.0031805406,False
1729,train,0.0034124986,False
1730,train,0.46825185,False
1731,train,0.5710906,True
1732,train,0.34349263,False
1733,train,0.38971794,False
1734,train,0.3885154,False
1735,train,0.0038837087,False
1736,train,0.3542546,False
1737,train,0.0032557868,False
1738,train,0.5447239,True
1739,train,0.450769,False
1740,train,0.002928278,False
1741,train,0.40709805,False
1742,test,0.4201833,False
1743,train,0.6051397,True
1744,train,0.0030960445,False
1745,test,0.42476973,False
1746,train,0.5133748,True
1747,train,0.0029011497,False
1748,train,0.4055345,False
1749,train,0.3464379,False
1750,train,0.43767604,False
1751,train,0.32927626,False
1752,test,0.37596825,False
1753,train,0.47513434,False
1754,train,0.57924557,True
1755,train,0.34073907,False
1756,train,0.535323,True
1757,train,0.4856342,False
1758,train,0.44539893,False
1759,train,0.0028137837,False
1760,train,0.3925848,False
1761,train,0.4590229,False
1762,train,0.409219,False
1763,train,0.0033052305,False
1764,test,0.9970496,False
1765,train,0.003018674,False
1766,train,0.003084026,False
1767,train,0.4319819,False
1768,train,0.47589588,False
1769,train,0.43891522,False
1770,test,0.49626765,False
1771,train,0.0034181115,False
1772,test,0.4257705,False
1773,train,0.0036674654,False
1774,train,0.4072199,False
1775,train,0.42566794,False
1776,test,0.49969935,False
1777,train,0.500386,True
1778,train,0.003306439,False
1779,train,0.3651375,False
1780,train,0.0036657108,False
1781,train,0.36324257,False
1782,train,0.5215422,True
1783,train,0.40573135,False
1784,test,0.4111726,False
1785,train,0.0030045188,False
1786,train,0.45976353,False
1787,train,0.28996596,False
1788,test,0.36930358,False
1789,train,0.34594697,False
1790,train,0.0031145173,False
1791,test,0.4475175,False
1792,train,0.40516195,False
1793,train,0.33924258,False
1794,train,0.4607216,False
1795,train,0.5217389,True
1796,train,0.4134655,False
1797,train,0.46425655,False
1798,train,0.0035562906,False
1799,train,0.51675487,True
1800,test,0.9971511,False
1801,train,0.003189837,False
1802,test,0.99699956,False
1803,train,0.4122794,False
1804,train,0.0029019986,False
1805,train,0.0033880477,False
1806,train,0.3998382,False
1807,train,0.0034420434,False
1808,test,0.9972272,False
1809,test,0.46633697,False
1810,train,0.0031265856,False
1811,test,0.9975627,False
1812,test,0.3770778,False
1813,train,0.0032865456,False
1814,train,0.0031244664,False
1815,test,0.43893602,False
1816,train,0.3903526,False
1817,train,0.0030579257,False
1818,train,0.44643787,False
1819,train,0.5413986,True
1820,train,0.4355723,False
1821,train,0.39439014,False
1822,train,0.5012731,True
1823,train,0.0031525276,False
1824,train,0.4900482,False
1825,train,0.3912398,False
1826,test,0.36540082,False
1827,train,0.454088,False
1828,train,0.3688249,False
1829,train,0.5296815,True
1830,test,0.53914356,False
1831,test,0.45785388,False
1832,train,0.003027137,False
1833,test,0.4703919,False
1834,test,0.5393484,False
1835,train,0.0036185158,False
1836,train,0.0034037514,False
1837,train,0.41876185,False
1838,train,0.0031436488,False
1839,train,0.27078524,False
1840,test,0.9975517,False
1841,train,0.5002422,True
1842,train,0.5139636,True
1843,train,0.5365827,True
1844,train,0.40766102,False
1845,train,0.0023427005,False
1846,train,0.47201902,False
1847,train,0.39482853,False
1848,test,0.33699578,False
1849,train,0.417715,False
1850,train,0.0029062235,False
1851,train,0.47689512,False
1852,train,0.43983486,False
1853,train,0.4392495,False
1854,train,0.5803782,True
1855,train,0.0032476906,False
1856,train,0.35370666,False
1857,train,0.41122305,False
1858,train,0.003195367,False
1859,test,0.4249226,False
1860,train,0.002694906,False
1861,test,0.33260778,False
1862,train,0.0028553314,False
1863,train,0.3781153,False
1864,train,0.003595693,False
1865,train,0.37715554,False
1866,train,0.4316732,False
1867,train,0.35996932,False
1868,train,0.0028054803,False
1869,train,0.5814146,True
1870,test,0.43742546,False
1871,train,0.33234495,False
1872,train,0.0035834778,False
1873,train,0.6389933,True
1874,train,0.003540913,False
1875,train,0.31455073,False
1876,train,0.53796554,True
1877,test,0.9966296,False
1878,train,0.39759886,False
1879,test,0.60200477,False
1880,train,0.42790827,False
1881,test,0.51426995,False
1882,train,0.5193869,True
1883,train,0.4633524,False
1884,train,0.4624687,False
1885,train,0.45343378,False
1886,test,0.44584835,False
1887,train,0.0031673452,False
1888,test,0.19681916,False
1889,train,0.25809836,False
1890,train,0.4650064,False
1891,test,0.46521294,False
1892,train,0.0030340475,False
1893,train,0.55791056,True
1894,test,0.47994277,False
1895,train,0.48096514,False
1896,train,0.37284496,False
1897,train,0.44629773,False
1898,train,0.37038076,False
1899,test,0.99701446,False
1900,train,0.5395687,True
1901,test,0.99739265,False
1902,train,0.44910136,False
1903,test,0.43360138,False
1904,train,0.38730147,False
1905,train,0.27711573,False
1906,test,0.49674085,False
1907,train,0.40211695,False
1908,train,0.35003555,False
1909,train,0.560254,True
1910,train,0.46508014,False
1911,test,0.34214208,False
1912,train,0.52377045,True
1913,train,0.00262275,False
1914,train,0.4048186,False
1915,test,0.3729667,False
1916,test,0.49276146,False
1917,train,0.39951417,False
1918,train,0.0033860516,False
1919,train,0.0033794828,False
1920,train,0.31371173,False
1921,train,0.5126524,True
1922,train,0.5043216,True
1923,train,0.0033569413,False
1924,train,0.003350073,False
1925,train,0.37049812,False
1926,train,0.45617387,False
1927,train,0.004170198,False
1928,train,0.002479471,False
1929,train,0.5316283,True
1930,test,0.32313868,False
1931,train,0.30543908,False
1932,train,0.0029922305,False
1933,train,0.35242093,False
1934,train,0.35904014,False
1935,test,0.37953064,False
1936,train,0.52505314,True
1937,train,0.33200496,False
1938,train,0.5130135,True
1939,train,0.00375492,False
1940,train,0.38957214,False
1941,train,0.3704058,False
1942,train,0.51649153,True
1943,train,0.37581357,False
1944,train,0.0027736374,False
1945,train,0.36157873,False
1946,train,0.5221896,True
1947,train,0.39639747,False
1948,train,0.50463647,True
1949,train,0.4847495,False
1950,train,0.48002586,False
1951,train,0.44641277,False
1952,test,0.5086293,False
1953,test,0.5212508,False
1954,train,0.430914,False
1955,train,0.0026322417,False
1956,train,0.5088619,True
1957,train,0.45845753,False
1958,test,0.38850084,False
1959,train,0.002942331,False
1960,train,0.38308197,False
1961,test,0.4117245,False
1962,train,0.37848964,False
1963,test,0.4499086,False
1964,train,0.2987139,False
1965,train,0.0028950695,False
1966,train,0.0036849675,False
1967,train,0.28932175,False
1968,train,0.0037760576,False
1969,train,0.43440703,False
1970,test,0.5268466,False
1971,train,0.36409765,False
1972,test,0.36994675,False
1973,test,0.34022692,False
1974,train,0.457986,False
1975,train,0.49539828,False
1976,train,0.45878187,False
1977,train,0.0036130734,False
1978,train,0.0034165098,False
1979,train,0.003505173,False
1980,train,0.0033574284,False
1981,train,0.38288292,False
1982,train,0.44800314,False
1983,train,0.64407647,True
1984,train,0.57407355,True
1985,train,0.4613702,False
1986,train,0.46865186,False
1987,train,0.41865274,False
1988,train,0.45721146,False
1989,train,0.414695,False
1990,train,0.0032247156,False
1991,train,0.54777974,True
1992,train,0.39676735,False
1993,train,0.33734274,False
1994,train,0.0037501669,False
1995,train,0.4844158,False
1996,train,0.40076035,False
1997,train,0.46370393,False
1998,train,0.46725854,False
1999,train,0.3658619,False
2000,train,0.0023963894,False
2001,train,0.39310193,False
2002,train,0.36185676,False
2003,train,0.44547716,False
2004,train,0.0033096022,False
2005,test,0.4695595,False
2006,train,0.003356341,False
2007,train,0.5474041,True
2008,train,0.34028742,False
2009,train,0.5009917,True
2010,train,0.43854272,False
2011,test,0.32529542,False
2012,train,0.4599395,False
2013,train,0.4316908,False
2014,train,0.4304437,False
2015,train,0.4340721,False
2016,train,0.4463991,False
2017,test,0.41572255,False
2018,train,0.004153544,False
2019,train,0.003333765,False
2020,train,0.45621595,False
2021,train,0.46589595,False
2022,train,0.0029509366,False
2023,test,0.47948778,False
2024,train,0.39183927,False
2025,train,0.00383384,False
2026,train,0.499489,True
2027,train,0.5939029,True
2028,train,0.40557668,False
2029,test,0.46659854,False
2030,test,0.99748975,False
2031,train,0.51783466,True
2032,test,0.42123348,False
2033,train,0.4117495,False
2034,train,0.466402,False
2035,test,0.9976848,False
2036,train,0.43949556,False
2037,train,0.44384405,False
2038,train,0.4244598,False
2039,test,0.85284406,False
2040,train,0.0030599607,False
2041,train,0.003308693,False
2042,train,0.4105035,False
2043,train,0.4621886,False
2044,train,0.46838647,False
2045,train,0.45465758,False
2046,train,0.48946393,False
2047,train,0.513202,True
2048,train,0.5142134,True
2049,test,0.49483627,False
2050,train,0.29186574,False
2051,train,0.525211,True
2052,train,0.47056687,False
2053,test,0.5577013,False
2054,train,0.52338535,True
2055,train,0.35371295,False
2056,test,0.3942655,False
2057,train,0.37312272,False
2058,train,0.49133646,False
2059,test,0.9966138,False
2060,train,0.393788,False
2061,train,0.4238087,False
2062,test,0.36880308,False
2063,train,0.29758278,False
2064,test,0.28169215,False
2065,train,0.50703734,True
2066,train,0.4872918,False
2067,train,0.40965948,False
2068,train,0.4218942,False
2069,train,0.34442154,False
2070,train,0.547223,True
2071,train,0.5215241,True
2072,test,0.9972757,False
2073,train,0.47857043,False
2074,train,0.27852637,False
2075,train,0.0048589725,False
2076,train,0.34979293,False
2077,train,0.37676463,False
2078,train,0.49658868,False
2079,train,0.4784797,False
2080,train,0.42131644,False
2081,train,0.0026302545,False
2082,train,0.2172236,False
2083,train,0.42854768,False
2084,test,0.9970111,False
2085,train,0.0035305424,False
2086,train,0.37422663,False
2087,train,0.003396208,False
2088,train,0.42115697,False
2089,train,0.49076918,False
2090,train,0.2824485,False
2091,test,0.9971833,False
2092,test,0.99737084,False
2093,train,0.20902875,False
2094,test,0.51172197,False
2095,train,0.4248658,False
2096,train,0.42056426,False
2097,train,0.54392576,True
2098,test,0.99696463,False
2099,train,0.5316828,True
2100,test,0.4426952,False
2101,test,0.37362608,False
2102,train,0.0030594503,False
2103,train,0.46519387,False
2104,train,0.0030396453,False
2105,train,0.5238085,True
2106,test,0.45527276,False
2107,train,0.424351,False
2108,test,0.99674606,False
2109,test,0.5331816,False
2110,train,0.0031718903,False
2111,train,0.595848,True
2112,train,0.38737392,False
2113,train,0.31442624,False
2114,train,0.41701493,False
2115,train,0.56483626,True
2116,train,0.0035767434,False
2117,test,0.8138423,False
2118,train,0.50781643,True
2119,train,0.3999652,False
2120,test,0.35884887,False
2121,train,0.54509,True
2122,train,0.5151002,True
2123,train,0.50422406,True
2124,train,0.52596766,True
2125,train,0.33638278,False
2126,train,0.0036146124,False
2127,train,0.35519537,False
2128,train,0.5147083,True
2129,train,0.4122275,False
2130,train,0.5304175,True
2131,train,0.41396752,False
2132,train,0.0038930401,False
2133,test,0.84822345,False
2134,train,0.0029549298,False
2135,train,0.35578206,False
2136,train,0.47045854,False
2137,train,0.0029163184,False
2138,test,0.40472075,False
2139,train,0.33986136,False
2140,train,0.49323905,False
2141,train,0.28513473,False
2142,test,0.38552052,False
2143,train,0.41514847,False
2144,train,0.54499876,True
2145,train,0.36582822,False
2146,test,0.4336769,False
2147,train,0.0033304407,False
2148,train,0.35489574,False
2149,train,0.4200734,False
2150,train,0.0035952814,False
2151,train,0.36126655,False
2152,train,0.5295517,True
2153,test,0.9971825,False
2154,train,0.47064918,False
2155,train,0.49500448,False
2156,train,0.44947916,False
2157,train,0.46602985,False
2158,train,0.5969664,True
2159,train,0.4377132,False
2160,train,0.49574828,False
2161,test,0.41660434,False
2162,test,0.9957474,False
2163,train,0.4159157,False
2164,train,0.52609456,True
2165,train,0.42486858,False
2166,train,0.42431405,False
2167,train,0.0031433464,False
2168,train,0.29849923,False
2169,train,0.47663313,False
2170,train,0.5481109,True
2171,test,0.45318636,False
2172,train,0.0033725465,False
2173,train,0.0033863373,False
2174,train,0.47849247,False
2175,train,0.47973052,False
2176,train,0.28288636,False
2177,train,0.3844655,False
2178,train,0.30416822,False
2179,train,0.0027182736,False
2180,train,0.5130505,True
2181,train,0.50582236,True
2182,train,0.48433605,False
2183,train,0.37181786,False
2184,train,0.56342953,True
2185,train,0.0030887402,False
2186,train,0.559693,True
2187,train,0.44291306,False
2188,train,0.4119852,False
2189,train,0.39651692,False
2190,train,0.5087804,True
2191,train,0.5317363,True
2192,train,0.3752194,False
2193,train,0.41664466,False
2194,train,0.46671313,False
2195,test,0.44134,False
2196,train,0.0033740005,False
2197,train,0.48064792,False
2198,train,0.40808743,False
2199,train,0.003299023,False
2200,train,0.0028270993,False
2201,train,0.47928423,False
2202,train,0.5498812,True
2203,train,0.4614921,False
2204,train,0.5494663,True
2205,test,0.48283803,False
2206,train,0.5171035,True
2207,test,0.3808858,False
2208,test,0.60762006,False
2209,test,0.4143827,False
2210,train,0.26538235,False
2211,test,0.99720764,False
2212,train,0.5278855,True
2213,train,0.52633417,True
2214,train,0.40400186,False
2215,train,0.51529247,True
2216,test,0.9970139,False
2217,train,0.0034163783,False
2218,test,0.58783436,False
2219,train,0.47655666,False
2220,train,0.39561468,False
2221,train,0.50122446,True
2222,test,0.3940905,False
2223,train,0.32884723,False
2224,test,0.4947358,False
2225,train,0.41760105,False
2226,train,0.4421598,False
2227,train,0.54734766,True
2228,train,0.6398596,True
2229,train,0.45274028,False
2230,train,0.49999633,True
2231,train,0.576873,True
2232,test,0.449236,False
2233,train,0.51703966,True
2234,test,0.4955578,False
2235,train,0.35803184,False
2236,test,0.2927123,False
2237,train,0.35280997,False
2238,train,0.47450414,False
2239,train,0.5588143,True
2240,train,0.502275,True
2241,train,0.6149137,True
2242,train,0.34119332,False
2243,train,0.46939752,False
2244,test,0.99696684,False
2245,train,0.0035199001,False
2246,test,0.9972146,False
2247,train,0.4805457,False
2248,train,0.003197182,False
2249,train,0.42851034,False
2250,train,0.43811914,False
2251,train,0.62116426,True
2252,train,0.34575915,False
2253,train,0.4395742,False
2254,train,0.40272433,False
2255,train,0.34392172,False
2256,test,0.3423409,False
2257,train,0.43086094,False
2258,train,0.41115943,False
2259,train,0.40918925,False
2260,test,0.57217276,False
2261,train,0.41505516,False
2262,train,0.35162777,False
2263,train,0.0039478857,False
2264,train,0.4497863,False
2265,train,0.4781587,False
2266,train,0.5579784,True
2267,test,0.4677299,False
2268,train,0.31532875,False
2269,train,0.43636397,False
2270,train,0.5108965,True
2271,train,0.5404743,True
2272,train,0.46732914,False
2273,train,0.0034277192,False
2274,train,0.0028319852,False
2275,train,0.5143991,True
2276,train,0.39595377,False
2277,train,0.29294074,False
2278,train,0.0040330077,False
2279,train,0.40824783,False
2280,train,0.0035502596,False
2281,train,0.46214953,False
2282,train,0.42919904,False
2283,train,0.0029834807,False
2284,train,0.43920586,False
2285,train,0.5730551,True
2286,train,0.0032123828,False
2287,train,0.33886862,False
2288,train,0.56918204,True
2289,train,0.32191473,False
2290,train,0.54856706,True
2291,train,0.47610542,False
2292,test,0.47885868,False
2293,train,0.46706846,False
2294,train,0.40271726,False
2295,train,0.4631072,False
2296,test,0.450365,False
2297,train,0.42077228,False
2298,train,0.53114355,True
2299,test,0.9970897,False
2300,train,0.20142356,False
2301,train,0.0031419962,False
2302,train,0.27644393,False
2303,train,0.6590268,True
2304,train,0.5664866,True
2305,train,0.59510076,True
2306,train,0.003276771,False
2307,train,0.49366093,False
2308,train,0.49440867,False
2309,train,0.41347122,False
2310,train,0.0035894187,False
2311,train,0.0037257448,False
2312,test,0.5095183,False
2313,train,0.546279,True
2314,train,0.4083101,False
2315,train,0.4447,False
2316,train,0.53072524,True
2317,train,0.0031695184,False
2318,train,0.39993092,False
2319,test,0.40084055,False
2320,test,0.37873942,False
2321,train,0.39723733,False
2322,train,0.5139248,True
2323,train,0.42163268,False
2324,test,0.45569003,False
2325,train,0.40808785,False
2326,train,0.55211353,True
2327,train,0.0028499088,False
2328,train,0.4614602,False
2329,test,0.34876233,False
2330,train,0.003295034,False
2331,train,0.43987644,False
2332,train,0.5618959,True
2333,train,0.34980282,False
2334,train,0.0032212338,False
2335,test,0.40077782,False
2336,train,0.45421475,False
2337,train,0.3273905,False
2338,train,0.60034,True
2339,train,0.5566036,True
2340,train,0.0036576374,False
2341,train,0.0030014003,False
2342,train,0.52446586,True
2343,train,0.28179365,False
2344,train,0.47346357,False
2345,test,0.4688873,False
2346,train,0.4779828,False
2347,train,0.4027291,False
2348,test,0.5272764,False
2349,train,0.41695306,False
2350,train,0.004473839,False
2351,train,0.29294166,False
2352,train,0.38612744,False
2353,train,0.0030954126,False
2354,train,0.41995114,False
2355,test,0.3282458,False
2356,train,0.0040676217,False
2357,train,0.41331437,False
2358,train,0.003260147,False
2359,train,0.48038402,False
2360,train,0.4550637,False
2361,train,0.4724338,False
2362,train,0.4907125,False
2363,train,0.46166018,False
2364,test,0.37824628,False
2365,train,0.49764603,False
2366,train,0.48187223,False
2367,train,0.3951694,False
2368,train,0.48723072,False
2369,train,0.3917958,False
2370,test,0.4473995,False
2371,train,0.4400878,False
2372,train,0.5660623,True
2373,train,0.0034345638,False
2374,test,0.48407376,False
2375,train,0.4594067,False
2376,test,0.37073287,False
2377,train,0.38404846,False
2378,test,0.5156873,False
2379,train,0.0034241793,False
2380,test,0.36707765,False
2381,train,0.60050744,True
2382,test,0.49872872,False
2383,train,0.44683632,False
2384,train,0.55932534,True
2385,train,0.00354223,False
2386,train,0.43294868,False
2387,train,0.49483132,False
2388,train,0.2859267,False
2389,test,0.9964286,False
2390,train,0.25333118,False
2391,test,0.39942652,False
2392,train,0.0028510094,False
2393,train,0.39225438,False
2394,train,0.3978721,False
2395,train,0.34293717,False
2396,train,0.5446707,True
2397,train,0.55732703,True
2398,test,0.9974874,False
2399,test,0.44828394,False
2400,train,0.4706105,False
2401,test,0.43105054,False
2402,test,0.36991116,False
2403,test,0.49082378,False
2404,train,0.47868386,False
2405,train,0.0040304475,False
2406,train,0.5316902,True
2407,test,0.5158499,False
2408,train,0.29887834,False
2409,train,0.49397072,False
2410,train,0.5982438,True
2411,train,0.20464703,False
2412,train,0.5556361,True
2413,train,0.45249993,False
2414,test,0.38734424,False
2415,test,0.41240212,False
2416,train,0.42110088,False
2417,train,0.002653816,False
2418,test,0.24349932,False
2419,train,0.0029950275,False
2420,train,0.003497453,False
2421,train,0.40106913,False
2422,train,0.64259326,True
2423,train,0.3975247,False
2424,train,0.39344457,False
2425,train,0.4247572,False
2426,train,0.39995798,False
2427,train,0.0034988688,False
2428,train,0.40025294,False
2429,test,0.9966242,False
2430,test,0.8176855,False
2431,train,0.50062823,True
2432,train,0.003386077,False
2433,train,0.3231137,False
2434,train,0.3889724,False
2435,train,0.5151274,True
2436,test,0.4359476,False
2437,train,0.44339114,False
2438,train,0.45927992,False
2439,test,0.3189697,False
2440,test,0.29503998,False
2441,train,0.47516003,False
2442,train,0.4453301,False
2443,train,0.4164162,False
2444,train,0.44366664,False
2445,train,0.42009374,False
2446,train,0.56003964,True
2447,train,0.0034881306,False
2448,train,0.45850757,False
2449,train,0.40680072,False
2450,test,0.5230758,False
2451,train,0.45093888,False
2452,train,0.0035502191,False
2453,train,0.30334628,False
2454,train,0.38833493,False
2455,train,0.3011459,False
2456,test,0.5140666,False
2457,train,0.38703552,False
2458,train,0.505506,True
2459,train,0.42627284,False
2460,train,0.4020211,False
2461,train,0.4531768,False
2462,train,0.39415634,False
2463,train,0.6128822,True
2464,train,0.0029257308,False
2465,train,0.46409667,False
2466,train,0.0034293788,False
2467,train,0.34402505,False
2468,train,0.51509124,True
2469,train,0.37574857,False
2470,train,0.0029688256,False
2471,train,0.38087723,False
2472,train,0.004201389,False
2473,train,0.5294895,True
2474,train,0.4623569,False
2475,train,0.42169574,False
2476,train,0.584411,True
2477,train,0.48769554,False
2478,train,0.4372239,False
2479,train,0.40302378,False
2480,train,0.0035700146,False
2481,train,0.0039244443,False
2482,test,0.551709,False
2483,train,0.003178912,False
2484,train,0.46442553,False
2485,train,0.45339295,False
2486,train,0.51627517,True
2487,train,0.0036695232,False
2488,train,0.3331258,False
2489,test,0.61867976,False
2490,test,0.99696374,False
2491,train,0.34489375,False
2492,train,0.5039593,True
2493,train,0.0028584674,False
2494,train,0.4466372,False
2495,train,0.39690098,False
2496,train,0.37994415,False
2497,train,0.43975842,False
2498,train,0.0032316663,False
2499,test,0.9973189,False
2500,test,0.45764333,False
2501,train,0.3747067,False
2502,train,0.38715613,False
2503,train,0.47636205,False
2504,train,0.48709217,False
2505,test,0.356442,False
2506,train,0.34075236,False
2507,train,0.0026368536,False
2508,test,0.99634916,False
2509,train,0.0041061123,False
2510,train,0.46257618,False
2511,train,0.48074958,False
2512,train,0.46546912,False
2513,train,0.48090383,False
2514,train,0.0034331435,False
2515,train,0.43914467,False
2516,test,0.39403313,False
2517,train,0.4866635,False
2518,train,0.32520998,False
2519,test,0.42390373,False
2520,train,0.0034250438,False
2521,train,0.5131009,True
2522,test,0.36306426,False
2523,train,0.4609715,False
2524,test,0.9973107,False
2525,test,0.40281415,False
2526,test,0.41413367,False
2527,train,0.0037429463,False
2528,train,0.49143973,False
2529,train,0.43329698,False
2530,train,0.39517298,False
2531,train,0.48379585,False
2532,train,0.003279527,False
2533,test,0.34173474,False
2534,test,0.5061471,False
2535,train,0.003913809,False
2536,train,0.44473433,False
2537,train,0.36810303,False
2538,test,0.3591155,False
2539,train,0.0026991663,False
2540,train,0.52022195,True
2541,test,0.30899584,False
2542,train,0.0030462025,False
2543,train,0.44058737,False
2544,train,0.45495957,False
2545,test,0.52551806,False
2546,test,0.48182663,False
2547,train,0.5079756,True
2548,train,0.34411567,False
2549,train,0.5379696,True
2550,train,0.42567047,False
2551,train,0.0031516466,False
2552,train,0.59767586,True
2553,train,0.0033767784,False
2554,train,0.47643313,False
2555,train,0.41853848,False
2556,train,0.0037306258,False
2557,test,0.99713814,False
2558,train,0.0030881758,False
2559,train,0.44268203,False
2560,train,0.6443541,True
2561,train,0.4608546,False
2562,test,0.99751526,False
2563,test,0.41732156,False
2564,train,0.003893439,False
2565,train,0.31569698,False
2566,train,0.4522084,False
2567,train,0.3439629,False
2568,train,0.0034815918,False
2569,test,0.997056,False
2570,train,0.4356538,False
2571,train,0.3186758,False
2572,train,0.38461787,False
2573,train,0.3397624,False
2574,train,0.003134451,False
2575,train,0.57682705,True
2576,test,0.51460046,False
2577,train,0.4956183,False
2578,train,0.35705644,False
2579,train,0.4916611,False
2580,train,0.3423971,False
2581,test,0.32591817,False
2582,test,0.4219108,False
2583,train,0.4769608,False
2584,train,0.43167824,False
2585,train,0.003216449,False
2586,train,0.464816,False
2587,train,0.4396426,False
2588,train,0.44345134,False
2589,train,0.0027490286,False
2590,train,0.512778,True
2591,train,0.46282205,False
2592,train,0.4950333,False
2593,train,0.49840727,True
2594,train,0.42385325,False
2595,train,0.5382465,True
2596,train,0.48375326,False
2597,train,0.47450066,False
2598,train,0.0029588763,False
2599,train,0.6118037,True
2600,train,0.0033785377,False
2601,train,0.4082053,False
2602,train,0.49858755,True
2603,test,0.99726844,False
2604,train,0.45553654,False
2605,test,0.4950649,False
2606,train,0.44562146,False
2607,test,0.36721358,False
2608,train,0.37498194,False
2609,train,0.48717397,False
2610,train,0.38904765,False
2611,train,0.0035283004,False
2612,train,0.4466723,False
2613,train,0.46751922,False
2614,train,0.40862447,False
2615,train,0.45830375,False
2616,train,0.51658446,True
2617,train,0.49153876,False
2618,train,0.0035810324,False
2619,train,0.46118408,False
2620,train,0.5225596,True
2621,train,0.0031122153,False
2622,train,0.24867512,False
2623,train,0.0038532543,False
2624,train,0.4611273,False
2625,train,0.33809182,False
2626,train,0.003710113,False
2627,train,0.3975528,False
2628,train,0.0036311427,False
2629,train,0.43171522,False
2630,train,0.0030858952,False
2631,train,0.4311622,False
2632,train,0.53908515,True
2633,train,0.52351266,True
2634,train,0.37127322,False
2635,train,0.29274175,False
2636,train,0.56760687,True
2637,train,0.3872658,False
2638,train,0.45163745,False
2639,train,0.47665766,False
2640,train,0.40525287,False
2641,train,0.31288722,False
2642,train,0.47533277,False
2643,train,0.27306074,False
2644,train,0.6236189,True
2645,train,0.0035719606,False
2646,test,0.9969405,False
2647,train,0.4223019,False
2648,train,0.47963375,False
2649,train,0.4752234,False
2650,train,0.40859511,False
2651,test,0.38358858,False
2652,train,0.00356332,False
2653,train,0.5609892,True
2654,train,0.3648522,False
2655,test,0.51414204,False
2656,test,0.23051997,False
2657,train,0.0025445158,False
2658,train,0.0035140088,False
2659,train,0.45027962,False
2660,train,0.002946797,False
2661,train,0.44341385,False
2662,train,0.5558275,True
2663,test,0.9971276,False
2664,train,0.0030375014,False
2665,test,0.38545185,False
2666,test,0.45988446,False
2667,train,0.45375738,False
2668,train,0.5915991,True
2669,train,0.53268343,True
2670,train,0.46665877,False
2671,train,0.21732643,False
2672,train,0.37012836,False
2673,test,0.4409942,False
2674,train,0.5118459,True
2675,train,0.003659528,False
2676,train,0.0034523474,False
2677,train,0.44198427,False
2678,train,0.33591628,False
2679,train,0.37085125,False
2680,train,0.47370043,False
2681,train,0.28220642,False
2682,test,0.581782,False
2683,test,0.5380092,False
2684,train,0.38681275,False
2685,train,0.0033270735,False
2686,train,0.25733778,False
2687,test,0.9971191,False
2688,train,0.3673485,False
2689,train,0.3529042,False
2690,train,0.0030971896,False
2691,train,0.38550654,False
2692,train,0.0029981611,False
2693,train,0.64832675,True
2694,train,0.003150775,False
2695,train,0.2963586,False
2696,train,0.3766403,False
2697,train,0.39675203,False
2698,test,0.46457973,False
2699,train,0.4991781,True
2700,train,0.0035499258,False
2701,test,0.48383284,False
2702,train,0.46975484,False
2703,train,0.38163173,False
2704,test,0.53052205,False
2705,train,0.4617085,False
2706,train,0.40124324,False
2707,train,0.42345127,False
2708,test,0.4679002,False
2709,train,0.0038280466,False
2710,train,0.4103471,False
2711,train,0.0027349615,False
2712,train,0.34425187,False
2713,train,0.0040726364,False
2714,train,0.67912114,True
2715,train,0.51827264,True
2716,train,0.0026453885,False
2717,train,0.47370926,False
2718,train,0.0033616854,False
2719,train,0.45512712,False
2720,train,0.45954037,False
2721,train,0.4645982,False
2722,train,0.0024663683,False
2723,test,0.23761931,False
2724,train,0.39643556,False
2725,train,0.4725865,False
2726,train,0.6455963,True
2727,train,0.35790506,False
2728,train,0.0035979426,False
2729,test,0.4568505,False
2730,test,0.48463154,False
2731,train,0.4187494,False
2732,train,0.43121374,False
2733,train,0.31825343,False
2734,train,0.003823994,False
2735,train,0.52803606,True
2736,train,0.3911438,False
2737,test,0.44069526,False
2738,test,0.99719036,False
2739,train,0.5699797,True
2740,test,0.49654365,False
2741,train,0.531496,True
2742,test,0.50362986,False
2743,train,0.3946662,False
2744,train,0.004027399,False
2745,train,0.47880048,False
2746,train,0.47414654,False
2747,train,0.47282478,False
2748,train,0.40855494,False
2749,train,0.004051574,False
2750,test,0.99716127,False
2751,train,0.3172601,False
2752,test,0.99732196,False
2753,train,0.003820426,False
2754,train,0.4079869,False
2755,train,0.3394832,False
2756,train,0.42191148,False
2757,train,0.3767154,False
2758,train,0.0027366604,False
2759,train,0.4076886,False
2760,train,0.52769685,True
2761,test,0.25172624,False
2762,train,0.4944489,False
2763,train,0.3215167,False
2764,train,0.40386942,False
2765,test,0.9965346,False
2766,test,0.9973709,False
2767,train,0.4239127,False
2768,test,0.997154,False
2769,train,0.39215735,False
2770,train,0.37193155,False
2771,train,0.35713512,False
2772,train,0.4298036,False
2773,train,0.29991645,False
2774,train,0.50839424,True
2775,train,0.003100775,False
2776,train,0.5161915,True
2777,train,0.47183695,False
2778,train,0.5549423,True
2779,test,0.40028384,False
2780,train,0.25392383,False
2781,train,0.49415472,False
2782,train,0.36707896,False
2783,test,0.57999,False
2784,train,0.23982966,False
2785,train,0.3105251,False
2786,train,0.47094217,False
2787,test,0.49225184,False
2788,train,0.40897584,False
2789,train,0.39370036,False
2790,train,0.49848202,True
2791,train,0.40853655,False
2792,train,0.43720928,False
2793,train,0.43693942,False
2794,train,0.3854191,False
2795,test,0.34416145,False
2796,test,0.54595435,False
2797,test,0.41164035,False
2798,train,0.553268,True
2799,test,0.5465245,False
2800,train,0.34683347,False
2801,train,0.4096391,False
2802,train,0.49571016,False
2803,train,0.50029016,True
2804,train,0.26503277,False
2805,train,0.0036591731,False
2806,train,0.35622504,False
2807,train,0.45937273,False
2808,test,0.42557764,False
2809,train,0.0038770575,False
2810,train,0.0034675924,False
2811,train,0.52004284,True
2812,train,0.24974832,False
2813,train,0.50296587,True
2814,test,0.9969696,False
2815,train,0.57502484,True
2816,test,0.41960606,False
2817,train,0.5287858,True
2818,test,0.99675727,False
2819,train,0.4973101,False
2820,test,0.3877393,False
2821,train,0.0031417983,False
2822,train,0.45974627,False
2823,train,0.31789032,False
2824,train,0.5290737,True
2825,train,0.5333253,True
2826,test,0.41569334,False
2827,test,0.5617328,False
2828,train,0.3318168,False
2829,train,0.5313431,True
2830,train,0.20625527,False
2831,train,0.3825434,False
2832,train,0.6828468,True
2833,train,0.4783996,False
2834,train,0.4409649,False
2835,train,0.39076975,False
2836,train,0.5712361,True
2837,train,0.5469908,True
2838,test,0.4199621,False
2839,test,0.47950506,False
2840,test,0.37883675,False
2841,test,0.5480318,False
2842,train,0.4437031,False
2843,train,0.0037635074,False
2844,train,0.0035691035,False
2845,train,0.0034555437,False
2846,train,0.23326874,False
2847,train,0.004246073,False
2848,test,0.4401231,False
2849,train,0.50325197,True
2850,test,0.44099462,False
2851,test,0.4932948,False
2852,train,0.50443715,True
2853,train,0.3950966,False
2854,train,0.42635873,False
2855,train,0.0029025963,False
2856,test,0.9972855,False
2857,train,0.003052276,False
2858,test,0.5766288,False
2859,train,0.5865936,True
2860,train,0.40737826,False
2861,train,0.37129733,False
2862,train,0.48751047,False
2863,train,0.5305215,True
2864,train,0.48572662,False
2865,train,0.4562368,False
2866,train,0.43952647,False
2867,train,0.5623311,True
2868,train,0.0020634981,False
2869,test,0.37973234,False
2870,train,0.19197772,False
2871,test,0.36103293,False
2872,train,0.0035870154,False
2873,test,0.35750097,False
2874,test,0.45058405,False
2875,train,0.3311705,False
2876,train,0.55277854,True
2877,train,0.004046226,False
2878,train,0.41945404,False
2879,train,0.46181926,False
2880,train,0.42016682,False
2881,train,0.42617205,False
2882,train,0.5151548,True
2883,train,0.3952242,False
2884,train,0.3754679,False
2885,train,0.4977957,False
2886,train,0.003512952,False
2887,test,0.5617428,False
2888,train,0.5178011,True
2889,train,0.48942345,False
2890,train,0.0028907435,False
2891,train,0.003047233,False
2892,train,0.48533577,False
2893,train,0.39127186,False
2894,train,0.51773125,True
2895,train,0.0033531971,False
2896,train,0.0028273216,False
2897,train,0.30171448,False
2898,train,0.4556678,False
2899,train,0.0028655843,False
2900,train,0.40323234,False
2901,train,0.15528838,False
2902,train,0.3240736,False
2903,train,0.42000344,False
2904,train,0.5341239,True
2905,train,0.35154125,False
2906,train,0.35965198,False
2907,train,0.5319041,True
2908,train,0.2478994,False
2909,train,0.003471354,False
2910,test,0.99633104,False
2911,test,0.37792897,False
2912,train,0.32668313,False
2913,train,0.0029629178,False
2914,train,0.31285307,False
2915,train,0.50016946,True
2916,train,0.48776284,False
2917,train,0.0035441106,False
2918,train,0.39629033,False
2919,train,0.50456417,True
2920,train,0.5050293,True
2921,test,0.99725604,False
2922,test,0.49168798,False
2923,train,0.0026925346,False
2924,train,0.46552724,False
2925,train,0.46258944,False
2926,train,0.0034530943,False
2927,train,0.52571046,True
2928,test,0.6002683,False
2929,train,0.609586,True
2930,train,0.0023836247,False
2931,train,0.3362376,False
2932,train,0.41023037,False
2933,test,0.9968839,False
2934,train,0.3309391,False
2935,train,0.0034743194,False
2936,train,0.37711653,False
2937,train,0.47230327,False
2938,train,0.46994653,False
2939,train,0.30938905,False
2940,train,0.24424988,False
2941,train,0.233222,False
2942,train,0.0031546962,False
2943,train,0.3166021,False
2944,train,0.4983725,True
2945,train,0.5144283,True
2946,test,0.99710083,False
2947,train,0.49253458,False
2948,train,0.46939263,False
2949,train,0.0021766622,False
2950,train,0.002897781,False
2951,train,0.5241264,True
2952,train,0.38187963,False
2953,test,0.41008323,False
2954,train,0.3397153,False
2955,train,0.0036765954,False
2956,train,0.46213704,False
2957,train,0.50783,True
2958,test,0.34325677,False
2959,train,0.5070043,True
2960,train,0.4597717,False
2961,train,0.45207617,False
2962,train,0.3291978,False
2963,train,0.3899872,False
2964,train,0.4626535,False
2965,train,0.49883834,True
2966,train,0.35689363,False
2967,train,0.0029253263,False
2968,train,0.48885795,False
2969,train,0.003310718,False
2970,train,0.003008606,False
2971,train,0.28152892,False
2972,train,0.37108967,False
2973,train,0.3547911,False
2974,test,0.5074463,False
2975,test,0.99705845,False
2976,train,0.55244666,True
2977,test,0.51373774,False
2978,test,0.4183554,False
2979,train,0.58585185,True
2980,train,0.0032396638,False
2981,train,0.38361076,False
2982,train,0.0036717,False
2983,train,0.4099324,False
2984,train,0.5466467,True
2985,train,0.0033426217,False
2986,train,0.5177655,True
2987,train,0.00343019,False
2988,test,0.6266352,False
2989,train,0.4713389,False
2990,train,0.41539326,False
2991,train,0.34317067,False
2992,test,0.99675274,False
2993,train,0.40524718,False
2994,test,0.3609471,False
2995,train,0.59556365,True
2996,train,0.0033875874,False
2997,test,0.99528813,False
2998,train,0.23421036,False
2999,train,0.44147658,False
3000,train,0.0033989053,False
3001,train,0.0032807034,False
3002,train,0.45060557,False
3003,train,0.5230525,True
3004,train,0.49462047,False
3005,train,0.45901376,False
3006,test,0.330915,False
3007,train,0.0031914131,False
3008,test,0.34400588,False
3009,train,0.0031819518,False
3010,train,0.2809398,False
3011,train,0.42787045,False
3012,test,0.47574633,False
3013,train,0.54657406,True
3014,train,0.42794147,False
3015,train,0.34285086,False
3016,train,0.0036476522,False
3017,train,0.003749575,False
3018,train,0.004540089,False
3019,train,0.0032716023,False
3020,test,0.38521498,False
3021,train,0.37145346,False
3022,train,0.4623209,False
3023,train,0.44580233,False
3024,train,0.41892484,False
3025,train,0.0026163114,False
3026,train,0.38486847,False
3027,train,0.44064787,False
3028,test,0.37759364,False
3029,test,0.5092076,False
3030,test,0.46224394,False
3031,test,0.2595854,False
3032,test,0.395402,False
3033,train,0.55661356,True
3034,train,0.0035167357,False
3035,test,0.47138488,False
3036,train,0.42543665,False
3037,train,0.51816463,True
3038,test,0.3267788,False
3039,train,0.48108706,False
3040,test,0.99717814,False
3041,train,0.41083562,False
3042,train,0.2309549,False
3043,train,0.4613625,False
3044,train,0.48671916,False
3045,train,0.41181603,False
3046,train,0.4870621,False
3047,train,0.36441883,False
3048,test,0.54911506,False
3049,train,0.3808551,False
3050,train,0.0031657852,False
3051,train,0.42790484,False
3052,train,0.43045014,False
3053,train,0.4716788,False
3054,train,0.0029448704,False
3055,train,0.41808984,False
3056,test,0.4415744,False
3057,train,0.25833732,False
3058,train,0.0035858883,False
3059,train,0.420877,False
3060,train,0.41608638,False
3061,train,0.0026726148,False
3062,train,0.34168553,False
3063,train,0.4227993,False
3064,test,0.3856306,False
3065,train,0.0027888496,False
3066,test,0.99683243,False
3067,train,0.0033788842,False
3068,train,0.34738553,False
3069,train,0.3575911,False
3070,train,0.38519517,False
3071,train,0.6257007,True
3072,train,0.5566154,True
3073,train,0.24409726,False
3074,train,0.5463589,True
3075,train,0.374647,False
3076,train,0.30889738,False
3077,test,0.5772183,False
3078,train,0.32187435,False
3079,train,0.37291682,False
3080,train,0.312632,False
3081,train,0.63110894,True
3082,train,0.4391212,False
3083,train,0.0032992873,False
3084,test,0.55406135,False
3085,train,0.0034742109,False
3086,train,0.5248996,True
3087,train,0.6136445,True
3088,train,0.4133382,False
3089,train,0.34654158,False
3090,train,0.0031453269,False
3091,train,0.31963092,False
3092,test,0.40787208,False
3093,train,0.572624,True
3094,train,0.40251336,False
3095,train,0.46092656,False
3096,train,0.8005097,True
3097,test,0.3453273,False
3098,train,0.5396209,True
3099,train,0.47174916,False
3100,train,0.5362097,True
3101,train,0.0029293543,False
3102,train,0.003319691,False
3103,train,0.4744164,False
3104,train,0.45118845,False
3105,train,0.5066564,True
3106,train,0.47890976,False
3107,train,0.45190513,False
3108,train,0.40763378,False
3109,train,0.44107255,False
3110,train,0.48570904,False
3111,train,0.2758261,False
3112,train,0.002729073,False
3113,train,0.52473485,True
3114,train,0.38635325,False
3115,train,0.0040079155,False
3116,test,0.29046056,False
3117,train,0.2416327,False
3118,train,0.4514471,False
3119,train,0.0029866318,False
3120,test,0.3865372,False
3121,train,0.28423202,False
3122,train,0.0032390812,False
3123,train,0.003555959,False
3124,train,0.5166321,True
3125,test,0.38264307,False
3126,train,0.5485727,True
3127,train,0.4616815,False
3128,train,0.44579163,False
3129,train,0.37511912,False
3130,train,0.4145008,False
3131,train,0.5017087,True
3132,train,0.29422507,False
3133,train,0.42790776,False
3134,train,0.3873997,False
3135,train,0.4425446,False
3136,train,0.31913298,False
3137,train,0.35497433,False
3138,train,0.3709055,False
3139,train,0.0027920604,False
3140,train,0.0031716577,False
3141,train,0.529383,True
3142,train,0.5264537,True
3143,train,0.48029354,False
3144,train,0.5147587,True
3145,train,0.40147415,False
3146,train,0.0035649405,False
3147,test,0.4720873,False
3148,train,0.0031277554,False
3149,train,0.46893772,False
3150,train,0.4308568,False
3151,train,0.22051431,False
3152,train,0.003113846,False
3153,train,0.0029977502,False
3154,train,0.46787065,False
3155,train,0.48147333,False
3156,test,0.47952288,False
3157,test,0.46763447,False
3158,train,0.5191387,True
3159,train,0.3478571,False
3160,train,0.003204961,False
3161,train,0.46255165,False
3162,train,0.4961454,False
3163,train,0.51915,True
3164,train,0.48282635,False
3165,train,0.0031625081,False
3166,train,0.0036663027,False
3167,train,0.5076546,True
3168,train,0.43905652,False
3169,train,0.61149335,True
3170,train,0.27027404,False
3171,test,0.48848534,False
3172,train,0.43999502,False
3173,train,0.38306382,False
3174,test,0.41649437,False
3175,train,0.41403714,False
3176,train,0.0028835584,False
3177,train,0.0033301588,False
3178,test,0.2873963,False
3179,train,0.45515046,False
3180,train,0.4082854,False
3181,train,0.5473877,True
3182,train,0.4906536,False
3183,train,0.29887208,False
3184,train,0.49132523,False
3185,train,0.37760884,False
3186,train,0.003484534,False
3187,train,0.40609625,False
3188,test,0.5533299,False
3189,train,0.5137815,True
3190,train,0.0029321264,False
3191,train,0.4065293,False
3192,train,0.49473777,False
3193,train,0.53275883,True
3194,train,0.0036553796,False
3195,test,0.99761957,False
3196,train,0.20091715,False
3197,train,0.483332,False
3198,train,0.44360387,False
3199,test,0.50753736,False
3200,train,0.0035991368,False
3201,train,0.5864009,True
3202,train,0.29838872,False
3203,train,0.003558584,False
3204,train,0.49425045,False
3205,train,0.46175423,False
3206,train,0.42342952,False
3207,test,0.41827348,False
3208,train,0.0036511132,False
3209,train,0.45102188,False
3210,test,0.37031367,False
3211,train,0.49354145,False
3212,train,0.44474435,False
3213,train,0.27986097,False
3214,train,0.34865028,False
3215,train,0.0048881904,False
3216,test,0.5999313,False
3217,train,0.38101378,False
3218,train,0.46620145,False
3219,train,0.4999591,True
3220,test,0.4677648,False
3221,train,0.0023484456,False
3222,train,0.3367223,False
3223,train,0.5641191,True
3224,train,0.41921514,False
3225,train,0.41287372,False
3226,train,0.0030165405,False
3227,train,0.4754609,False
3228,train,0.46407196,False
3229,train,0.509176,True
3230,train,0.45324245,False
3231,train,0.5584309,True
3232,train,0.54848504,True
3233,train,0.51346475,True
3234,test,0.4874504,False
3235,test,0.20804986,False
3236,train,0.0029612007,False
3237,train,0.42768323,False
3238,train,0.42836002,False
3239,train,0.34140462,False
3240,train,0.38900483,False
3241,train,0.5604532,True
3242,train,0.43725058,False
3243,train,0.41470623,False
3244,train,0.0034120716,False
3245,train,0.44692776,False
3246,train,0.34770152,False
3247,train,0.0027309791,False
3248,train,0.56632274,True
3249,train,0.47129837,False
3250,train,0.3771819,False
3251,test,0.9971328,False
3252,train,0.0028263961,False
3253,train,0.35404176,False
3254,train,0.52105373,True
3255,train,0.32419756,False
3256,train,0.27815327,False
3257,train,0.34321442,False
3258,train,0.45799297,False
3259,train,0.471075,False
3260,train,0.3593672,False
3261,train,0.45816186,False
3262,train,0.49978247,True
3263,train,0.5016552,True
3264,test,0.37061486,False
3265,train,0.25981328,False
3266,train,0.5415808,True
3267,train,0.46304592,False
3268,train,0.5411374,True
3269,train,0.41922566,False
3270,train,0.51807237,True
3271,train,0.41492173,False
3272,train,0.18638933,False
3273,train,0.36607707,False
3274,test,0.38114747,False
3275,train,0.39144474,False
3276,train,0.0025815167,False
3277,test,0.34035146,False
3278,train,0.5995107,True
3279,test,0.44286242,False
3280,train,0.37317526,False
3281,train,0.448295,False
3282,test,0.38934818,False
3283,train,0.5451066,True
3284,train,0.54916394,True
3285,train,0.504611,True
3286,train,0.5172152,True
3287,test,0.9957843,False
3288,train,0.5019022,True
3289,train,0.54325676,True
3290,train,0.33062103,False
3291,train,0.4711095,False
3292,train,0.4405706,False
3293,train,0.39847675,False
3294,test,0.4518978,False
3295,train,0.41501087,False
3296,train,0.52530634,True
3297,train,0.00410051,False
3298,train,0.0026386098,False
3299,train,0.0033551014,False
3300,train,0.49692404,False
3301,test,0.4648287,False
3302,test,0.4558344,False
3303,train,0.35302365,False
3304,train,0.5647226,True
3305,test,0.21538022,False
3306,train,0.47963798,False
3307,test,0.9976739,False
3308,train,0.33872488,False
3309,train,0.21214862,False
3310,train,0.0031203066,False
3311,train,0.0034230642,False
3312,train,0.38753328,False
3313,train,0.002944368,False
3314,test,0.2762257,False
3315,train,0.34678853,False
3316,train,0.25373498,False
3317,train,0.6048808,True
3318,test,0.9967699,False
3319,train,0.46550202,False
3320,train,0.436377,False
3321,train,0.41059667,False
3322,test,0.5083462,False
3323,train,0.0031191271,False
3324,train,0.39449286,False
3325,train,0.50056666,True
3326,train,0.26473907,False
3327,train,0.3996126,False
3328,train,0.3062474,False
3329,test,0.43885356,False
3330,train,0.37358797,False
3331,train,0.49254128,False
3332,train,0.5563292,True
3333,train,0.50265735,True
3334,train,0.43408135,False
3335,train,0.0036461495,False
3336,train,0.34513453,False
3337,train,0.0038752945,False
3338,test,0.36481827,False
3339,train,0.3796206,False
3340,train,0.002819134,False
3341,train,0.37704632,False
3342,train,0.5845115,True
3343,test,0.4614122,False
3344,train,0.59080344,True
3345,train,0.4194783,False
3346,train,0.0035909545,False
3347,train,0.0032529638,False
3348,train,0.31963268,False
3349,train,0.33036593,False
3350,train,0.31921703,False
3351,test,0.30984694,False
3352,train,0.5521398,True
3353,train,0.0035864327,False
3354,train,0.4226999,False
3355,train,0.5934619,True
3356,test,0.46376935,False
3357,train,0.4685565,False
3358,test,0.558621,False
3359,test,0.9970213,False
3360,train,0.46211275,False
3361,train,0.36818826,False
3362,train,0.4678315,False
3363,train,0.42396113,False
3364,train,0.0030042848,False
3365,train,0.3946942,False
3366,train,0.31094703,False
3367,train,0.564462,True
3368,train,0.41009018,False
3369,train,0.0032456147,False
3370,train,0.51395637,True
3371,train,0.4358577,False
3372,test,0.5214033,False
3373,train,0.49698958,False
3374,train,0.36121768,False
3375,train,0.0037874253,False
3376,train,0.37555116,False
3377,test,0.6192975,False
3378,train,0.47510755,False
3379,test,0.54888207,False
3380,train,0.36432385,False
3381,test,0.49776396,False
3382,train,0.5209542,True
3383,test,0.44774842,False
3384,train,0.5696788,True
3385,train,0.4338155,False
3386,train,0.0031420344,False
3387,train,0.0027713587,False
3388,train,0.37301096,False
3389,test,0.47257644,False
3390,test,0.5338544,False
3391,test,0.44945282,False
3392,train,0.0037392953,False
3393,test,0.33377898,False
3394,test,0.42532003,False
3395,train,0.39506307,False
3396,train,0.46886936,False
3397,train,0.30734792,False
3398,train,0.37910262,False
3399,train,0.5517036,True
3400,train,0.3488947,False
3401,train,0.0034251614,False
3402,train,0.35957885,False
3403,train,0.003169908,False
3404,test,0.8399393,False
3405,train,0.29202008,False
3406,train,0.4177897,False
3407,test,0.43471524,False
3408,test,0.99613893,False
3409,test,0.9971894,False
3410,test,0.5021864,False
3411,train,0.3397592,False
3412,train,0.0027528445,False
3413,train,0.003305304,False
3414,train,0.0030933365,False
3415,train,0.44860747,False
3416,train,0.0030293148,False
3417,test,0.42075187,False
3418,train,0.5064968,True
3419,train,0.50458926,True
3420,train,0.37713346,False
3421,train,0.3270804,False
3422,train,0.0032226269,False
3423,test,0.49603394,False
3424,train,0.43462908,False
3425,train,0.47196138,False
3426,train,0.49730358,False
3427,train,0.580773,True
3428,train,0.4191224,False
3429,test,0.99707514,False
3430,train,0.5567619,True
3431,train,0.37057173,False
3432,test,0.31701136,False
3433,train,0.43299976,False
3434,test,0.5919524,False
3435,train,0.0031746211,False
3436,train,0.375423,False
3437,train,0.34079808,False
3438,train,0.47091782,False
3439,test,0.44261676,False
3440,test,0.35900608,False
3441,train,0.0034305973,False
3442,train,0.46611258,False
3443,test,0.50466716,False
3444,train,0.0033882465,False
3445,train,0.0038203676,False
3446,train,0.49993145,True
3447,train,0.21638481,False
3448,train,0.49287412,False
3449,train,0.0031043396,False
3450,train,0.47852537,False
3451,train,0.0036412324,False
3452,test,0.50303674,False
3453,train,0.56422234,True
3454,train,0.43609774,False
3455,train,0.0034243818,False
3456,train,0.40125006,False
3457,train,0.2841296,False
3458,train,0.4007565,False
3459,train,0.41937184,False
3460,train,0.0028985322,False
3461,train,0.4777987,False
3462,train,0.370169,False
3463,train,0.0027472388,False
3464,test,0.40748632,False
3465,train,0.5004362,True
3466,train,0.5198375,True
3467,train,0.0038193394,False
3468,test,0.99740136,False
3469,test,0.5015497,False
3470,train,0.003955252,False
3471,train,0.35312036,False
3472,train,0.0041704834,False
3473,train,0.2814372,False
3474,test,0.99695945,False
3475,train,0.5499246,True
3476,train,0.39061403,False
3477,train,0.27176568,False
3478,train,0.0033399656,False
3479,train,0.5614072,True
3480,train,0.5811659,True
3481,train,0.35915536,False
3482,train,0.3925525,False
3483,train,0.43169495,False
3484,train,0.4645994,False
3485,train,0.36915544,False
3486,train,0.33044705,False
3487,train,0.43399528,False
3488,train,0.0032731947,False
3489,test,0.97675806,False
3490,train,0.002580943,False
3491,train,0.592413,True
3492,train,0.0035328446,False
3493,test,0.9970841,False
3494,train,0.45978415,False
3495,train,0.003671213,False
3496,train,0.4936333,False
3497,test,0.41691,False
3498,train,0.44021246,False
3499,train,0.47848552,False
3500,train,0.3905333,False
3501,test,0.40368485,False
3502,train,0.003641101,False
3503,train,0.32727638,False
3504,train,0.003441508,False
3505,test,0.34560245,False
3506,test,0.9971304,False
3507,train,0.47237045,False
3508,train,0.3841348,False
3509,train,0.5307942,True
3510,train,0.0036299336,False
3511,train,0.51886934,True
3512,train,0.1962711,False
3513,train,0.49859783,True
3514,train,0.3709294,False
3515,train,0.5472717,True
3516,test,0.99719685,False
3517,train,0.44753847,False
3518,train,0.43248925,False
3519,train,0.37762406,False
3520,test,0.7773448,False
3521,test,0.49606392,False
3522,train,0.5189294,True
3523,train,0.39794528,False
3524,train,0.0025607704,False
3525,test,0.48606455,False
3526,train,0.34967884,False
3527,train,0.5105725,True
3528,train,0.34426507,False
3529,train,0.002835402,False
3530,train,0.0034271765,False
3531,test,0.9971764,False
3532,train,0.4059177,False
3533,train,0.0034902184,False
3534,test,0.64456356,False
3535,train,0.49452442,False
3536,train,0.28058285,False
3537,train,0.44592088,False
3538,train,0.40235963,False
3539,train,0.51325727,True
3540,train,0.4575998,False
3541,train,0.0035045366,False
3542,test,0.3920282,False
3543,train,0.48976055,False
3544,test,0.4439777,False
3545,train,0.23479877,False
3546,train,0.31775683,False
3547,test,0.34018588,False
3548,test,0.4869407,False
3549,train,0.51949966,True
3550,train,0.32553348,False
3551,train,0.0031513667,False
3552,test,0.34376776,False
3553,train,0.4417379,False
3554,train,0.38890138,False
3555,train,0.44147822,False
3556,train,0.5580428,True
3557,test,0.31665623,False
3558,train,0.48010918,False
3559,train,0.46534455,False
3560,train,0.50746876,True
3561,test,0.99706024,False
3562,train,0.52607185,True
3563,train,0.4967166,False
3564,test,0.47385362,False
3565,test,0.39234653,False
3566,train,0.42494556,False
3567,train,0.003236726,False
3568,train,0.48287025,False
3569,train,0.5207413,True
3570,train,0.0017914495,False
3571,train,0.003447109,False
3572,train,0.56024617,True
3573,test,0.4149532,False
3574,train,0.0038375384,False
3575,test,0.99721146,False
3576,train,0.30211017,False
3577,train,0.37618747,False
3578,train,0.25047252,False
3579,train,0.59965706,True
3580,train,0.5542847,True
3581,train,0.32443252,False
3582,test,0.9977955,False
3583,train,0.33124048,False
3584,train,0.5133784,True
3585,train,0.0035867908,False
3586,test,0.49959594,False
3587,train,0.49683148,False
3588,train,0.42671168,False
3589,train,0.25321397,False
3590,train,0.62310636,True
3591,train,0.46255326,False
3592,test,0.45715642,False
3593,train,0.4699439,False
3594,test,0.9974649,False
3595,test,0.41273373,False
3596,train,0.0039036588,False
3597,train,0.0032638726,False
3598,train,0.0031248524,False
3599,train,0.48391366,False
3600,test,0.43031618,False
3601,train,0.486029,False
3602,train,0.38346463,False
3603,train,0.0031161413,False
3604,train,0.42043275,False
3605,train,0.5396046,True
3606,train,0.49324426,False
3607,test,0.5782545,False
3608,train,0.42883816,False
3609,train,0.0034647414,False
3610,train,0.5148551,True
3611,train,0.0030268445,False
3612,train,0.49817246,True
3613,train,0.3947743,False
3614,train,0.29049444,False
3615,train,0.0034491806,False
3616,train,0.2293867,False
3617,train,0.42054284,False
3618,test,0.35224837,False
3619,train,0.003239258,False
3620,train,0.0031491767,False
3621,test,0.9971166,False
3622,train,0.32971177,False
3623,train,0.55306846,True
3624,test,0.39400905,False
3625,train,0.50410044,True
3626,train,0.34383377,False
3627,train,0.49813694,True
3628,train,0.41438696,False
3629,train,0.4028917,False
3630,train,0.47062373,False
3631,train,0.2032573,False
3632,train,0.0042139445,False
3633,train,0.0030876095,False
3634,train,0.37265864,False
3635,train,0.470948,False
3636,test,0.45347902,False
3637,train,0.42977273,False
3638,train,0.47904184,False
3639,test,0.6019433,False
3640,train,0.003451771,False
3641,train,0.52604085,True
3642,train,0.34980556,False
3643,train,0.39118534,False
3644,train,0.32534906,False
3645,test,0.5154818,False
3646,train,0.33570746,False
3647,test,0.5503802,False
3648,test,0.31070757,False
3649,test,0.40456954,False
3650,train,0.36670148,False
3651,test,0.6697001,False
3652,test,0.581373,False
3653,train,0.42051515,False
3654,train,0.28505108,False
3655,train,0.50601834,True
3656,train,0.53720844,True
3657,test,0.51763606,False
3658,train,0.4471226,False
3659,train,0.5546786,True
3660,train,0.53850085,True
3661,train,0.4893675,False
3662,train,0.45812356,False
3663,train,0.40585536,False
3664,train,0.4895946,False
3665,test,0.43145528,False
3666,train,0.0042472836,False
3667,train,0.4842999,False
3668,train,0.3356163,False
3669,train,0.0034283793,False
3670,train,0.43874505,False
3671,train,0.5492775,True
3672,train,0.42326668,False
3673,train,0.4784683,False
3674,train,0.5227217,True
3675,test,0.84198874,False
3676,train,0.56198657,True
3677,train,0.44084963,False
3678,train,0.49372983,False
3679,train,0.003401018,False
3680,train,0.4580358,False
3681,train,0.36665857,False
3682,train,0.53794235,True
3683,train,0.3747591,False
3684,train,0.0039377445,False
3685,train,0.34973428,False
3686,train,0.49311158,False
3687,train,0.42918646,False
3688,train,0.002632085,False
3689,train,0.38572487,False
3690,train,0.57209677,True
3691,train,0.34697214,False
3692,train,0.0032234697,False
3693,train,0.5658234,True
3694,train,0.41896766,False
3695,train,0.40556425,False
3696,test,0.5036648,False
3697,train,0.25130147,False
3698,train,0.0030611628,False
3699,train,0.50088525,True
3700,train,0.4836031,False
3701,train,0.003022013,False
3702,train,0.3931207,False
3703,train,0.57109624,True
3704,train,0.501562,True
3705,test,0.44469377,False
3706,train,0.00305646,False
3707,test,0.55173874,False
3708,train,0.0034313926,False
3709,train,0.30788517,False
3710,train,0.49052352,False
3711,train,0.425802,False
3712,train,0.5085664,True
3713,train,0.36105415,False
3714,train,0.45233276,False
3715,train,0.44920945,False
3716,train,0.0030103233,False
3717,train,0.5173845,True
3718,train,0.33863026,False
3719,train,0.4843316,False
3720,train,0.0033532458,False
3721,train,0.4827672,False
3722,train,0.5368448,True
3723,train,0.55858934,True
3724,train,0.53785145,True
3725,train,0.0030644475,False
3726,train,0.49769714,False
3727,train,0.3336853,False
3728,train,0.0037324657,False
3729,train,0.45679224,False
3730,test,0.27884957,False
3731,test,0.9965371,False
3732,train,0.30852813,False
3733,test,0.45375302,False
3734,train,0.21066867,False
3735,train,0.29438764,False
3736,train,0.34282842,False
3737,train,0.0038366418,False
3738,test,0.60613215,False
3739,train,0.0032353732,False
3740,test,0.5778534,False
3741,train,0.5010061,True
3742,train,0.0031617244,False
3743,test,0.9962655,False
3744,train,0.3695335,False
3745,train,0.3258493,False
3746,train,0.51616925,True
3747,train,0.4005123,False
3748,train,0.002808883,False
3749,train,0.5148717,True
3750,train,0.4265158,False
3751,train,0.2552905,False
3752,train,0.4610573,False
3753,train,0.43885532,False
3754,test,0.33393434,False
3755,train,0.4120017,False
3756,train,0.2940755,False
3757,test,0.52105045,False
3758,train,0.5128091,True
3759,test,0.33678082,False
3760,train,0.3994923,False
3761,train,0.4483161,False
3762,train,0.4583228,False
3763,train,0.003575955,False
3764,train,0.3614058,False
3765,train,0.44123572,False
3766,test,0.48088428,False
3767,test,0.47527304,False
3768,train,0.48054013,False
3769,train,0.47023726,False
3770,test,0.45571548,False
3771,test,0.45416558,False
3772,test,0.9966634,False
3773,train,0.414575,False
3774,train,0.3383437,False
3775,train,0.41525725,False
3776,train,0.5206748,True
3777,train,0.31014428,False
3778,train,0.0023908468,False
3779,train,0.0039243535,False
3780,train,0.004497088,False
3781,train,0.50481766,True
3782,train,0.5109805,True
3783,train,0.6009072,True
3784,test,0.44430393,False
3785,train,0.473111,False
3786,train,0.003359574,False
3787,test,0.40882465,False
3788,test,0.5154979,False
3789,train,0.3835237,False
3790,train,0.3877324,False
3791,train,0.37620077,False
3792,train,0.39256698,False
3793,train,0.37183687,False
3794,test,0.4948265,False
3795,train,0.0031360763,False
3796,train,0.46508008,False
3797,test,0.5694191,False
3798,train,0.3631638,False
3799,train,0.39464912,False
3800,train,0.33127806,False
3801,train,0.5030737,True
3802,test,0.37233236,False
3803,train,0.4342423,False
3804,train,0.3707614,False
3805,test,0.58279836,False
3806,test,0.5710348,False
3807,test,0.9970752,False
3808,train,0.34584486,False
3809,train,0.34564003,False
3810,train,0.3348854,False
3811,train,0.484106,False
3812,train,0.002427925,False
3813,train,0.47234756,False
3814,train,0.45315164,False
3815,train,0.0036196867,False
3816,test,0.53188246,False
3817,train,0.41257697,False
3818,test,0.4367457,False
3819,train,0.49921158,True
3820,train,0.23960125,False
3821,train,0.43233755,False
3822,train,0.48328736,False
3823,test,0.42839175,False
3824,train,0.0034886056,False
3825,train,0.48873046,False
3826,train,0.004157556,False
3827,train,0.46248654,False
3828,train,0.5194195,True
3829,train,0.0032521668,False
3830,train,0.5134769,True
3831,train,0.0033895788,False
3832,train,0.48924643,False
3833,train,0.0032321548,False
3834,train,0.49646825,False
3835,train,0.42454517,False
3836,train,0.37911856,False
3837,train,0.54525113,True
3838,test,0.42221352,False
3839,train,0.45088074,False
3840,train,0.53300154,True
3841,train,0.41275278,False
3842,train,0.0034813895,False
3843,train,0.36875513,False
3844,train,0.38034526,False
3845,train,0.45105743,False
3846,train,0.5387402,True
3847,train,0.5393154,True
3848,train,0.3836093,False
3849,train,0.44526342,False
3850,train,0.0031389846,False
3851,train,0.34422284,False
3852,test,0.37836683,False
3853,train,0.44984278,False
3854,test,0.54442537,False
3855,train,0.48016596,False
3856,train,0.40111023,False
3857,test,0.47327974,False
3858,test,0.43186402,False
3859,test,0.36093804,False
3860,train,0.46251732,False
3861,train,0.4191478,False
3862,train,0.0028606341,False
3863,train,0.0033500597,False
3864,train,0.0030832558,False
3865,train,0.3502088,False
3866,test,0.46400347,False
3867,train,0.0044312566,False
3868,train,0.343677,False
3869,test,0.36567444,False
3870,train,0.002355711,False
3871,train,0.003495205,False
3872,train,0.53027916,True
3873,train,0.48855743,False
3874,train,0.003197353,False
3875,train,0.4252176,False
3876,train,0.34022847,False
3877,train,0.4101315,False
3878,test,0.45792577,False
3879,train,0.45511687,False
3880,test,0.3391693,False
3881,train,0.31343436,False
3882,train,0.3481439,False
3883,train,0.27417234,False
3884,test,0.5043346,False
3885,train,0.4919599,False
3886,train,0.0028559617,False
3887,train,0.33576465,False
3888,train,0.42523053,False
3889,train,0.3145539,False
3890,test,0.9970753,False
3891,train,0.38081643,False
3892,test,0.9976199,False
3893,train,0.54240435,True
3894,train,0.470439,False
3895,test,0.4891808,False
3896,test,0.39673835,False
3897,test,0.455968,False
3898,train,0.54786325,True
3899,test,0.9971105,False
3900,train,0.0035013494,False
3901,train,0.38392407,False
3902,train,0.46745852,False
3903,test,0.51640713,False
3904,train,0.524332,True
3905,train,0.48804483,False
3906,train,0.3556051,False
3907,train,0.44226637,False
3908,test,0.4669035,False
3909,test,0.5519596,False
3910,train,0.38411668,False
3911,train,0.0030762886,False
3912,train,0.0038151066,False
3913,train,0.0040291557,False
3914,train,0.44379312,False
3915,train,0.5462712,True
3916,train,0.36620605,False
3917,train,0.0033264884,False
3918,train,0.5151576,True
3919,train,0.48238337,False
3920,train,0.4921605,False
3921,train,0.4097472,False
3922,train,0.48575813,False
3923,test,0.48239887,False
3924,train,0.0036623173,False
3925,train,0.33429676,False
3926,train,0.52022034,True
3927,train,0.6376895,True
3928,train,0.4955071,False
3929,train,0.29554534,False
3930,train,0.003976755,False
3931,train,0.5606092,True
3932,train,0.3898849,False
3933,train,0.48836252,False
3934,train,0.0033434243,False
3935,train,0.40945747,False
3936,test,0.5786693,False
3937,train,0.42518914,False
3938,train,0.32372642,False
3939,train,0.5153973,True
3940,test,0.997204,False
3941,test,0.5020981,False
3942,train,0.45085877,False
3943,train,0.0029215638,False
3944,test,0.5731217,False
3945,test,0.39165774,False
3946,train,0.0034083037,False
3947,train,0.003370311,False
3948,train,0.0023533674,False
3949,train,0.3448788,False
3950,train,0.46018484,False
3951,train,0.0031791143,False
3952,train,0.37651405,False
3953,train,0.4563031,False
3954,train,0.510867,True
3955,train,0.00346576,False
3956,train,0.5587784,True
3957,train,0.23583499,False
3958,test,0.32149035,False
3959,train,0.35780293,False
3960,train,0.26367202,False
3961,train,0.28130648,False
3962,train,0.5856972,True
3963,train,0.5213687,True
3964,train,0.50283986,True
3965,train,0.4666739,False
3966,train,0.39194378,False
3967,train,0.0029772888,False
3968,train,0.0036687152,False
3969,train,0.42107117,False
3970,train,0.49155933,False
3971,train,0.43471906,False
3972,train,0.4965248,False
3973,train,0.0032428524,False
3974,train,0.28099683,False
3975,train,0.0027878426,False
3976,train,0.45016107,False
3977,train,0.43299082,False
3978,train,0.26597172,False
3979,train,0.002892023,False
3980,train,0.4689073,False
3981,test,0.2232374,False
3982,train,0.3481913,False
3983,train,0.49395317,False
3984,train,0.4784046,False
3985,test,0.49160537,False
3986,train,0.0030556533,False
3987,train,0.3726744,False
3988,train,0.47789288,False
3989,train,0.54462576,True
3990,train,0.0029073446,False
3991,train,0.40843785,False
3992,train,0.48490775,False
3993,train,0.43558034,False
3994,train,0.44650736,False
3995,train,0.0034532212,False
3996,test,0.3419735,False
3997,train,0.48969826,False
3998,test,0.49632037,False
3999,test,0.99732786,False
4000,train,0.27831185,False
4001,test,0.46892723,False
4002,train,0.33614424,False
4003,train,0.0041047363,False
4004,train,0.0034020757,False
4005,train,0.33758125,False
4006,train,0.0032069855,False
4007,test,0.35801065,False
4008,train,0.55318093,True
4009,train,0.5300108,True
4010,train,0.51453304,True
4011,train,0.3632608,False
4012,train,0.5284374,True
4013,test,0.471225,False
4014,test,0.49764517,False
4015,train,0.0034209555,False
4016,train,0.528953,True
4017,train,0.35190758,False
4018,test,0.5743001,False
4019,train,0.46672496,False
4020,train,0.0034180975,False
4021,train,0.004361071,False
4022,train,0.5483137,True
4023,train,0.0028733008,False
4024,train,0.41681248,False
4025,train,0.565359,True
4026,test,0.48575336,False
4027,train,0.4977832,False
4028,test,0.85424656,False
4029,train,0.003489452,False
4030,train,0.40786976,False
4031,train,0.46562728,False
4032,train,0.32737273,False
4033,test,0.34090137,False
4034,train,0.37857595,False
4035,train,0.45284802,False
4036,train,0.37491694,False
4037,test,0.38433424,False
4038,train,0.50262845,True
4039,train,0.44018108,False
4040,train,0.4388971,False
4041,train,0.44580832,False
4042,train,0.2018307,False
4043,test,0.5035146,False
4044,test,0.38322136,False
4045,train,0.0034209576,False
4046,train,0.0030738863,False
4047,train,0.38675788,False
4048,train,0.42176172,False
4049,train,0.47627038,False
4050,test,0.99708146,False
4051,train,0.5446515,True
4052,train,0.21936092,False
4053,train,0.4517632,False
4054,train,0.0041268296,False
4055,train,0.50457156,True
4056,test,0.99671793,False
4057,train,0.44362557,False
4058,train,0.45084256,False
4059,test,0.99734503,False
4060,train,0.40548033,False
4061,train,0.49899,True
4062,train,0.002958622,False
4063,test,0.997498,False
4064,train,0.002885644,False
4065,train,0.4000163,False
4066,train,0.50359035,True
4067,train,0.51247066,True
4068,train,0.0033088098,False
4069,train,0.41478676,False
4070,train,0.37400687,False
4071,train,0.47054985,False
4072,train,0.33494836,False
4073,train,0.5886395,True
4074,train,0.5018733,True
4075,train,0.470758,False
4076,test,0.38186336,False
4077,test,0.56487364,False
4078,train,0.57215047,True
4079,train,0.49019298,False
4080,train,0.51286525,True
4081,train,0.23256494,False
4082,train,0.5033701,True
4083,test,0.3876625,False
4084,train,0.5208829,True
4085,train,0.0036410703,False
4086,train,0.4776376,False
4087,test,0.9975971,False
4088,test,0.4240055,False
4089,train,0.4771357,False
4090,train,0.0035261344,False
4091,train,0.49626914,False
4092,train,0.0024048649,False
4093,train,0.53129464,True
4094,train,0.5780922,True
4095,train,0.0032273084,False
4096,train,0.45912227,False
4097,test,0.54566926,False
4098,train,0.4124337,False
4099,test,0.5225041,False
4100,train,0.4241215,False
4101,train,0.35532323,False
4102,test,0.3650299,False
4103,train,0.0032216574,False
4104,train,0.36594078,False
4105,train,0.0035784096,False
4106,train,0.56599915,True
4107,train,0.4876537,False
4108,train,0.47568986,False
4109,test,0.507273,False
4110,train,0.0032804136,False
4111,train,0.47948778,False
4112,train,0.55012965,True
4113,train,0.78377706,True
4114,train,0.55361503,True
4115,test,0.42065343,False
4116,test,0.5018551,False
4117,train,0.0028595622,False
4118,test,0.5086808,False
4119,train,0.4036526,False
4120,train,0.47264937,False
4121,test,0.9972971,False
4122,test,0.5998067,False
4123,train,0.37525776,False
4124,train,0.5606836,True
4125,train,0.557865,True
4126,train,0.5004422,True
4127,train,0.362231,False
4128,train,0.5571294,True
4129,train,0.17055693,False
4130,train,0.39577147,False
4131,test,0.6217028,False
4132,train,0.00336074,False
4133,train,0.003421334,False
4134,train,0.48243305,False
4135,train,0.53935015,True
4136,train,0.52778065,True
4137,train,0.4652308,False
4138,train,0.45901847,False
4139,train,0.3225853,False
4140,train,0.4785851,False
4141,test,0.2640383,False
4142,train,0.48698366,False
4143,train,0.2403738,False
4144,train,0.002524501,False
4145,train,0.11398312,False
4146,train,0.4596395,False
4147,test,0.3853341,False
4148,train,0.5227662,True
4149,test,0.9976957,False
4150,train,0.50256693,True
4151,test,0.38211748,False
4152,train,0.0025337178,False
4153,test,0.41047025,False
4154,train,0.44934344,False
4155,train,0.44151303,False
4156,train,0.36865658,False
4157,train,0.003771472,False
4158,train,0.40792248,False
4159,test,0.42719704,False
4160,train,0.2891581,False
4161,train,0.0032425784,False
4162,train,0.4093903,False
4163,test,0.49769625,False
4164,train,0.50438666,True
4165,train,0.0032722228,False
4166,train,0.42777115,False
4167,train,0.40546697,False
4168,test,0.5007479,False
4169,train,0.003082212,False
4170,train,0.34561425,False
4171,train,0.45913076,False
4172,train,0.4183383,False
4173,train,0.32929122,False
4174,train,0.58365244,True
4175,train,0.31737506,False
4176,train,0.45376977,False
4177,train,0.4738797,False
4178,test,0.99741054,False
4179,train,0.5393321,True
4180,train,0.46992737,False
4181,test,0.42341304,False
4182,train,0.4823688,False
4183,test,0.99686253,False
4184,train,0.39147723,False
4185,train,0.38943923,False
4186,test,0.33926836,False
4187,train,0.54487264,True
4188,train,0.50273407,True
4189,test,0.473055,False
4190,train,0.4225694,False
4191,train,0.0036997232,False
4192,train,0.0034751326,False
4193,train,0.46755296,False
4194,train,0.59855324,True
4195,train,0.45737278,False
4196,train,0.0032578057,False
4197,train,0.2938004,False
4198,train,0.45727116,False
4199,train,0.45850003,False
4200,test,0.99737275,False
4201,train,0.40607825,False
4202,train,0.49395058,False
4203,train,0.0032812108,False
4204,train,0.0037697523,False
4205,train,0.33031514,False
4206,test,0.3032096,False
4207,train,0.003152562,False
4208,train,0.0035491032,False
4209,test,0.55598575,False
4210,test,0.40801308,False
4211,train,0.0035478186,False
4212,train,0.5104456,True
4213,train,0.5810726,True
4214,train,0.5078718,True
4215,train,0.43071866,False
4216,train,0.0039066668,False
4217,test,0.5309988,False
4218,test,0.3682378,False
4219,train,0.36747277,False
4220,test,0.9971018,False
4221,train,0.33904234,False
4222,train,0.4118811,False
4223,train,0.41965705,False
4224,test,0.5466261,False
4225,train,0.28031188,False
4226,test,0.48349553,False
4227,train,0.35242638,False
4228,train,0.0041645938,False
4229,test,0.40324467,False
4230,train,0.42031515,False
4231,test,0.5724667,False
4232,train,0.55943215,True
4233,train,0.5474475,True
4234,test,0.44987804,False
4235,train,0.51108205,True
4236,test,0.46491757,False
4237,train,0.3931027,False
4238,train,0.38521007,False
4239,train,0.0037297835,False
4240,train,0.0025124722,False
4241,train,0.45438623,False
4242,train,0.4265628,False
4243,train,0.3890554,False
4244,train,0.425192,False
4245,train,0.004030339,False
4246,test,0.404601,False
4247,train,0.49119654,False
4248,train,0.46610737,False
4249,test,0.556274,False
4250,test,0.9968384,False
4251,train,0.0034999656,False
4252,test,0.19520672,False
4253,train,0.47258502,False
4254,train,0.5513942,True
4255,train,0.5176212,True
4256,train,0.24686897,False
4257,test,0.43177631,False
4258,train,0.2524436,False
4259,train,0.35751063,False
4260,train,0.39696157,False
4261,train,0.16522032,False
4262,test,0.99704015,False
4263,train,0.46425402,False
4264,test,0.4431663,False
4265,train,0.3427012,False
4266,test,0.9969384,False
4267,train,0.46738085,False
4268,train,0.3687032,False
4269,train,0.0039248294,False
4270,train,0.0029947327,False
4271,train,0.0032224492,False
4272,train,0.5660574,True
4273,train,0.49999568,True
4274,train,0.39548802,False
4275,test,0.39118993,False
4276,train,0.35280293,False
4277,test,0.36933053,False
4278,train,0.0031435364,False
4279,train,0.0023928622,False
4280,test,0.5370925,False
4281,train,0.4666297,False
4282,train,0.4185657,False
4283,test,0.48081884,False
4284,train,0.3905915,False
4285,train,0.40763134,False
4286,train,0.50505185,True
4287,train,0.51321185,True
4288,train,0.48090157,False
4289,train,0.0034474595,False
4290,train,0.0034441964,False
4291,train,0.32911596,False
4292,test,0.5012476,False
4293,train,0.5606249,True
4294,train,0.003773262,False
4295,train,0.0042388425,False
4296,train,0.53510845,True
4297,train,0.0032139998,False
4298,train,0.47781125,False
4299,train,0.0032520716,False
4300,test,0.99697524,False
4301,train,0.5233606,True
4302,train,0.361773,False
4303,train,0.46749645,False
4304,train,0.5784997,True
4305,test,0.506846,False
4306,train,0.45095098,False
4307,train,0.0033456758,False
4308,train,0.40044257,False
4309,test,0.4916121,False
4310,train,0.0036344156,False
4311,train,0.32367632,False
4312,train,0.43238956,False
4313,train,0.29542962,False
4314,train,0.4285356,False
4315,train,0.004047808,False
4316,train,0.48264307,False
4317,train,0.4879961,False
4318,train,0.56065756,True
4319,train,0.5108524,True
4320,train,0.39815003,False
4321,train,0.55816305,True
4322,test,0.5056603,False
4323,train,0.0028980544,False
4324,train,0.0030120187,False
4325,train,0.35119498,False
4326,train,0.5967715,True
4327,test,0.9965028,False
4328,train,0.0031746284,False
4329,train,0.00349422,False
4330,train,0.40366587,False
4331,train,0.43613487,False
4332,train,0.48436597,False
4333,train,0.52020985,True
4334,test,0.4020829,False
4335,train,0.46722445,False
4336,test,0.4443266,False
4337,train,0.4546093,False
4338,test,0.5274228,False
4339,train,0.4205171,False
4340,train,0.41240057,False
4341,test,0.506313,False
4342,train,0.44146463,False
4343,train,0.52007115,True
4344,test,0.38078958,False
4345,train,0.0024532857,False
4346,train,0.47878656,False
4347,train,0.0034418013,False
4348,test,0.9970886,False
4349,train,0.5594559,True
4350,train,0.0031677976,False
4351,train,0.29131034,False
4352,train,0.39597028,False
4353,test,0.4475485,False
4354,test,0.4301884,False
4355,test,0.49958763,False
4356,test,0.45944688,False
4357,train,0.40269345,False
4358,train,0.0021340905,False
4359,test,0.5572356,False
4360,train,0.5310341,True
4361,test,0.45309377,False
4362,train,0.38147295,False
4363,train,0.46988195,False
4364,train,0.4481331,False
4365,train,0.5330596,True
4366,test,0.50598866,False
4367,test,0.9969639,False
4368,train,0.49277812,False
4369,train,0.0027266163,False
4370,test,0.47362074,False
4371,train,0.44028392,False
4372,train,0.25076997,False
4373,train,0.5480245,True
4374,train,0.44676343,False
4375,train,0.4866767,False
4376,test,0.34978044,False
4377,train,0.51401424,True
4378,train,0.4926266,False
4379,train,0.49706432,False
4380,train,0.41577828,False
4381,train,0.39022794,False
4382,train,0.5798512,True
4383,train,0.00312334,False
4384,train,0.44095087,False
4385,train,0.48201784,False
4386,train,0.3241181,False
4387,train,0.003344801,False
4388,train,0.4759693,False
4389,test,0.4010096,False
4390,train,0.3516158,False
4391,train,0.58055425,True
4392,train,0.4793296,False
4393,train,0.0035587705,False
4394,test,0.42599002,False
4395,train,0.45985574,False
4396,train,0.0038624306,False
4397,train,0.58972704,True
4398,test,0.4555799,False
4399,train,0.4542517,False
4400,train,0.47685367,False
4401,train,0.5591686,True
4402,test,0.51522547,False
4403,test,0.997367,False
4404,train,0.32379243,False
4405,train,0.52143425,True
4406,train,0.40162602,False
4407,train,0.50082606,True
4408,test,0.5467865,False
4409,train,0.0037185482,False
4410,train,0.47825208,False
4411,test,0.99718314,False
4412,train,0.4032006,False
4413,test,0.9971104,False
4414,test,0.39817575,False
4415,train,0.45671752,False
4416,train,0.47928903,False
4417,train,0.51857334,True
4418,train,0.48691005,False
4419,train,0.0028089017,False
4420,train,0.45180577,False
4421,test,0.99700636,False
4422,train,0.35143095,False
4423,train,0.439087,False
4424,train,0.3340556,False
4425,test,0.46332493,False
4426,train,0.29547337,False
4427,train,0.0034500705,False
4428,train,0.4327775,False
4429,test,0.895036,False
4430,train,0.0025457488,False
4431,train,0.42412275,False
4432,train,0.0030465727,False
4433,train,0.0034841294,False
4434,train,0.28276885,False
4435,train,0.59062177,True
4436,train,0.0031042092,False
4437,train,0.33409414,False
4438,test,0.3867575,False
4439,test,0.4727376,False
4440,train,0.37863335,False
4441,test,0.5162229,False
4442,train,0.41699514,False
4443,train,0.0027198207,False
4444,train,0.49665177,False
4445,train,0.43708077,False
4446,train,0.5136989,True
4447,train,0.4780935,False
4448,train,0.521843,True
4449,train,0.0026428003,False
4450,train,0.0040360335,False
4451,train,0.0033602368,False
4452,train,0.49720088,False
4453,test,0.2090118,False
4454,train,0.47957128,False
4455,train,0.51414627,True
4456,test,0.52735263,False
4457,train,0.27787292,False
4458,train,0.50356525,True
4459,train,0.4533453,False
4460,train,0.32042685,False
4461,test,0.5036143,False
4462,train,0.49888268,True
4463,train,0.5062776,True
4464,train,0.43916124,False
4465,train,0.47800907,False
4466,train,0.27503172,False
4467,test,0.8496889,False
4468,train,0.507569,True
4469,train,0.0033712352,False
4470,train,0.2462999,False
4471,train,0.44218424,False
4472,train,0.48811468,False
4473,test,0.65732753,False
4474,train,0.46538913,False
4475,train,0.42815983,False
4476,test,0.39978236,False
4477,train,0.467323,False
4478,train,0.5447891,True
4479,test,0.9975542,False
4480,test,0.9970239,False
4481,train,0.44562048,False
4482,train,0.5383702,True
4483,train,0.5173755,True
4484,train,0.4339975,False
4485,train,0.23491679,False
4486,train,0.39198172,False
4487,train,0.47322023,False
4488,train,0.5511298,True
4489,train,0.40084922,False
4490,train,0.0033706173,False
4491,train,0.5891878,True
4492,train,0.62036866,True
4493,train,0.4864864,False
4494,train,0.41161925,False
4495,train,0.4254755,False
4496,test,0.9968596,False
4497,train,0.43465468,False
4498,train,0.5923582,True
4499,train,0.5249201,True
4500,test,0.9977344,False
4501,train,0.003861549,False
4502,train,0.4152433,False
4503,train,0.0035415927,False
4504,test,0.46682835,False
4505,train,0.49624515,False
4506,train,0.5230099,True
4507,train,0.37854698,False
4508,train,0.23747835,False
4509,train,0.57706267,True
4510,test,0.26550856,False
4511,train,0.50725347,True
4512,train,0.5360273,True
4513,train,0.282238,False
4514,test,0.47417295,False
4515,train,0.4303137,False
4516,train,0.1799057,False
4517,train,0.3616663,False
4518,train,0.0032278479,False
4519,train,0.34018075,False
4520,test,0.99766815,False
4521,train,0.0038107946,False
4522,train,0.0028185754,False
4523,train,0.002716236,False
4524,train,0.3189633,False
4525,train,0.003453192,False
4526,train,0.4966497,False
4527,train,0.39286274,False
4528,train,0.41400295,False
4529,test,0.997056,False
4530,train,0.47788107,False
4531,train,0.37643367,False
4532,train,0.45454487,False
4533,train,0.64708656,True
4534,train,0.4370059,False
4535,train,0.37958708,False
4536,test,0.9966215,False
4537,train,0.5048957,True
4538,train,0.44542965,False
4539,train,0.0035316735,False
4540,train,0.33280346,False
4541,train,0.58234215,True
4542,train,0.003693706,False
4543,train,0.33223057,False
4544,train,0.41687196,False
4545,train,0.6123116,True
4546,train,0.3854418,False
4547,train,0.5302651,True
4548,train,0.5251918,True
4549,test,0.99729687,False
4550,test,0.9968684,False
4551,train,0.0035866397,False
4552,train,0.5559236,True
4553,train,0.37688825,False
4554,train,0.4727035,False
4555,train,0.41367453,False
4556,train,0.0027488063,False
4557,test,0.99618053,False
4558,train,0.469986,False
4559,train,0.45975548,False
4560,train,0.0044897404,False
4561,train,0.003559003,False
4562,train,0.431674,False
4563,train,0.40628704,False
4564,test,0.43902734,False
4565,train,0.5353024,True
4566,train,0.47500437,False
4567,train,0.0031465506,False
4568,test,0.47370312,False
4569,test,0.427314,False
4570,train,0.47849154,False
4571,train,0.48374787,False
4572,train,0.0035027408,False
4573,train,0.57772565,True
4574,train,0.0029837717,False
4575,train,0.00556161,False
4576,train,0.3871676,False
4577,train,0.40692785,False
4578,train,0.45686588,False
4579,test,0.42929778,False
4580,train,0.42782584,False
4581,test,0.44647035,False
4582,train,0.0035473073,False
4583,train,0.33929226,False
4584,test,0.36181897,False
4585,train,0.46190894,False
4586,train,0.4949002,False
4587,train,0.5123725,True
4588,train,0.4425601,False
4589,train,0.45658922,False
4590,train,0.003234149,False
4591,train,0.45279488,False
4592,train,0.53152454,True
4593,train,0.3907453,False
4594,train,0.3318018,False
4595,train,0.0030327195,False
4596,test,0.9972819,False
4597,train,0.5900264,True
4598,test,0.4005184,False
4599,train,0.0029072394,False
4600,train,0.41985384,False
4601,train,0.4143565,False
4602,train,0.4890043,False
4603,train,0.3837794,False
4604,train,0.43018544,False
4605,train,0.44933122,False
4606,test,0.9968407,False
4607,test,0.20583162,False
4608,train,0.49975583,True
4609,test,0.35219055,False
4610,train,0.45186877,False
4611,train,0.45254034,False
4612,train,0.003128269,False
4613,train,0.5033209,True
4614,train,0.0035640458,False
4615,train,0.0029698203,False
4616,train,0.0036208343,False
4617,train,0.48854518,False
4618,train,0.3635519,False
4619,test,0.5661948,False
4620,test,0.40038773,False
4621,train,0.51724696,True
4622,train,0.5443709,True
4623,train,0.38571823,False
4624,train,0.5133422,True
4625,test,0.36869416,False
4626,train,0.4399408,False
4627,test,0.9971778,False
4628,train,0.0035165576,False
4629,test,0.58967376,False
4630,train,0.5846259,True
4631,test,0.9964577,False
4632,train,0.50347143,True
4633,train,0.38391757,False
4634,train,0.47293654,False
4635,test,0.99662256,False
4636,train,0.35613632,False
4637,train,0.39603043,False
4638,train,0.28983676,False
4639,train,0.515523,True
4640,train,0.003693465,False
4641,train,0.39787966,False
4642,train,0.41989207,False
4643,train,0.53395027,True
4644,train,0.4923074,False
4645,test,0.4966174,False
4646,train,0.47582847,False
4647,train,0.36231145,False
4648,train,0.0030925989,False
4649,train,0.54274017,True
4650,train,0.47154686,False
4651,test,0.5196552,False
4652,train,0.56036943,True
4653,train,0.42402768,False
4654,train,0.4321287,False
4655,train,0.0030564312,False
4656,train,0.4682456,False
4657,test,0.9973848,False
4658,train,0.0039910995,False
4659,train,0.44602114,False
4660,test,0.9969151,False
4661,test,0.9967273,False
4662,train,0.3651526,False
4663,train,0.43456727,False
4664,train,0.43497375,False
4665,train,0.38766238,False
4666,train,0.46380565,False
4667,train,0.4749974,False
4668,train,0.00424082,False
4669,train,0.34727702,False
4670,train,0.32353196,False
4671,train,0.53798956,True
4672,train,0.49298406,False
4673,train,0.39724904,False
4674,train,0.45132282,False
4675,train,0.004075492,False
4676,train,0.3174517,False
4677,train,0.45572686,False
4678,train,0.25487736,False
4679,train,0.0035267978,False
4680,train,0.6280671,True
4681,train,0.42540678,False
4682,train,0.524175,True
4683,train,0.2282361,False
4684,test,0.99681395,False
4685,train,0.5138283,True
4686,train,0.57990307,True
4687,train,0.3615149,False
4688,train,0.48995668,False
4689,test,0.39298046,False
4690,train,0.46676406,False
4691,train,0.27048758,False
4692,train,0.0030921942,False
4693,train,0.0034689854,False
4694,train,0.0036640505,False
4695,train,0.4816018,False
4696,train,0.5223269,True
4697,train,0.46004996,False
4698,train,0.27506608,False
4699,train,0.36384514,False
4700,train,0.5273512,True
4701,train,0.0034975333,False
4702,test,0.3696377,False
4703,train,0.0033332063,False
4704,train,0.49323592,False
4705,test,0.42589137,False
4706,train,0.4669427,False
4707,train,0.3350149,False
4708,train,0.002928373,False
4709,test,0.5270263,False
4710,train,0.24791776,False
4711,train,0.41089526,False
4712,train,0.53513545,True
4713,train,0.29921967,False
4714,train,0.47792137,False
4715,train,0.320528,False
4716,train,0.46475634,False
4717,train,0.43611464,False
4718,test,0.36156553,False
4719,train,0.4911251,False
4720,train,0.4241857,False
4721,train,0.4760828,False
4722,test,0.99735165,False
4723,train,0.64089715,True
4724,test,0.458461,False
4725,train,0.39926457,False
4726,train,0.49031085,False
4727,train,0.4509267,False
4728,train,0.0046081645,False
4729,train,0.45585883,False
4730,test,0.5033561,False
4731,train,0.44168416,False
4732,train,0.50045866,True
4733,train,0.4448757,False
4734,train,0.48364943,False
4735,train,0.4781831,False
4736,test,0.49962574,False
4737,train,0.4780468,False
4738,train,0.43999523,False
4739,train,0.47580647,False
4740,train,0.0040215924,False
4741,train,0.5152388,True
4742,train,0.4044897,False
4743,train,0.49115717,False
4744,train,0.44593292,False
4745,test,0.99688804,False
4746,train,0.21475539,False
4747,train,0.0028806361,False
4748,train,0.36161768,False
4749,train,0.41956654,False
4750,test,0.56966746,False
4751,train,0.6207556,True
4752,train,0.31149215,False
4753,train,0.46376902,False
4754,train,0.5453131,True
4755,train,0.0032503644,False
4756,train,0.0035202706,False
4757,train,0.38134894,False
4758,train,0.5098777,True
4759,train,0.6105235,True
4760,train,0.4332901,False
4761,train,0.49079743,False
4762,train,0.33218074,False
4763,train,0.4686065,False
4764,train,0.50833946,True
4765,train,0.4281384,False
4766,train,0.51425797,True
4767,train,0.39277562,False
4768,train,0.41255632,False
4769,train,0.48628584,False
4770,train,0.3499974,False
4771,train,0.4895433,False
4772,test,0.5182224,False
4773,train,0.3855179,False
4774,test,0.39768708,False
4775,train,0.5686981,True
4776,train,0.5381974,True
4777,train,0.4501568,False
4778,train,0.53393126,True
4779,test,0.56255704,False
4780,test,0.4362351,False
4781,train,0.5605959,True
4782,train,0.42105234,False
4783,train,0.38982087,False
4784,test,0.32407045,False
4785,train,0.41503042,False
4786,train,0.004023551,False
4787,train,0.34698337,False
4788,train,0.0025856423,False
4789,train,0.43970883,False
4790,train,0.002897386,False
4791,test,0.45413578,False
4792,train,0.52977675,True
4793,train,0.31719244,False
4794,train,0.46715093,False
4795,train,0.0032465719,False
4796,train,0.38065714,False
4797,test,0.4906909,False
4798,train,0.5004155,True
4799,train,0.0034497213,False
4800,train,0.0033757782,False
4801,train,0.4788876,False
4802,train,0.0028663797,False
4803,train,0.002292626,False
4804,train,0.47100094,False
4805,test,0.9957567,False
4806,train,0.0032709758,False
4807,train,0.41056794,False
4808,train,0.47536027,False
4809,train,0.00283303,False
4810,train,0.37995416,False
4811,test,0.6996244,False
4812,train,0.45380354,False
4813,train,0.0044171363,False
4814,train,0.46808115,False
4815,train,0.48958364,False
4816,train,0.47684866,False
4817,train,0.31157908,False
4818,train,0.49343157,False
4819,train,0.44093078,False
4820,train,0.3625258,False
4821,train,0.43325943,False
4822,train,0.45203137,False
4823,train,0.3966292,False
4824,train,0.53932303,True
4825,train,0.34111977,False
4826,train,0.0033220584,False
4827,train,0.0031769571,False
4828,train,0.36891004,False
4829,train,0.5562926,True
4830,train,0.57551265,True
4831,train,0.35827103,False
4832,test,0.3449655,False
4833,train,0.0034433429,False
4834,train,0.39963615,False
4835,train,0.0029055679,False
4836,train,0.47063395,False
4837,train,0.3862324,False
4838,train,0.47581804,False
4839,train,0.5153994,True
4840,test,0.44098318,False
4841,train,0.3506018,False
4842,train,0.8273815,True
4843,train,0.49457437,False
4844,train,0.44905433,False
4845,train,0.50052166,True
4846,train,0.48845017,False
4847,train,0.38601065,False
4848,train,0.43065843,False
4849,test,0.5935965,False
4850,test,0.4766042,False
4851,train,0.49704915,False
4852,test,0.99637514,False
4853,train,0.34759235,False
4854,train,0.39801303,False
4855,train,0.41170323,False
4856,train,0.0031524645,False
4857,train,0.0030215012,False
4858,test,0.3707768,False
4859,train,0.39213312,False
4860,train,0.4494749,False
4861,train,0.38707808,False
4862,train,0.4868662,False
4863,test,0.4437807,False
4864,train,0.0032086452,False
4865,train,0.4695594,False
4866,train,0.32304353,False
4867,train,0.6184904,True
4868,train,0.37582952,False
4869,train,0.52405465,True
4870,test,0.55649596,False
4871,train,0.3322127,False
4872,train,0.40223908,False
4873,train,0.0026846454,False
4874,train,0.51325184,True
4875,train,0.37885,False
4876,train,0.003630638,False
4877,train,0.003607625,False
4878,train,0.52252424,True
4879,test,0.5994721,False
4880,train,0.43388057,False
4881,train,0.5375499,True
4882,train,0.4468342,False
4883,train,0.41189787,False
4884,train,0.3391016,False
4885,train,0.45145452,False
4886,train,0.5527179,True
4887,test,0.29903665,False
4888,train,0.0028930523,False
4889,train,0.5654908,True
4890,test,0.99701166,False
4891,train,0.2656623,False
4892,train,0.314066,False
4893,train,0.37022954,False
4894,train,0.49237368,False
4895,test,0.45853767,False
4896,train,0.003483741,False
4897,train,0.47143337,False
4898,train,0.3475386,False
4899,test,0.64593655,False
4900,train,0.36409053,False
4901,train,0.0033451759,False
4902,train,0.48634988,False
4903,train,0.5157706,True
4904,train,0.39583176,False
4905,test,0.9971849,False
4906,train,0.50625145,True
4907,test,0.8902307,False
4908,train,0.5347132,True
4909,train,0.5443279,True
4910,train,0.0033405812,False
4911,train,0.0033770623,False
4912,train,0.37820324,False
4913,train,0.0032480008,False
4914,test,0.30402833,False
4915,train,0.0039687497,False
4916,test,0.9964969,False
4917,train,0.44021273,False
4918,train,0.0026212863,False
4919,train,0.4803384,False
4920,test,0.41910532,False
4921,train,0.5235445,True
4922,train,0.47107872,False
4923,train,0.0036046572,False
4924,train,0.49802735,False
4925,test,0.9972072,False
4926,test,0.37240636,False
4927,test,0.36756355,False
4928,test,0.46569157,False
4929,test,0.38746032,False
4930,train,0.0033243287,False
4931,train,0.00277081,False
4932,train,0.47495893,False
4933,train,0.3859428,False
4934,train,0.003479533,False
4935,train,0.42959404,False
4936,train,0.45793736,False
4937,train,0.511979,True
4938,train,0.0033246486,False
4939,train,0.5215946,True
4940,train,0.40621358,False
4941,train,0.0033639914,False
4942,test,0.41677338,False
4943,train,0.40124205,False
4944,test,0.57208943,False
4945,train,0.003147213,False
4946,train,0.62375915,True
4947,test,0.34816226,False
4948,train,0.00392204,False
4949,train,0.3568804,False
4950,train,0.0032031804,False
4951,train,0.003975561,False
4952,train,0.46769384,False
4953,train,0.43288434,False
4954,train,0.0026714988,False
4955,train,0.51643896,True
4956,train,0.38864195,False
4957,train,0.5209921,True
4958,train,0.0027528508,False
4959,train,0.44447827,False
4960,train,0.4588897,False
4961,train,0.0038365505,False
4962,train,0.33233982,False
4963,train,0.24394216,False
4964,train,0.0032379515,False
4965,train,0.0029326617,False
4966,test,0.449797,False
4967,train,0.30900988,False
4968,train,0.5034133,True
4969,train,0.40546885,False
4970,test,0.40545958,False
4971,train,0.44973552,False
4972,test,0.5033133,False
4973,test,0.4972528,False
4974,train,0.0029432115,False
4975,train,0.4002558,False
4976,train,0.0035865828,False
4977,train,0.5280443,True
4978,train,0.38198662,False
4979,train,0.0032064219,False
4980,train,0.0032487072,False
4981,train,0.42229813,False
4982,train,0.40057626,False
4983,train,0.51440644,True
4984,train,0.0029667963,False
4985,train,0.43601096,False
4986,train,0.30344075,False
4987,train,0.48410067,False
4988,train,0.35855833,False
4989,train,0.5072235,True
4990,train,0.0040686503,False
4991,train,0.46552542,False
4992,train,0.46865776,False
4993,train,0.4984195,True
4994,train,0.5322761,True
4995,train,0.0031681252,False
4996,train,0.4819665,False
4997,train,0.0035911377,False
4998,train,0.48894855,False
4999,train,0.003486967,False
5000,test,0.56430584,False
5001,test,0.61150634,False
5002,train,0.3045246,False
5003,train,0.40160954,False
5004,train,0.50130767,True
5005,test,0.48509338,False
5006,train,0.0029825482,False
5007,test,0.22236371,False
5008,train,0.35577887,False
5009,test,0.44335848,False
5010,train,0.47555554,False
5011,train,0.48692366,False
5012,test,0.99719745,False
5013,train,0.48940262,False
5014,train,0.40201336,False
5015,train,0.0028424538,False
5016,train,0.40305296,False
5017,train,0.0032046065,False
5018,train,0.0036385017,False
5019,train,0.0033738893,False
5020,train,0.0036776422,False
5021,test,0.41429496,False
5022,train,0.002936064,False
5023,train,0.4767819,False
5024,train,0.4300324,False
5025,train,0.33039823,False
5026,test,0.59004116,False
5027,train,0.38416454,False
5028,train,0.40343437,False
5029,train,0.478904,False
5030,test,0.3935987,False
5031,test,0.34903932,False
5032,train,0.38325635,False
5033,train,0.29498634,False
5034,train,0.48755,False
5035,train,0.5549546,True
5036,train,0.5101813,True
5037,train,0.507582,True
5038,train,0.0032524953,False
5039,train,0.5001507,True
5040,test,0.40609416,False
5041,train,0.5145716,True
5042,train,0.4973567,False
5043,train,0.5187381,True
5044,train,0.0025497286,False
5045,train,0.48953983,False
5046,train,0.0033026533,False
5047,test,0.48057362,False
5048,train,0.2937252,False
5049,train,0.47054625,False
5050,train,0.0035759413,False
5051,train,0.0031447338,False
5052,train,0.002982433,False
5053,train,0.3884323,False
5054,train,0.41787216,False
5055,train,0.0032792669,False
5056,train,0.003251517,False
5057,train,0.4476445,False
5058,test,0.4510728,False
5059,train,0.47122955,False
5060,train,0.34497842,False
5061,train,0.46913153,False
5062,train,0.45849368,False
5063,train,0.51305526,True
5064,train,0.5272258,True
5065,train,0.4417804,False
5066,train,0.4910282,False
5067,train,0.0033290188,False
5068,train,0.37188482,False
5069,train,0.47765428,False
5070,train,0.3579691,False
5071,train,0.27553305,False
5072,test,0.7584917,False
5073,train,0.00403764,False
5074,train,0.22113854,False
5075,train,0.3220369,False
5076,train,0.48354802,False
5077,train,0.46139735,False
5078,train,0.48083392,False
5079,train,0.49167207,False
5080,train,0.35460484,False
5081,train,0.49627313,False
5082,train,0.3822457,False
5083,test,0.5457079,False
5084,train,0.0036579308,False
5085,test,0.5077801,False
5086,train,0.29564416,False
5087,train,0.003633951,False
5088,train,0.44688147,False
5089,train,0.0036422787,False
5090,train,0.46013114,False
5091,test,0.4471683,False
5092,train,0.4124451,False
5093,train,0.0024099697,False
5094,test,0.29227912,False
5095,test,0.5150112,False
5096,train,0.003541631,False
5097,train,0.5167564,True
5098,test,0.32402602,False
5099,train,0.49291652,False
5100,train,0.003338029,False
5101,train,0.3844825,False
5102,train,0.32073632,False
5103,train,0.39948714,False
5104,test,0.34264618,False
5105,test,0.5779842,False
5106,train,0.32929385,False
5107,train,0.45359424,False
5108,train,0.4252375,False
5109,train,0.0033962831,False
5110,train,0.39387664,False
5111,test,0.9970357,False
5112,train,0.39320996,False
5113,train,0.004061903,False
5114,train,0.24102865,False
5115,train,0.5292082,True
5116,train,0.5998843,True
5117,train,0.60317034,True
5118,train,0.3716803,False
5119,test,0.41648036,False
5120,train,0.0037080145,False
5121,train,0.00412654,False
5122,train,0.40168986,False
5123,train,0.3243829,False
5124,train,0.66802293,True
5125,train,0.5877401,True
5126,test,0.5380846,False
5127,train,0.40915468,False
5128,train,0.0028807786,False
5129,train,0.5038476,True
5130,train,0.51986027,True
5131,test,0.55899626,False
5132,train,0.44282326,False
5133,train,0.0027096532,False
5134,train,0.560015,True
5135,test,0.99692214,False
5136,train,0.38110194,False
5137,test,0.50040066,False
5138,train,0.58034605,True
5139,train,0.0030481946,False
5140,test,0.997491,False
5141,train,0.0028822017,False
5142,train,0.44272116,False
5143,train,0.0035673245,False
5144,train,0.38184673,False
5145,train,0.42829219,False
5146,train,0.25857332,False
5147,train,0.4905607,False
5148,train,0.43308002,False
5149,train,0.57763726,True
5150,train,0.47870427,False
5151,train,0.53249884,True
5152,train,0.004097013,False
5153,train,0.4535436,False
5154,test,0.50057036,False
5155,train,0.5737187,True
5156,train,0.4598167,False
5157,train,0.53036493,True
5158,train,0.003701431,False
5159,test,0.5092982,False
5160,train,0.43895045,False
5161,train,0.49530652,False
5162,train,0.34423828,False
5163,train,0.51988256,True
5164,train,0.0031173276,False
5165,train,0.4457659,False
5166,train,0.0032798497,False
5167,train,0.6154553,True
5168,train,0.51709485,True
5169,test,0.51251036,False
5170,train,0.4544409,False
5171,train,0.4806227,False
5172,train,0.42066985,False
5173,train,0.44730163,False
5174,test,0.52726096,False
5175,train,0.43967336,False
5176,train,0.36318576,False
5177,train,0.003256635,False
5178,train,0.37313232,False
5179,train,0.35131463,False
5180,test,0.5584051,False
5181,test,0.9969894,False
5182,train,0.4437552,False
5183,test,0.4733853,False
5184,train,0.3848734,False
5185,train,0.53191596,True
5186,train,0.27547926,False
5187,train,0.5054183,True
5188,train,0.46423087,False
5189,train,0.39134496,False
5190,train,0.0039365836,False
5191,train,0.0027051992,False
5192,train,0.6295292,True
5193,train,0.3367966,False
5194,train,0.497385,False
5195,train,0.0037006312,False
5196,train,0.46266067,False
5197,train,0.41927767,False
5198,train,0.44952878,False
5199,train,0.39339525,False
5200,test,0.9972065,False
5201,test,0.31814238,False
5202,train,0.0036365446,False
5203,train,0.32724267,False
5204,train,0.0034614648,False
5205,train,0.0032658894,False
5206,train,0.34542656,False
5207,test,0.99701947,False
5208,train,0.0039446442,False
5209,test,0.50567895,False
5210,train,0.59437793,True
5211,train,0.14159068,False
5212,train,0.4702223,False
5213,train,0.0031237178,False
5214,test,0.4964705,False
5215,train,0.468697,False
5216,train,0.45682904,False
5217,train,0.5162866,True
5218,train,0.38460422,False
5219,train,0.40428337,False
5220,test,0.3643453,False
5221,train,0.4141161,False
5222,train,0.37298974,False
5223,train,0.0032536555,False
5224,train,0.003490788,False
5225,test,0.3886219,False
5226,train,0.4692652,False
5227,test,0.9965286,False
5228,train,0.41255218,False
5229,train,0.5379278,True
5230,train,0.0028981206,False
5231,train,0.45402017,False
5232,test,0.46756837,False
5233,train,0.5192083,True
5234,test,0.5355336,False
5235,train,0.003277288,False
5236,test,0.41998646,False
5237,train,0.43594483,False
5238,train,0.56970924,True
5239,test,0.99740165,False
5240,test,0.8004338,False
5241,train,0.5296965,True
5242,train,0.42901453,False
5243,test,0.61229414,False
5244,train,0.39041495,False
5245,train,0.30503264,False
5246,train,0.5306092,True
5247,train,0.33077094,False
5248,test,0.45282754,False
5249,test,0.45325598,False
5250,test,0.4775642,False
5251,test,0.30693617,False
5252,train,0.48675087,False
5253,train,0.5793009,True
5254,train,0.003357762,False
5255,train,0.0032469167,False
5256,test,0.41994154,False
5257,train,0.4625283,False
5258,test,0.5062815,False
5259,train,0.33060202,False
5260,train,0.5891417,True
5261,train,0.443544,False
5262,train,0.33895484,False
5263,test,0.99731094,False
5264,train,0.33693433,False
5265,train,0.29961613,False
5266,test,0.39689264,False
5267,test,0.4511801,False
5268,train,0.51372695,True
5269,train,0.0035699888,False
5270,train,0.2814614,False
5271,train,0.24162303,False
5272,train,0.0022458641,False
5273,train,0.44807678,False
5274,train,0.0029806392,False
5275,train,0.0022456846,False
5276,train,0.38139147,False
5277,train,0.0037325455,False
5278,train,0.3172263,False
5279,train,0.0026368562,False
5280,train,0.48627684,False
5281,train,0.48709875,False
5282,train,0.33251458,False
5283,train,0.0028799956,False
5284,train,0.003289614,False
5285,train,0.0030323938,False
5286,test,0.49845317,False
5287,test,0.46718302,False
5288,train,0.46268922,False
5289,train,0.003474348,False
5290,train,0.40189752,False
5291,train,0.4923088,False
5292,train,0.45257667,False
5293,train,0.45137206,False
5294,train,0.3367485,False
5295,train,0.40891856,False
5296,train,0.45836616,False
5297,train,0.003054597,False
5298,test,0.99758464,False
5299,train,0.002993479,False
5300,test,0.50019234,False
5301,train,0.46545517,False
5302,train,0.3512014,False
5303,train,0.27931228,False
5304,train,0.5394509,True
5305,train,0.50281197,True
5306,train,0.41883382,False
5307,train,0.0029600796,False
5308,train,0.0034488433,False
5309,train,0.5009977,True
5310,train,0.52028567,True
5311,test,0.9973532,False
5312,train,0.4850042,False
5313,train,0.0029923804,False
5314,train,0.22578962,False
5315,test,0.4153239,False
5316,test,0.5655269,False
5317,test,0.30335295,False
5318,train,0.33999324,False
5319,train,0.0032237703,False
5320,train,0.53448415,True
5321,train,0.0033975344,False
5322,test,0.34739813,False
5323,train,0.003531703,False
5324,test,0.47260126,False
5325,train,0.41718158,False
5326,test,0.36537424,False
5327,train,0.5752258,True
5328,train,0.32485372,False
5329,test,0.54260075,False
5330,train,0.0033964012,False
5331,train,0.44677007,False
5332,train,0.45506322,False
5333,train,0.43372038,False
5334,train,0.42150018,False
5335,train,0.46903262,False
5336,test,0.5384988,False
5337,train,0.34860665,False
5338,train,0.0034794116,False
5339,train,0.6258417,True
5340,train,0.0031978518,False
5341,train,0.44689095,False
5342,train,0.3939163,False
5343,train,0.44031706,False
5344,train,0.0040077437,False
5345,train,0.31005153,False
5346,train,0.0032395264,False
5347,train,0.46849942,False
5348,test,0.4996786,False
5349,train,0.54610026,True
5350,test,0.42858326,False
5351,train,0.43510228,False
5352,train,0.39998987,False
5353,train,0.22753252,False
5354,test,0.3868194,False
5355,train,0.0032563393,False
5356,test,0.77837795,False
5357,train,0.45718902,False
5358,train,0.5070776,True
5359,test,0.5062798,False
5360,train,0.31379583,False
5361,train,0.417568,False
5362,test,0.39129853,False
5363,train,0.51306134,True
5364,train,0.5164083,True
5365,test,0.99755013,False
5366,train,0.0030342115,False
5367,train,0.43299794,False
5368,train,0.36128375,False
5369,train,0.42607567,False
5370,train,0.33359438,False
5371,train,0.0025185754,False
5372,test,0.3463734,False
5373,train,0.5828477,True
5374,train,0.45873514,False
5375,test,0.37444133,False
5376,test,0.47749063,False
5377,train,0.38674423,False
5378,test,0.24812259,False
5379,test,0.42916667,False
5380,train,0.0029078438,False
5381,train,0.0039856257,False
5382,train,0.003322323,False
5383,train,0.42802262,False
5384,train,0.0025916696,False
5385,train,0.0041557197,False
5386,train,0.0033782832,False
5387,train,0.5059546,True
5388,train,0.42850485,False
5389,train,0.5622453,True
5390,train,0.47902405,False
5391,train,0.4896041,False
5392,test,0.38728696,False
5393,test,0.42873222,False
5394,train,0.57587296,True
5395,train,0.54552174,True
5396,train,0.5231015,True
5397,train,0.39874813,False
5398,train,0.003505134,False
5399,train,0.0043156925,False
5400,train,0.5386904,True
5401,train,0.24388006,False
5402,train,0.43154293,False
5403,train,0.4063354,False
5404,train,0.33895937,False
5405,train,0.49156904,False
5406,train,0.47441927,False
5407,test,0.43069345,False
5408,train,0.4007659,False
5409,test,0.51831573,False
5410,train,0.3154055,False
5411,train,0.48149937,False
5412,train,0.4267258,False
5413,train,0.35963273,False
5414,test,0.28452623,False
5415,train,0.0034150272,False
5416,train,0.5064571,True
5417,train,0.0036296032,False
5418,test,0.45738047,False
5419,test,0.51302487,False
5420,train,0.003664964,False
5421,train,0.40260074,False
5422,train,0.23929718,False
5423,train,0.41315246,False
5424,train,0.46493086,False
5425,train,0.33140323,False
5426,train,0.41101506,False
5427,train,0.0030065696,False
5428,train,0.22709243,False
5429,train,0.3911082,False
5430,train,0.0027369515,False
5431,test,0.48080328,False
5432,test,0.37221643,False
5433,train,0.46739843,False
5434,test,0.47179505,False
5435,train,0.48244876,False
5436,train,0.41945043,False
5437,train,0.41045985,False
5438,train,0.0037796043,False
5439,test,0.3643966,False
5440,train,0.43013227,False
5441,train,0.53421503,True
5442,test,0.5175106,False
5443,train,0.3849776,False
5444,test,0.3467795,False
5445,train,0.54932827,True
5446,train,0.4112509,False
5447,train,0.40642,False
5448,train,0.55662113,True
5449,train,0.48037058,False
5450,train,0.40989938,False
5451,train,0.5774069,True
5452,train,0.48758757,False
5453,train,0.4386935,False
5454,test,0.43043748,False
5455,train,0.4070466,False
5456,train,0.47287098,False
5457,test,0.46763796,False
5458,test,0.43702385,False
5459,test,0.9973959,False
5460,train,0.39212152,False
5461,train,0.48685515,False
5462,train,0.39371288,False
5463,test,0.99739796,False
5464,test,0.49700767,False
5465,test,0.49835843,False
5466,test,0.44040206,False
5467,test,0.9791377,False
5468,train,0.45658162,False
5469,train,0.003410951,False
5470,train,0.4861335,False
5471,train,0.3316637,False
5472,train,0.50784796,True
5473,train,0.34307972,False
5474,train,0.38120207,False
5475,train,0.41854593,False
5476,train,0.0031958548,False
5477,test,0.51220113,False
5478,test,0.57647526,False
5479,train,0.0030278196,False
5480,train,0.5595457,True
5481,train,0.38115266,False
5482,train,0.5714845,True
5483,train,0.47529477,False
5484,train,0.40721723,False
5485,train,0.0035274965,False
5486,train,0.4069653,False
5487,test,0.35288644,False
5488,train,0.39749178,False
5489,train,0.4326035,False
5490,train,0.5422363,True
5491,train,0.24608904,False
5492,train,0.34325594,False
5493,train,0.5017967,True
5494,train,0.37781158,False
5495,test,0.9978698,False
5496,train,0.44054285,False
5497,train,0.31149775,False
5498,train,0.0043890392,False
5499,train,0.3462954,False
5500,test,0.51325876,False
5501,train,0.4577222,False
5502,train,0.39256278,False
5503,train,0.0026787326,False
5504,train,0.53274107,True
5505,train,0.4935043,False
5506,train,0.35497212,False
5507,train,0.003572245,False
5508,train,0.003173311,False
5509,test,0.263317,False
5510,train,0.44670776,False
5511,test,0.47101158,False
5512,train,0.48247498,False
5513,train,0.5657522,True
5514,test,0.5338283,False
5515,train,0.3733005,False
5516,train,0.19576408,False
5517,train,0.5094125,True
5518,train,0.55794895,True
5519,train,0.5544028,True
5520,train,0.0037444618,False
5521,train,0.40540546,False
5522,train,0.47094405,False
5523,test,0.44599468,False
5524,train,0.52660537,True
5525,test,0.41426408,False
5526,train,0.0034216975,False
5527,train,0.48334393,False
5528,test,0.5249394,False
5529,train,0.46929193,False
5530,train,0.5002555,True
5531,train,0.45135707,False
5532,train,0.0034108474,False
5533,train,0.31587535,False
5534,train,0.41936508,False
5535,train,0.42663276,False
5536,train,0.32773173,False
5537,train,0.4536216,False
5538,train,0.0031466861,False
5539,train,0.46673086,False
5540,test,0.37362298,False
5541,train,0.32393864,False
5542,test,0.47195283,False
5543,test,0.43601686,False
5544,train,0.35207227,False
5545,train,0.42028102,False
5546,test,0.61601007,False
5547,train,0.0034724567,False
5548,train,0.42157766,False
5549,test,0.49421507,False
5550,train,0.55292106,True
5551,train,0.37568936,False
5552,train,0.38538015,False
5553,train,0.42221963,False
5554,train,0.22644983,False
5555,test,0.99740905,False
5556,train,0.4713022,False
5557,test,0.46052212,False
5558,train,0.0025981397,False
5559,test,0.46749923,False
5560,test,0.39914444,False
5561,train,0.31518292,False
5562,test,0.5160975,False
5563,train,0.002838444,False
5564,train,0.29419154,False
5565,test,0.9961023,False
5566,test,0.39825076,False
5567,test,0.9973871,False
5568,test,0.9971486,False
5569,train,0.32728446,False
5570,test,0.44559264,False
5571,train,0.0029722925,False
5572,train,0.44290316,False
5573,train,0.44173437,False
5574,train,0.40143973,False
5575,train,0.37186828,False
5576,train,0.0028588655,False
5577,test,0.38903347,False
5578,train,0.3382542,False
5579,train,0.42338976,False
5580,train,0.003177926,False
5581,train,0.47991696,False
5582,test,0.45021614,False
5583,train,0.4399954,False
5584,train,0.0034769338,False
5585,train,0.39981458,False
5586,train,0.33810914,False
5587,train,0.25913146,False
5588,train,0.0032928805,False
5589,train,0.5213403,True
5590,train,0.41504797,False
5591,train,0.46547583,False
5592,test,0.9964231,False
5593,train,0.0033551326,False
5594,train,0.45515552,False
5595,train,0.0030939698,False
5596,train,0.37548906,False
5597,train,0.00288296,False
5598,train,0.46434376,False
5599,train,0.40764567,False
5600,train,0.0029575815,False
5601,train,0.4402423,False
5602,train,0.40058523,False
5603,test,0.4693049,False
5604,train,0.45400667,False
5605,train,0.5088198,True
5606,train,0.003814855,False
5607,train,0.47210756,False
5608,train,0.4646991,False
5609,train,0.0030991435,False
5610,train,0.40737993,False
5611,train,0.52145517,True
5612,train,0.0032432913,False
5613,train,0.003417996,False
5614,train,0.5070171,True
5615,test,0.5495529,False
5616,test,0.57020974,False
5617,train,0.5232098,True
5618,train,0.53640306,True
5619,test,0.9969953,False
5620,train,0.46764952,False
5621,train,0.38760146,False
5622,train,0.40157443,False
5623,train,0.30562255,False
5624,train,0.29298672,False
5625,train,0.48309836,False
5626,train,0.0035439292,False
5627,test,0.49726534,False
5628,train,0.39479852,False
5629,train,0.55385673,True
5630,train,0.6021907,True
5631,train,0.4620601,False
5632,train,0.6145821,True
5633,train,0.41493756,False
5634,train,0.48766834,False
5635,train,0.34205398,False
5636,train,0.4354859,False
5637,train,0.49263647,False
5638,train,0.38131866,False
5639,train,0.5742452,True
5640,test,0.3769484,False
5641,train,0.43527862,False
5642,train,0.43902433,False
5643,train,0.5528936,True
5644,train,0.52016777,True
5645,train,0.0031760654,False
5646,train,0.39298645,False
5647,train,0.30942896,False
5648,test,0.2809527,False
5649,train,0.4607572,False
5650,train,0.0035535593,False
5651,train,0.26598465,False
5652,train,0.4038712,False
5653,train,0.30664006,False
5654,train,0.0029661013,False
5655,train,0.30093676,False
5656,train,0.5456373,True
5657,train,0.003381379,False
5658,test,0.48470208,False
5659,train,0.38644832,False
5660,test,0.9970541,False
5661,train,0.27330592,False
5662,train,0.43540642,False
5663,test,0.60897994,False
5664,train,0.5250604,True
5665,test,0.9972371,False
5666,test,0.41109747,False
5667,train,0.5043604,True
5668,train,0.0037592852,False
5669,train,0.5304674,True
5670,train,0.3589477,False
5671,test,0.99703294,False
5672,train,0.4585947,False
5673,test,0.3968733,False
5674,train,0.0026943693,False
5675,train,0.0031820105,False
5676,train,0.2675819,False
5677,train,0.48027733,False
5678,train,0.0032534236,False
5679,train,0.44256943,False
5680,train,0.61922497,True
5681,test,0.58256465,False
5682,train,0.003240329,False
5683,test,0.5844419,False
5684,test,0.5544892,False
5685,train,0.42418358,False
5686,train,0.003009193,False
5687,train,0.41780314,False
5688,train,0.3364618,False
5689,train,0.34792048,False
5690,test,0.99749637,False
5691,train,0.4122094,False
5692,train,0.46793592,False
5693,train,0.41743302,False
5694,train,0.0032171907,False
5695,test,0.3959264,False
5696,test,0.4417358,False
5697,train,0.5194802,True
5698,train,0.467881,False
5699,train,0.48701867,False
5700,train,0.0036637443,False
5701,train,0.44161552,False
5702,test,0.48057228,False
5703,test,0.368968,False
5704,train,0.3482088,False
5705,test,0.9969233,False
5706,train,0.528475,True
5707,train,0.46676576,False
5708,test,0.4805386,False
5709,test,0.43444234,False
5710,train,0.3005366,False
5711,test,0.99715644,False
5712,train,0.004229157,False
5713,train,0.0033260384,False
5714,train,0.4140766,False
5715,train,0.4507392,False
5716,train,0.38366327,False
5717,train,0.0032528928,False
5718,train,0.28158736,False
5719,train,0.6016936,True
5720,test,0.29487783,False
5721,test,0.9973886,False
5722,train,0.5380257,True
5723,train,0.29195735,False
5724,train,0.0037366392,False
5725,test,0.48759717,False
5726,train,0.0027874503,False
5727,train,0.35579255,False
5728,train,0.004243151,False
5729,train,0.3594673,False
5730,test,0.516054,False
5731,train,0.0035306795,False
5732,train,0.37340865,False
5733,train,0.2760676,False
5734,test,0.44391564,False
5735,test,0.5365284,False
5736,test,0.423201,False
5737,train,0.003755834,False
5738,test,0.99717903,False
5739,train,0.54725593,True
5740,train,0.5331739,True
5741,train,0.41184068,False
5742,train,0.0030362469,False
5743,train,0.4033605,False
5744,train,0.0033632568,False
5745,train,0.5158403,True
5746,train,0.49302858,False
5747,train,0.5408986,True
5748,train,0.5042723,True
5749,train,0.43592507,False
5750,train,0.4378787,False
5751,train,0.37814486,False
5752,train,0.33955806,False
5753,train,0.5271495,True
5754,train,0.3952205,False
5755,train,0.4552778,False
5756,train,0.49386662,False
5757,train,0.40283567,False
5758,train,0.0028138384,False
5759,train,0.0025862327,False
5760,train,0.48604453,False
5761,test,0.40429124,False
5762,train,0.54873806,True
5763,train,0.47189912,False
5764,train,0.0033051944,False
5765,train,0.24332619,False
5766,test,0.40972844,False
5767,train,0.377246,False
5768,train,0.4961329,False
5769,test,0.5914346,False
5770,train,0.0029057804,False
5771,train,0.49302888,False
5772,test,0.60493255,False
5773,test,0.52091706,False
5774,train,0.0029153286,False
5775,train,0.36244056,False
5776,train,0.48281604,False
5777,train,0.48638806,False
5778,train,0.42314276,False
5779,train,0.39683872,False
5780,test,0.35107422,False
5781,test,0.9972105,False
5782,train,0.46821135,False
5783,train,0.0036736117,False
5784,train,0.42867124,False
5785,train,0.0027561036,False
5786,train,0.30913895,False
5787,train,0.44006205,False
5788,train,0.39077845,False
5789,train,0.36885214,False
5790,train,0.42625883,False
5791,test,0.9959545,False
5792,train,0.359644,False
5793,train,0.47201037,False
5794,train,0.43773204,False
5795,train,0.42772058,False
5796,train,0.18708798,False
5797,train,0.0035090633,False
5798,test,0.5158747,False
5799,train,0.47212338,False
5800,train,0.0035643138,False
5801,train,0.48963344,False
5802,train,0.24647346,False
5803,train,0.51086885,True
5804,train,0.5364298,True
5805,test,0.38567784,False
5806,train,0.39196894,False
5807,train,0.48833072,False
5808,train,0.0022660303,False
5809,train,0.38424644,False
5810,train,0.3178187,False
5811,train,0.34139425,False
5812,train,0.4710615,False
5813,train,0.41344547,False
5814,train,0.43837714,False
5815,train,0.431142,False
5816,train,0.6667642,True
5817,train,0.51625425,True
5818,train,0.55795246,True
5819,train,0.4688557,False
5820,train,0.0033163715,False
5821,train,0.4658636,False
5822,train,0.0028598965,False
5823,test,0.48284268,False
5824,train,0.46569967,False
5825,train,0.19449507,False
5826,train,0.41483116,False
5827,train,0.45736396,False
5828,test,0.4865521,False
5829,train,0.3945984,False
5830,train,0.2848693,False
5831,train,0.003215336,False
5832,train,0.32747442,False
5833,train,0.46981168,False
5834,train,0.003690936,False
5835,train,0.46924275,False
5836,train,0.0029693872,False
5837,train,0.43250135,False
5838,train,0.44397968,False
5839,train,0.44124076,False
5840,train,0.24326445,False
5841,train,0.40226665,False
5842,train,0.43889436,False
5843,train,0.0034243255,False
5844,train,0.003791807,False
5845,train,0.4360823,False
5846,test,0.45671624,False
5847,test,0.4067911,False
5848,train,0.36365503,False
5849,test,0.4021792,False
5850,train,0.52509123,True
5851,test,0.7240858,False
5852,train,0.003187829,False
5853,train,0.55999964,True
5854,train,0.36402047,False
5855,train,0.5919683,True
5856,train,0.5742639,True
5857,train,0.00362514,False
5858,train,0.0032241778,False
5859,train,0.5316289,True
5860,train,0.50063616,True
5861,train,0.38177595,False
5862,train,0.4224839,False
5863,train,0.0025801735,False
5864,train,0.003064193,False
5865,test,0.4445585,False
5866,test,0.9972606,False
5867,test,0.3987774,False
5868,train,0.5566796,True
5869,train,0.39506212,False
5870,train,0.0036993276,False
5871,train,0.38202596,False
5872,test,0.5734196,False
5873,train,0.44436437,False
5874,train,0.38455486,False
5875,test,0.31065208,False
5876,train,0.31571752,False
5877,train,0.41230044,False
5878,test,0.9971572,False
5879,train,0.55975413,True
5880,train,0.47645268,False
5881,train,0.0032009457,False
5882,train,0.0036907026,False
5883,train,0.0028707213,False
5884,train,0.0038612252,False
5885,train,0.33008903,False
5886,test,0.30804312,False
5887,train,0.30108178,False
5888,train,0.28527135,False
5889,train,0.37450927,False
5890,train,0.002816283,False
5891,test,0.9967959,False
5892,train,0.4554605,False
5893,test,0.48392457,False
5894,train,0.0033655192,False
5895,test,0.43011397,False
5896,train,0.4663235,False
5897,train,0.30811125,False
5898,train,0.52695715,True
5899,train,0.56945205,True
5900,train,0.69164526,True
5901,train,0.4568309,False
5902,train,0.45993686,False
5903,train,0.21279307,False
5904,test,0.49851552,False
5905,train,0.38355356,False
5906,train,0.59465474,True
5907,test,0.4013032,False
5908,train,0.27701506,False
5909,train,0.39415675,False
5910,test,0.507659,False
5911,train,0.40964466,False
5912,train,0.0032919273,False
5913,train,0.5284015,True
5914,train,0.49473557,False
5915,train,0.0031720705,False
5916,test,0.5685498,False
5917,train,0.0030434267,False
5918,test,0.20952539,False
5919,train,0.37731645,False
5920,train,0.004026436,False
5921,test,0.58449644,False
5922,train,0.5419427,True
5923,train,0.5179865,True
5924,train,0.43543747,False
5925,train,0.41948625,False
5926,train,0.41501188,False
5927,test,0.4828259,False
5928,train,0.44057727,False
5929,train,0.49927604,True
5930,train,0.38910317,False
5931,train,0.37908244,False
5932,train,0.59849405,True
5933,test,0.57164854,False
5934,train,0.53659797,True
5935,test,0.5295636,False
5936,train,0.00344374,False
5937,train,0.4388432,False
5938,train,0.0026057349,False
5939,train,0.0037788367,False
5940,train,0.0035363813,False
5941,train,0.26229167,False
5942,train,0.3410276,False
5943,train,0.38857424,False
5944,train,0.4596308,False
5945,train,0.0031768016,False
5946,train,0.51605755,True
5947,train,0.51637465,True
5948,train,0.5994473,True
5949,train,0.003210972,False
5950,train,0.5218262,True
5951,test,0.5480948,False
5952,train,0.002812146,False
5953,train,0.48440126,False
5954,train,0.0037048438,False
5955,train,0.40617839,False
5956,train,0.45223227,False
5957,test,0.5471052,False
5958,test,0.31338838,False
5959,train,0.002710072,False
5960,train,0.36597016,False
5961,train,0.34738103,False
5962,train,0.0028661462,False
5963,test,0.5497248,False
5964,test,0.3342772,False
5965,test,0.99725336,False
5966,train,0.30567035,False
5967,train,0.60161275,True
5968,train,0.58523667,True
5969,train,0.0036026272,False
5970,train,0.33538565,False
5971,train,0.0034236037,False
5972,test,0.9970704,False
5973,train,0.36149585,False
5974,train,0.0032742533,False
5975,train,0.5138039,True
5976,train,0.42861256,False
5977,train,0.43122086,False
5978,test,0.39378333,False
5979,train,0.47855943,False
5980,train,0.3619005,False
5981,train,0.0033501002,False
5982,test,0.44629118,False
5983,train,0.5258673,True
5984,test,0.43726027,False
5985,train,0.0034639682,False
5986,train,0.5264857,True
5987,train,0.40616706,False
5988,train,0.47788945,False
5989,train,0.4097856,False
5990,test,0.9969907,False
5991,test,0.60818815,False
5992,train,0.46019027,False
5993,train,0.5357601,True
5994,train,0.55877024,True
5995,train,0.4136681,False
5996,train,0.45881763,False
5997,train,0.38825512,False
5998,train,0.29101256,False
5999,test,0.4727197,False
6000,train,0.0032353878,False
6001,train,0.45544598,False
6002,test,0.6036059,False
6003,test,0.2005913,False
6004,train,0.54750025,True
6005,train,0.36294875,False
6006,test,0.50269425,False
6007,train,0.003650502,False
6008,test,0.54449916,False
6009,train,0.0033245878,False
6010,train,0.4930578,False
6011,train,0.45307004,False
6012,test,0.99706435,False
6013,train,0.47128177,False
6014,train,0.0028532278,False
6015,train,0.4965417,False
6016,train,0.0026818065,False
6017,test,0.3627252,False
6018,train,0.52242464,True
6019,train,0.3036113,False
6020,train,0.0031701988,False
6021,train,0.0029593285,False
6022,train,0.507574,True
6023,train,0.45811504,False
6024,train,0.40942445,False
6025,train,0.46544904,False
6026,train,0.4545148,False
6027,train,0.3110737,False
6028,test,0.99708736,False
6029,train,0.49955907,True
6030,train,0.49190676,False
6031,train,0.51662403,True
6032,train,0.0029102424,False
6033,train,0.47197974,False
6034,train,0.40824398,False
6035,train,0.42378795,False
6036,train,0.40654832,False
6037,train,0.4168083,False
6038,train,0.28112277,False
6039,train,0.54679155,True
6040,train,0.50876623,True
6041,train,0.0034060164,False
6042,test,0.40714785,False
6043,train,0.5204459,True
6044,train,0.50266063,True
6045,train,0.4505355,False
6046,train,0.3158947,False
6047,train,0.4704509,False
6048,train,0.41901058,False
6049,train,0.4226501,False
6050,train,0.0031407191,False
6051,test,0.4523718,False
6052,test,0.5489185,False
6053,train,0.0031244922,False
6054,train,0.5523171,True
6055,train,0.5825724,True
6056,train,0.47313502,False
6057,train,0.5550996,True
6058,test,0.30694243,False
6059,train,0.46190462,False
6060,train,0.0049878685,False
6061,test,0.4612783,False
6062,train,0.3245027,False
6063,train,0.4281269,False
6064,train,0.4357025,False
6065,train,0.36474907,False
6066,train,0.49602327,False
6067,train,0.38193792,False
6068,test,0.4547165,False
6069,test,0.48766884,False
6070,train,0.0037800623,False
6071,test,0.46167183,False
6072,train,0.30869225,False
6073,test,0.9973662,False
6074,train,0.0030173496,False
6075,train,0.4214644,False
6076,train,0.42569062,False
6077,train,0.0040309676,False
6078,train,0.38606364,False
6079,test,0.34285605,False
6080,train,0.0028691988,False
6081,test,0.9970754,False
6082,train,0.41707283,False
6083,train,0.42625228,False
6084,train,0.43455714,False
6085,test,0.5377442,False
6086,train,0.4169032,False
6087,test,0.9972565,False
6088,train,0.4692949,False
6089,train,0.47268912,False
6090,train,0.5821151,True
6091,train,0.0029738522,False
6092,train,0.59694207,True
6093,train,0.512759,True
6094,train,0.39514503,False
6095,train,0.5742413,True
6096,train,0.0029220863,False
6097,train,0.41243237,False
6098,test,0.33896136,False
6099,train,0.6913759,True
6100,test,0.40072903,False
6101,train,0.35050395,False
6102,train,0.45524192,False
6103,train,0.5102943,True
6104,train,0.48280954,False
6105,train,0.0035617885,False
6106,train,0.2526231,False
6107,train,0.42127714,False
6108,train,0.0028728098,False
6109,train,0.3829139,False
6110,train,0.0043701585,False
6111,train,0.002970246,False
6112,train,0.4434069,False
6113,test,0.34704155,False
6114,train,0.003301374,False
6115,train,0.4353707,False
6116,test,0.57903826,False
6117,train,0.53141433,True
6118,train,0.0030114118,False
6119,train,0.45624024,False
6120,test,0.49868402,False
6121,test,0.4745769,False
6122,train,0.45069027,False
6123,test,0.429004,False
6124,test,0.47738162,False
6125,train,0.5493277,True
6126,train,0.29808554,False
6127,train,0.0034034254,False
6128,train,0.37515914,False
6129,train,0.4942141,False
6130,train,0.4094538,False
6131,train,0.39388895,False
6132,train,0.6338565,True
6133,train,0.47323126,False
6134,train,0.003743967,False
6135,train,0.48645073,False
6136,train,0.4881165,False
6137,train,0.4842947,False
6138,train,0.4362393,False
6139,train,0.452438,False
6140,train,0.59648955,True
6141,test,0.99699104,False
6142,test,0.29211897,False
6143,train,0.44218522,False
6144,train,0.003054332,False
6145,train,0.3889137,False
6146,train,0.3747318,False
6147,train,0.53646547,True
6148,train,0.4764062,False
6149,train,0.0032150312,False
6150,train,0.4152664,False
6151,train,0.43741623,False
6152,train,0.39621425,False
6153,train,0.3261265,False
6154,train,0.004255471,False
6155,test,0.4871852,False
6156,train,0.4102385,False
6157,train,0.36923382,False
6158,train,0.45802057,False
6159,train,0.13401428,False
6160,train,0.5414914,True
6161,train,0.003368158,False
6162,test,0.34137964,False
6163,test,0.30498987,False
6164,train,0.4004864,False
6165,test,0.40964767,False
6166,train,0.529182,True
6167,train,0.5063747,True
6168,train,0.002804466,False
6169,train,0.25882998,False
6170,train,0.42699522,False
6171,train,0.27357975,False
6172,train,0.46243513,False
6173,train,0.4099899,False
6174,train,0.24689841,False
6175,test,0.33637884,False
6176,train,0.39273497,False
6177,train,0.518329,True
6178,train,0.36341563,False
6179,test,0.996747,False
6180,train,0.42897007,False
6181,train,0.37277177,False
6182,train,0.5247973,True
6183,train,0.0028257682,False
6184,train,0.0033109575,False
6185,train,0.0036332738,False
6186,train,0.37525806,False
6187,train,0.0038849383,False
6188,train,0.4208269,False
6189,train,0.39605746,False
6190,train,0.52154624,True
6191,train,0.0042858147,False
6192,train,0.51381874,True
6193,train,0.2806492,False
6194,test,0.59545887,False
6195,train,0.48852876,False
6196,train,0.4371585,False
6197,train,0.003929675,False
6198,test,0.45331928,False
6199,train,0.48248446,False
6200,test,0.9972028,False
6201,test,0.45638883,False
6202,test,0.5391182,False
6203,train,0.54775804,True
6204,train,0.33968937,False
6205,train,0.23120421,False
6206,train,0.0026295127,False
6207,train,0.40425676,False
6208,train,0.2362139,False
6209,train,0.47047672,False
6210,train,0.52081305,True
6211,test,0.37750414,False
6212,train,0.49069616,False
6213,train,0.4503991,False
6214,train,0.003213965,False
6215,test,0.9970593,False
6216,train,0.0035971936,False
6217,train,0.41279525,False
6218,train,0.48592725,False
6219,train,0.5002598,True
6220,test,0.99702305,False
6221,train,0.46503046,False
6222,train,0.37235734,False
6223,train,0.5613534,True
6224,train,0.41042718,False
6225,train,0.5487414,True
6226,train,0.49274018,False
6227,train,0.003471862,False
6228,test,0.3614127,False
6229,train,0.46716356,False
6230,train,0.5387141,True
6231,train,0.44572434,False
6232,train,0.533476,True
6233,test,0.5881006,False
6234,test,0.99754906,False
6235,train,0.5069659,True
6236,train,0.5948738,True
6237,test,0.43853357,False
6238,train,0.0028960796,False
6239,train,0.45198038,False
6240,train,0.25366685,False
6241,test,0.5585424,False
6242,train,0.0032886735,False
6243,train,0.556667,True
6244,train,0.45937762,False
6245,train,0.5485776,True
6246,train,0.0035117394,False
6247,test,0.57244855,False
6248,train,0.5459806,True
6249,train,0.30920413,False
6250,test,0.46172833,False
6251,train,0.51793975,True
6252,train,0.404272,False
6253,train,0.47022834,False
6254,train,0.4383598,False
6255,train,0.5963238,True
6256,train,0.30243117,False
6257,train,0.003904832,False
6258,test,0.37563586,False
6259,test,0.3001219,False
6260,test,0.45860022,False
6261,test,0.5167791,False
6262,train,0.0026651744,False
6263,train,0.44278613,False
6264,train,0.003795076,False
6265,test,0.48993254,False
6266,train,0.2805518,False
6267,train,0.003977172,False
6268,train,0.43267828,False
6269,train,0.0035014646,False
6270,train,0.45820457,False
6271,test,0.54897577,False
6272,train,0.51581913,True
6273,train,0.4904033,False
6274,train,0.45724887,False
6275,train,0.0029830548,False
6276,train,0.5374954,True
6277,test,0.46735543,False
6278,train,0.37499154,False
6279,train,0.5021396,True
6280,test,0.4642525,False
6281,train,0.48697442,False
6282,train,0.36628738,False
6283,train,0.26380396,False
6284,train,0.5063471,True
6285,test,0.43881255,False
6286,train,0.38467962,False
6287,train,0.0031632835,False
6288,train,0.48683628,False
6289,test,0.4571956,False
6290,train,0.7159679,True
6291,train,0.3893995,False
6292,train,0.5929407,True
6293,test,0.3595511,False
6294,train,0.42934397,False
6295,train,0.535513,True
6296,train,0.0041963314,False
6297,train,0.6372217,True
6298,train,0.0034086318,False
6299,train,0.36537454,False
6300,test,0.40556815,False
6301,test,0.47466016,False
6302,test,0.43969584,False
6303,train,0.4004287,False
6304,train,0.0032579545,False
6305,train,0.44464067,False
6306,train,0.25059816,False
6307,train,0.41883257,False
6308,test,0.33480707,False
6309,test,0.996868,False
6310,train,0.591652,True
6311,train,0.28450847,False
6312,train,0.46526268,False
6313,train,0.2711985,False
6314,train,0.4917984,False
6315,train,0.0034443375,False
6316,train,0.40787598,False
6317,train,0.0025707837,False
6318,test,0.44440728,False
6319,train,0.41992745,False
6320,train,0.4342849,False
6321,train,0.4036943,False
6322,test,0.9972198,False
6323,test,0.41989407,False
6324,train,0.42099756,False
6325,train,0.0032900216,False
6326,test,0.29031587,False
6327,train,0.32359874,False
6328,train,0.49748096,False
6329,train,0.30446416,False
6330,train,0.0027784102,False
6331,train,0.17405027,False
6332,train,0.36341465,False
6333,train,0.5434104,True
6334,train,0.51515245,True
6335,train,0.573498,True
6336,train,0.33051875,False
6337,train,0.40701023,False
6338,train,0.002804589,False
6339,train,0.4770663,False
6340,test,0.57794225,False
6341,train,0.398911,False
6342,test,0.5245168,False
6343,test,0.39192033,False
6344,train,0.45416057,False
6345,test,0.33829126,False
6346,train,0.6153986,True
6347,test,0.47100878,False
6348,train,0.43959653,False
6349,train,0.5033191,True
6350,train,0.42683724,False
6351,train,0.44024903,False
6352,train,0.0031463392,False
6353,train,0.2870824,False
6354,train,0.5570454,True
6355,train,0.38731366,False
6356,test,0.9973384,False
6357,train,0.002132311,False
6358,test,0.9963707,False
6359,train,0.0031803998,False
6360,train,0.48977727,False
6361,train,0.4515158,False
6362,train,0.51108015,True
6363,test,0.328737,False
6364,train,0.0036489666,False
6365,test,0.3900515,False
6366,train,0.50211793,True
6367,train,0.48165783,False
6368,test,0.5040623,False
6369,train,0.0037163617,False
6370,train,0.4225241,False
6371,train,0.0036643702,False
6372,test,0.3724856,False
6373,train,0.5894015,True
6374,train,0.003810047,False
6375,train,0.56047386,True
6376,train,0.003472702,False
6377,train,0.35818827,False
6378,train,0.0037943434,False
6379,train,0.26809192,False
6380,train,0.45085874,False
6381,train,0.47800815,False
6382,test,0.41155902,False
6383,train,0.0032334265,False
6384,train,0.003764025,False
6385,train,0.47800428,False
6386,test,0.63913405,False
6387,train,0.48841727,False
6388,train,0.3828606,False
6389,train,0.52941,True
6390,train,0.003829992,False
6391,train,0.27994657,False
6392,test,0.47384426,False
6393,train,0.0028949445,False
6394,test,0.4766159,False
6395,train,0.4981622,True
6396,train,0.49662653,False
6397,train,0.4579525,False
6398,train,0.33847713,False
6399,train,0.0037427302,False
6400,train,0.0039651827,False
6401,train,0.34916455,False
6402,train,0.49311438,False
6403,test,0.44793373,False
6404,train,0.42980757,False
6405,train,0.25449425,False
6406,train,0.29212606,False
6407,train,0.0028594139,False
6408,train,0.62139034,True
6409,train,0.002742703,False
6410,train,0.0031830969,False
6411,test,0.3018067,False
6412,train,0.40629223,False
6413,train,0.34287065,False
6414,train,0.48862606,False
6415,train,0.40106097,False
6416,test,0.43313697,False
6417,train,0.48006487,False
6418,train,0.4436924,False
6419,train,0.0031269905,False
6420,test,0.9975998,False
6421,train,0.44177446,False
6422,train,0.55512154,True
6423,train,0.48758218,False
6424,train,0.57594997,True
6425,train,0.0037537753,False
6426,train,0.5236628,True
6427,train,0.0050925,False
6428,train,0.5114057,True
6429,train,0.3989606,False
6430,test,0.21895286,False
6431,train,0.5810255,True
6432,train,0.004096062,False
6433,test,0.4978616,False
6434,train,0.43344256,False
6435,train,0.56225777,True
6436,train,0.44927418,False
6437,train,0.5013717,True
6438,train,0.32662165,False
6439,train,0.0029210744,False
6440,train,0.46299598,False
6441,test,0.45268032,False
6442,train,0.0031064611,False
6443,train,0.47164324,False
6444,train,0.0031197558,False
6445,test,0.41308293,False
6446,train,0.3995172,False
6447,train,0.3926112,False
6448,train,0.4536657,False
6449,train,0.40259042,False
6450,train,0.6564731,True
6451,train,0.5651393,True
6452,test,0.3478841,False
6453,train,0.43500885,False
6454,train,0.004783639,False
6455,train,0.44565558,False
6456,train,0.4973654,False
6457,test,0.9973949,False
6458,train,0.4588757,False
6459,train,0.31143117,False
6460,train,0.32486904,False
6461,train,0.5168416,True
6462,test,0.431153,False
6463,train,0.29884964,False
6464,train,0.34238806,False
6465,train,0.0036426838,False
6466,train,0.0032292388,False
6467,train,0.35671338,False
6468,test,0.4522257,False
6469,test,0.44677636,False
6470,train,0.004517367,False
6471,test,0.4718836,False
6472,train,0.0035060954,False
6473,train,0.35575923,False
6474,train,0.3672776,False
6475,train,0.5486765,True
6476,train,0.536537,True
6477,train,0.4561464,False
6478,train,0.0033264223,False
6479,test,0.51667196,False
6480,train,0.5384737,True
6481,train,0.0025386158,False
6482,test,0.9971317,False
6483,train,0.49069232,False
6484,train,0.0031576473,False
6485,train,0.00329164,False
6486,train,0.30088928,False
6487,train,0.0032908565,False
6488,test,0.2963245,False
6489,train,0.22077413,False
6490,train,0.43607748,False
6491,train,0.0032663108,False
6492,train,0.3179874,False
6493,train,0.43440855,False
6494,train,0.00279107,False
6495,train,0.5519839,True
6496,train,0.41395682,False
6497,train,0.5094676,True
6498,train,0.28268248,False
6499,train,0.5309877,True
6500,train,0.0029985693,False
6501,train,0.5221876,True
6502,train,0.35303533,False
6503,train,0.558781,True
6504,train,0.0028644851,False
6505,train,0.0035103164,False
6506,train,0.502262,True
6507,train,0.5860846,True
6508,test,0.41833788,False
6509,train,0.4148817,False
6510,test,0.36304864,False
6511,train,0.6170703,True
6512,train,0.43541873,False
6513,test,0.36817467,False
6514,train,0.5557489,True
6515,train,0.4810611,False
6516,test,0.9967666,False
6517,train,0.0033307734,False
6518,train,0.33260277,False
6519,train,0.5329993,True
6520,train,0.32978988,False
6521,test,0.5260091,False
6522,train,0.38972136,False
6523,train,0.4314255,False
6524,train,0.0032701818,False
6525,train,0.0025653802,False
6526,train,0.50694597,True
6527,test,0.41376573,False
6528,train,0.38644844,False
6529,train,0.35229307,False
6530,train,0.42832956,False
6531,train,0.0037668683,False
6532,train,0.4507048,False
6533,train,0.32610238,False
6534,train,0.23106031,False
6535,train,0.5591412,True
6536,test,0.50694007,False
6537,train,0.4279803,False
6538,train,0.0036728545,False
6539,train,0.3636753,False
6540,train,0.45545825,False
6541,train,0.4431644,False
6542,test,0.20210008,False
6543,train,0.39251995,False
6544,train,0.4466728,False
6545,train,0.0035948544,False
6546,train,0.5131179,True
6547,test,0.42333752,False
6548,train,0.5067462,True
6549,train,0.45772985,False
6550,train,0.5213514,True
6551,train,0.5459155,True
6552,train,0.5481221,True
6553,train,0.0032650603,False
6554,train,0.36380738,False
6555,train,0.5181954,True
6556,train,0.0049000583,False
6557,train,0.44372478,False
6558,train,0.4229587,False
6559,train,0.0035456421,False
6560,train,0.49323326,False
6561,test,0.37655613,False
6562,train,0.3863742,False
6563,test,0.2144143,False
6564,train,0.54072785,True
6565,train,0.37175235,False
6566,train,0.47213492,False
6567,train,0.49074203,False
6568,train,0.6000787,True
6569,train,0.3331569,False
6570,train,0.0034254128,False
6571,train,0.3543177,False
6572,train,0.27402094,False
6573,test,0.49389666,False
6574,test,0.5361122,False
6575,train,0.39722863,False
6576,train,0.45566624,False
6577,train,0.0027411943,False
6578,test,0.3751543,False
6579,train,0.44633776,False
6580,train,0.41052324,False
6581,train,0.002795045,False
6582,train,0.513153,True
6583,test,0.42852986,False
6584,train,0.48093298,False
6585,train,0.59304166,True
6586,test,0.42184207,False
6587,train,0.23328131,False
6588,train,0.4952413,False
6589,train,0.4230529,False
6590,train,0.53482604,True
6591,test,0.35757193,False
6592,train,0.44513392,False
6593,test,0.5728737,False
6594,train,0.23954886,False
6595,train,0.51972973,True
6596,train,0.0038443313,False
6597,test,0.28955492,False
6598,train,0.003532227,False
6599,train,0.30060214,False
6600,train,0.002770945,False
6601,test,0.48719442,False
6602,train,0.46717468,False
6603,train,0.4784729,False
6604,train,0.5098437,True
6605,train,0.3843133,False
6606,test,0.4156052,False
6607,train,0.5634609,True
6608,train,0.45057806,False
6609,train,0.34961492,False
6610,train,0.32166794,False
6611,train,0.43491605,False
6612,train,0.572979,True
6613,train,0.52030534,True
6614,train,0.48399976,False
6615,train,0.3958242,False
6616,test,0.43646955,False
6617,train,0.3018503,False
6618,test,0.3299225,False
6619,train,0.0030645353,False
6620,train,0.54483515,True
6621,train,0.37410715,False
6622,train,0.4645033,False
6623,train,0.0035222387,False
6624,test,0.99680525,False
6625,test,0.42049628,False
6626,train,0.40280175,False
6627,train,0.0033920475,False
6628,train,0.3995762,False
6629,train,0.48047253,False
6630,train,0.38129306,False
6631,train,0.45647088,False
6632,train,0.43415886,False
6633,train,0.50285757,True
6634,train,0.274482,False
6635,train,0.48801154,False
6636,train,0.3135197,False
6637,train,0.3875603,False
6638,train,0.4918763,False
6639,test,0.32974848,False
6640,train,0.0035658646,False
6641,train,0.5364179,True
6642,train,0.0033081844,False
6643,train,0.5430521,True
6644,train,0.35339415,False
6645,train,0.34346867,False
6646,train,0.34305808,False
6647,train,0.003880006,False
6648,train,0.44847882,False
6649,train,0.4862835,False
6650,train,0.38451758,False
6651,train,0.47077566,False
6652,train,0.5706793,True
6653,train,0.4270632,False
6654,test,0.4308,False
6655,train,0.49892035,True
6656,train,0.33876187,False
6657,train,0.42184404,False
6658,train,0.46394277,False
6659,test,0.47896436,False
6660,train,0.46824032,False
6661,train,0.5168738,True
6662,train,0.0031605025,False
6663,train,0.5069999,True
6664,train,0.26063767,False
6665,test,0.99738306,False
6666,train,0.0034903414,False
6667,train,0.5443062,True
6668,train,0.5245851,True
6669,train,0.0033632496,False
6670,train,0.44692218,False
6671,train,0.003065399,False
6672,train,0.55864936,True
6673,test,0.43679225,False
6674,train,0.49042764,False
6675,train,0.40607056,False
6676,test,0.48127,False
6677,train,0.4787639,False
6678,train,0.52557117,True
6679,train,0.5727303,True
6680,train,0.36639366,False
6681,test,0.4221622,False
6682,train,0.24434152,False
6683,train,0.33059615,False
6684,train,0.33077586,False
6685,train,0.0032172303,False
6686,test,0.9974946,False
6687,train,0.4405806,False
6688,train,0.0037039947,False
6689,train,0.6568481,True
6690,train,0.52108425,True
6691,train,0.0036038877,False
6692,train,0.5471252,True
6693,train,0.0032411458,False
6694,test,0.35631457,False
6695,train,0.0036357865,False
6696,train,0.5545861,True
6697,test,0.45377287,False
6698,train,0.39531252,False
6699,test,0.44958872,False
6700,train,0.0033944712,False
6701,test,0.273795,False
6702,train,0.43244416,False
6703,train,0.0033428094,False
6704,train,0.47135448,False
6705,train,0.0041798563,False
6706,train,0.39340848,False
6707,train,0.39329845,False
6708,train,0.4747339,False
6709,train,0.003073064,False
6710,train,0.4514654,False
6711,train,0.38794786,False
6712,train,0.48434272,False
6713,train,0.0035518713,False
6714,train,0.35147384,False
6715,train,0.50762576,True
6716,train,0.5100522,True
6717,test,0.996323,False
6718,test,0.9973835,False
6719,train,0.0036345173,False
6720,test,0.53055227,False
6721,test,0.37448865,False
6722,train,0.33923975,False
6723,test,0.37390962,False
6724,train,0.002126692,False
6725,test,0.44726115,False
6726,train,0.46296644,False
6727,train,0.45243713,False
6728,train,0.2612659,False
6729,train,0.29123312,False
6730,train,0.52695256,True
6731,test,0.9967115,False
6732,train,0.6698465,True
6733,test,0.591124,False
6734,train,0.32367685,False
6735,train,0.0037836954,False
6736,train,0.44112054,False
6737,train,0.45840648,False
6738,train,0.39764398,False
6739,train,0.0032301974,False
6740,train,0.4672851,False
6741,test,0.9970545,False
6742,train,0.5532829,True
6743,test,0.3979865,False
6744,train,0.34797332,False
6745,train,0.6222509,True
6746,train,0.0032397385,False
6747,train,0.0033327055,False
6748,train,0.38172722,False
6749,test,0.5846027,False
6750,train,0.47409272,False
6751,test,0.48072183,False
6752,train,0.5114695,True
6753,train,0.47409278,False
6754,train,0.4746031,False
6755,test,0.34556523,False
6756,train,0.5249532,True
6757,train,0.5512606,True
6758,train,0.32842246,False
6759,test,0.5006296,False
6760,train,0.44816428,False
6761,train,0.46267563,False
6762,train,0.45618963,False
6763,train,0.38164687,False
6764,train,0.37052795,False
6765,train,0.5408049,True
6766,train,0.0032997243,False
6767,train,0.48471278,False
6768,test,0.465208,False
6769,test,0.3719875,False
6770,train,0.42777583,False
6771,test,0.3593868,False
6772,train,0.5141634,True
6773,train,0.0023788186,False
6774,train,0.44969806,False
6775,train,0.0036164399,False
6776,train,0.4096536,False
6777,test,0.9967211,False
6778,train,0.36931056,False
6779,train,0.505699,True
6780,train,0.26778445,False
6781,train,0.37359387,False
6782,train,0.41088974,False
6783,test,0.4714985,False
6784,train,0.5364264,True
6785,train,0.2770999,False
6786,train,0.4831248,False
6787,train,0.55230355,True
6788,train,0.0031046588,False
6789,train,0.44572258,False
6790,train,0.0039070724,False
6791,train,0.0035538096,False
6792,train,0.47371128,False
6793,train,0.0036916302,False
6794,train,0.3987721,False
6795,train,0.48012483,False
6796,train,0.37884444,False
6797,train,0.5723004,True
6798,train,0.47869205,False
6799,train,0.003457965,False
6800,test,0.99684507,False
6801,train,0.43065882,False
6802,train,0.21388438,False
6803,train,0.52406424,True
6804,train,0.44889453,False
6805,test,0.99699944,False
6806,train,0.5205707,True
6807,train,0.41353676,False
6808,train,0.47355032,False
6809,train,0.37372905,False
6810,train,0.4662941,False
6811,train,0.34951106,False
6812,test,0.46128812,False
6813,train,0.44970423,False
6814,train,0.0034627386,False
6815,test,0.9971903,False
6816,train,0.41986108,False
6817,train,0.3136621,False
6818,test,0.45647344,False
6819,test,0.5354143,False
6820,train,0.37573582,False
6821,train,0.38174802,False
6822,train,0.49902654,True
6823,train,0.37870356,False
6824,train,0.518866,True
6825,train,0.56846,True
6826,test,0.52848864,False
6827,train,0.36151966,False
6828,train,0.37510926,False
6829,train,0.45821437,False
6830,train,0.36259308,False
6831,train,0.50816894,True
6832,train,0.6265867,True
6833,test,0.51546913,False
6834,train,0.33938053,False
6835,train,0.34565076,False
6836,train,0.4700501,False
6837,train,0.0031066742,False
6838,train,0.48073518,False
6839,train,0.0026344385,False
6840,train,0.55649275,True
6841,train,0.00372212,False
6842,test,0.345642,False
6843,train,0.35352975,False
6844,test,0.44657552,False
6845,train,0.5067389,True
6846,train,0.38543442,False
6847,train,0.40045896,False
6848,train,0.47946113,False
6849,train,0.44043335,False
6850,train,0.5871149,True
6851,test,0.9962836,False
6852,test,0.9967632,False
6853,train,0.4514028,False
6854,train,0.36647967,False
6855,train,0.28349775,False
6856,train,0.002819375,False
6857,train,0.3759595,False
6858,train,0.49439108,False
6859,train,0.0031035203,False
6860,test,0.22722779,False
6861,train,0.5501731,True
6862,train,0.44437885,False
6863,train,0.41804165,False
6864,train,0.5231886,True
6865,train,0.36478654,False
6866,train,0.33714584,False
6867,train,0.40122664,False
6868,test,0.33391327,False
6869,train,0.42380366,False
6870,train,0.45249006,False
6871,train,0.46241814,False
6872,train,0.43335202,False
6873,test,0.3869492,False
6874,test,0.4452298,False
6875,train,0.4395742,False
6876,train,0.0031615729,False
6877,train,0.3586687,False
6878,train,0.0030708401,False
6879,train,0.59127915,True
6880,test,0.9969888,False
6881,train,0.43016714,False
6882,train,0.0036720184,False
6883,train,0.41959044,False
6884,train,0.47067994,False
6885,test,0.516111,False
6886,train,0.4521388,False
6887,test,0.49792594,False
6888,test,0.50767934,False
6889,train,0.5469276,True
6890,train,0.404323,False
6891,train,0.4764629,False
6892,train,0.5373805,True
6893,train,0.46503663,False
6894,train,0.37054503,False
6895,train,0.4125481,False
6896,test,0.49560335,False
6897,train,0.31172085,False
6898,train,0.2748022,False
6899,test,0.99733484,False
6900,train,0.4088866,False
6901,train,0.47849324,False
6902,train,0.56096125,True
6903,train,0.0036568455,False
6904,train,0.0034222286,False
6905,train,0.6081464,True
6906,train,0.526408,True
6907,test,0.48613754,False
6908,train,0.4657846,False
6909,test,0.49540654,False
6910,test,0.99727064,False
6911,train,0.4355184,False
6912,train,0.43896762,False
6913,train,0.107399754,False
6914,train,0.41849366,False
6915,train,0.47423786,False
6916,train,0.34713694,False
6917,test,0.40558273,False
6918,train,0.0033874693,False
6919,train,0.35902926,False
6920,train,0.32983157,False
6921,train,0.0029158876,False
6922,train,0.0036612279,False
6923,test,0.40190881,False
6924,test,0.66579294,False
6925,train,0.3932394,False
6926,train,0.49365667,False
6927,train,0.36875856,False
6928,train,0.48588154,False
6929,train,0.3779972,False
6930,train,0.48732117,False
6931,train,0.29221958,False
6932,test,0.51567584,False
6933,train,0.52806354,True
6934,train,0.4334723,False
6935,train,0.28439218,False
6936,train,0.49528238,False
6937,train,0.38702282,False
6938,train,0.4368123,False
6939,train,0.46524048,False
6940,train,0.6165723,True
6941,train,0.6718205,True
6942,train,0.0031405792,False
6943,train,0.39460874,False
6944,train,0.5469782,True
6945,train,0.47809193,False
6946,train,0.0033529757,False
6947,test,0.30451986,False
6948,train,0.4647361,False
6949,train,0.48297408,False
6950,train,0.61848223,True
6951,test,0.5844134,False
6952,train,0.48426384,False
6953,train,0.53555524,True
6954,train,0.43039894,False
6955,test,0.48484474,False
6956,test,0.490128,False
6957,train,0.45530176,False
6958,train,0.54243,True
6959,train,0.4823322,False
6960,train,0.27412543,False
6961,test,0.9971157,False
6962,test,0.4704381,False
6963,train,0.5099266,True
6964,train,0.35862273,False
6965,train,0.53923327,True
6966,test,0.4679632,False
6967,train,0.43497026,False
6968,test,0.42390108,False
6969,train,0.0032187763,False
6970,train,0.0034837928,False
6971,train,0.6492412,True
6972,train,0.4187252,False
6973,train,0.0038532552,False
6974,test,0.99675703,False
6975,train,0.44266158,False
6976,train,0.42587414,False
6977,test,0.46567395,False
6978,train,0.002753724,False
6979,train,0.4137031,False
6980,train,0.32493138,False
6981,train,0.44336396,False
6982,train,0.44748977,False
6983,train,0.41578013,False
6984,train,0.3613569,False
6985,train,0.0026055463,False
6986,train,0.41867432,False
6987,train,0.36912298,False
6988,train,0.53338844,True
6989,train,0.3893316,False
6990,train,0.49343783,False
6991,train,0.0030246926,False
6992,train,0.41282207,False
6993,test,0.9795402,False
6994,train,0.29455042,False
6995,train,0.57629925,True
6996,train,0.50320035,True
6997,test,0.50002646,False
6998,train,0.0032065096,False
6999,train,0.5025675,True
7000,train,0.32255659,False
7001,train,0.49961585,True
7002,train,0.55744463,True
7003,train,0.49404755,False
7004,test,0.5234951,False
7005,train,0.40576833,False
7006,train,0.38795012,False
7007,train,0.4511994,False
7008,train,0.51808745,True
7009,train,0.45360163,False
7010,train,0.4321725,False
7011,train,0.5925003,True
7012,train,0.40838882,False
7013,train,0.50427794,True
7014,test,0.99716324,False
7015,train,0.4097382,False
7016,train,0.003584958,False
7017,train,0.0034818188,False
7018,train,0.3814892,False
7019,train,0.2873546,False
7020,train,0.43304336,False
7021,train,0.5377941,True
7022,train,0.37981448,False
7023,test,0.56748825,False
7024,train,0.5422522,True
7025,train,0.37853265,False
7026,train,0.38240176,False
7027,train,0.4559166,False
7028,test,0.22313397,False
7029,train,0.0027468011,False
7030,train,0.5045604,True
7031,test,0.23318955,False
7032,train,0.42496893,False
7033,train,0.48765698,False
7034,train,0.29059964,False
7035,train,0.5641662,True
7036,train,0.45749757,False
7037,test,0.55863017,False
7038,train,0.4750018,False
7039,train,0.22283027,False
7040,test,0.33316776,False
7041,train,0.4500234,False
7042,train,0.4225028,False
7043,train,0.5526364,True
7044,train,0.0033305064,False
7045,train,0.004230087,False
7046,test,0.48150468,False
7047,train,0.00322618,False
7048,train,0.48870817,False
7049,train,0.32927513,False
7050,train,0.44856817,False
7051,test,0.40137023,False
7052,test,0.32829756,False
7053,test,0.3645015,False
7054,train,0.4662743,False
7055,train,0.0034367926,False
7056,train,0.003689235,False
7057,train,0.0025637313,False
7058,test,0.3864206,False
7059,test,0.99700105,False
7060,test,0.4613245,False
7061,train,0.53043413,True
7062,train,0.4655504,False
7063,train,0.5519058,True
7064,test,0.5268702,False
7065,train,0.003461357,False
7066,train,0.0041418835,False
7067,train,0.42532808,False
7068,train,0.46599552,False
7069,train,0.39548576,False
7070,train,0.2545872,False
7071,train,0.5520524,True
7072,train,0.0031685848,False
7073,train,0.41834548,False
7074,train,0.69511366,True
7075,train,0.42031002,False
7076,train,0.003889931,False
7077,train,0.46546194,False
7078,train,0.0035522443,False
7079,train,0.0037439934,False
7080,test,0.9971033,False
7081,test,0.9967461,False
7082,train,0.0033390247,False
7083,train,0.38267222,False
7084,train,0.6159559,True
7085,train,0.4596019,False
7086,train,0.4760209,False
7087,train,0.416571,False
7088,train,0.4659337,False
7089,train,0.53412056,True
7090,train,0.35472235,False
7091,train,0.5318262,True
7092,test,0.46974006,False
7093,test,0.9970285,False
7094,train,0.458347,False
7095,train,0.5199467,True
7096,test,0.997141,False
7097,train,0.43504587,False
7098,test,0.5242338,False
7099,train,0.5070614,True
7100,train,0.31202233,False
7101,train,0.66904277,True
7102,train,0.0031754628,False
7103,test,0.35819325,False
7104,train,0.526877,True
7105,train,0.36858934,False
7106,train,0.003644891,False
7107,train,0.28871256,False
7108,train,0.43944874,False
7109,train,0.37794057,False
7110,test,0.3856611,False
7111,train,0.0030587297,False
7112,train,0.0030223115,False
7113,train,0.38266167,False
7114,train,0.42055053,False
7115,test,0.9961728,False
7116,train,0.55269974,True
7117,test,0.51229954,False
7118,train,0.00280294,False
7119,train,0.3685124,False
7120,train,0.22361164,False
7121,train,0.0032797554,False
7122,test,0.32255894,False
7123,train,0.5448698,True
7124,train,0.48944256,False
7125,train,0.0032766333,False
7126,train,0.39828193,False
7127,test,0.9970064,False
7128,train,0.5574065,True
7129,train,0.3029818,False
7130,train,0.004207467,False
7131,test,0.38746238,False
7132,train,0.0037388208,False
7133,train,0.46774855,False
7134,train,0.40663448,False
7135,train,0.0063717645,False
7136,test,0.47466552,False
7137,train,0.0032566055,False
7138,test,0.99707115,False
7139,test,0.99618584,False
7140,train,0.4534023,False
7141,train,0.30370188,False
7142,train,0.0028706596,False
7143,train,0.54132104,True
7144,train,0.2212137,False
7145,test,0.3824248,False
7146,train,0.0037979898,False
7147,train,0.45300725,False
7148,train,0.4983145,True
7149,train,0.003029411,False
7150,train,0.5381254,True
7151,train,0.5201875,True
7152,train,0.3905782,False
7153,train,0.52636325,True
7154,train,0.49711692,False
7155,train,0.0026733633,False
7156,train,0.54845166,True
7157,train,0.44786492,False
7158,train,0.0034681757,False
7159,train,0.31462348,False
7160,train,0.003196587,False
7161,train,0.4053757,False
7162,test,0.44015425,False
7163,train,0.45830777,False
7164,train,0.39145473,False
7165,test,0.514102,False
7166,train,0.45854822,False
7167,train,0.4916123,False
7168,test,0.3762828,False
7169,train,0.2906582,False
7170,train,0.43811208,False
7171,train,0.53432405,True
7172,train,0.45594993,False
7173,train,0.44317067,False
7174,train,0.39055675,False
7175,test,0.46261814,False
7176,test,0.76464325,False
7177,test,0.9978317,False
7178,train,0.4808816,False
7179,train,0.68950725,True
7180,train,0.4702676,False
7181,test,0.5388204,False
7182,train,0.47358087,False
7183,train,0.40546867,False
7184,test,0.4586267,False
7185,train,0.4610106,False
7186,train,0.0035144284,False
7187,train,0.40903667,False
7188,train,0.4304595,False
7189,test,0.29953325,False
7190,train,0.0028301657,False
7191,train,0.35842943,False
7192,train,0.0031650013,False
7193,train,0.4466137,False
7194,train,0.0033715104,False
7195,train,0.44736734,False
7196,train,0.35951298,False
7197,test,0.3940232,False
7198,train,0.50293094,True
7199,test,0.99708104,False
7200,test,0.9974487,False
7201,train,0.5580274,True
7202,train,0.003566749,False
7203,train,0.4847356,False
7204,train,0.33946374,False
7205,train,0.4397992,False
7206,train,0.39118916,False
7207,train,0.0031741871,False
7208,train,0.5748586,True
7209,train,0.5807573,True
7210,train,0.47749907,False
7211,train,0.0035393052,False
7212,test,0.48572284,False
7213,train,0.4754138,False
7214,train,0.580328,True
7215,train,0.5168085,True
7216,train,0.0029989833,False
7217,test,0.4675449,False
7218,test,0.5457972,False
7219,test,0.5652145,False
7220,test,0.3849908,False
7221,train,0.3441854,False
7222,train,0.0031534692,False
7223,test,0.51209664,False
7224,train,0.51555854,True
7225,train,0.0028761555,False
7226,train,0.45194072,False
7227,train,0.4640281,False
7228,train,0.002463941,False
7229,train,0.0035416372,False
7230,train,0.5546908,True
7231,test,0.42582223,False
7232,train,0.003389895,False
7233,train,0.0033635958,False
7234,train,0.35547164,False
7235,train,0.40469345,False
7236,test,0.39997157,False
7237,test,0.52595127,False
7238,train,0.0033919036,False
7239,test,0.22974649,False
7240,test,0.99752563,False
7241,train,0.31526366,False
7242,train,0.35121083,False
7243,train,0.35964566,False
7244,train,0.33224335,False
7245,train,0.2743772,False
7246,test,0.41748124,False
7247,train,0.0025076196,False
7248,train,0.003599242,False
7249,train,0.48434523,False
7250,train,0.5055703,True
7251,train,0.5096124,True
7252,train,0.259799,False
7253,train,0.5193995,True
7254,train,0.44959632,False
7255,train,0.0034934615,False
7256,train,0.002953492,False
7257,train,0.5345442,True
7258,train,0.53011245,True
7259,train,0.46371946,False
7260,train,0.6103029,True
7261,train,0.0025428005,False
7262,train,0.0035368,False
7263,train,0.46368614,False
7264,train,0.5752219,True
7265,test,0.9972098,False
7266,train,0.48984122,False
7267,train,0.47021914,False
7268,train,0.48498243,False
7269,train,0.46278375,False
7270,train,0.0031966309,False
7271,train,0.6452795,True
7272,test,0.99777657,False
7273,train,0.003620776,False
7274,test,0.14412968,False
7275,train,0.37809548,False
7276,test,0.39173952,False
7277,train,0.39458728,False
7278,train,0.27735206,False
7279,test,0.4203827,False
7280,test,0.99633175,False
7281,test,0.40611973,False
7282,train,0.4529158,False
7283,train,0.6165098,True
7284,train,0.3533827,False
7285,train,0.4577153,False
7286,train,0.30041292,False
7287,train,0.0032366964,False
7288,train,0.5103896,True
7289,train,0.46732765,False
7290,train,0.3971702,False
7291,train,0.48120123,False
7292,train,0.31791416,False
7293,test,0.9977164,False
7294,train,0.42237934,False
7295,train,0.42236164,False
7296,train,0.47150445,False
7297,train,0.24043332,False
7298,test,0.24112664,False
7299,train,0.003232082,False
7300,train,0.32133988,False
7301,test,0.9968288,False
7302,test,0.9969748,False
7303,train,0.3701299,False
7304,test,0.3569167,False
7305,test,0.555078,False
7306,train,0.48101553,False
7307,train,0.43707436,False
7308,train,0.29642642,False
7309,test,0.9974451,False
7310,test,0.41314384,False
7311,train,0.39445263,False
7312,train,0.47129846,False
7313,train,0.26904628,False
7314,train,0.62784046,True
7315,train,0.50588703,True
7316,train,0.41724235,False
7317,train,0.42205414,False
7318,train,0.5267099,True
7319,test,0.37240294,False
7320,train,0.5083867,True
7321,test,0.52925205,False
7322,train,0.42327827,False
7323,train,0.54386604,True
7324,test,0.526491,False
7325,train,0.3182926,False
7326,train,0.41472402,False
7327,train,0.5479942,True
7328,train,0.0035703136,False
7329,train,0.41210803,False
7330,test,0.9977868,False
7331,train,0.00346309,False
7332,train,0.3802762,False
7333,train,0.27315298,False
7334,train,0.38648638,False
7335,train,0.29372412,False
7336,train,0.0035621333,False
7337,train,0.0035937943,False
7338,train,0.4305055,False
7339,test,0.5015578,False
7340,train,0.38719112,False
7341,train,0.2601091,False
7342,train,0.53603506,True
7343,train,0.40963456,False
7344,train,0.44223177,False
7345,test,0.51444006,False
7346,train,0.0026532777,False
7347,train,0.45723453,False
7348,test,0.4270482,False
7349,train,0.4863506,False
7350,train,0.35607162,False
7351,train,0.0036958442,False
7352,test,0.51081496,False
7353,train,0.41594926,False
7354,train,0.4635648,False
7355,train,0.55748075,True
7356,train,0.0034103612,False
7357,test,0.43789253,False
7358,train,0.0034590152,False
7359,train,0.0028938244,False
7360,train,0.49655932,False
7361,train,0.0037150248,False
7362,train,0.0039635757,False
7363,test,0.90177125,False
7364,train,0.3727898,False
7365,train,0.284926,False
7366,train,0.0030062282,False
7367,test,0.9968954,False
7368,train,0.004213991,False
7369,train,0.44978648,False
7370,train,0.45563865,False
7371,train,0.39514115,False
7372,train,0.31573868,False
7373,train,0.0033431489,False
7374,train,0.38192564,False
7375,train,0.45151532,False
7376,train,0.3143804,False
7377,train,0.4140189,False
7378,train,0.003922612,False
7379,train,0.51661336,True
7380,train,0.43095443,False
7381,train,0.2812712,False
7382,train,0.33485892,False
7383,train,0.0035132898,False
7384,train,0.0034892256,False
7385,train,0.45388842,False
7386,train,0.002719241,False
7387,train,0.4327139,False
7388,train,0.520383,True
7389,train,0.5217726,True
7390,train,0.0037308906,False
7391,train,0.31631005,False
7392,train,0.38170215,False
7393,train,0.51269966,True
7394,train,0.34364304,False
7395,train,0.28742608,False
7396,train,0.40100133,False
7397,train,0.42399603,False
7398,train,0.6200952,True
7399,train,0.003650625,False
7400,train,0.5513932,True
7401,train,0.50854653,True
7402,train,0.37611946,False
7403,train,0.41432333,False
7404,train,0.48876518,False
7405,train,0.3774518,False
7406,test,0.38504615,False
7407,test,0.47914168,False
7408,test,0.35397848,False
7409,train,0.46742484,False
7410,train,0.32709008,False
7411,train,0.47494298,False
7412,test,0.6051221,False
7413,train,0.3093055,False
7414,train,0.0030701691,False
7415,train,0.5447682,True
7416,train,0.53697634,True
7417,train,0.5223672,True
7418,train,0.3006059,False
7419,train,0.3280735,False
7420,train,0.58811563,True
7421,test,0.99696296,False
7422,test,0.8130847,False
7423,test,0.29183033,False
7424,train,0.4952408,False
7425,train,0.4755911,False
7426,train,0.53368896,True
7427,train,0.443018,False
7428,train,0.30714476,False
7429,train,0.45245484,False
7430,train,0.0030025416,False
7431,test,0.44755447,False
7432,train,0.30621785,False
7433,train,0.5208784,True
7434,train,0.31170636,False
7435,test,0.9969991,False
7436,test,0.9970761,False
7437,train,0.37699232,False
7438,train,0.004816038,False
7439,train,0.0039875433,False
7440,train,0.39272854,False
7441,train,0.37965724,False
7442,train,0.62420493,True
7443,train,0.43353245,False
7444,train,0.353292,False
7445,train,0.5566013,True
7446,train,0.4351939,False
7447,test,0.34182188,False
7448,train,0.003781549,False
7449,test,0.2844122,False
7450,train,0.47407264,False
7451,train,0.5446733,True
7452,train,0.37103444,False
7453,train,0.5220095,True
7454,train,0.0036352305,False
7455,train,0.31110752,False
7456,test,0.3505716,False
7457,train,0.49426675,False
7458,train,0.45120367,False
7459,train,0.42834496,False
7460,train,0.47286475,False
7461,train,0.3322394,False
7462,train,0.37610567,False
7463,train,0.37248892,False
7464,train,0.4639721,False
7465,train,0.0031300012,False
7466,train,0.43994546,False
7467,train,0.4883348,False
7468,train,0.5044707,True
7469,train,0.4881433,False
7470,train,0.25584826,False
7471,train,0.41672,False
7472,train,0.32009405,False
7473,train,0.3440249,False
7474,train,0.5305358,True
7475,train,0.5934034,True
7476,train,0.0036501782,False
7477,train,0.410479,False
7478,train,0.38760996,False
7479,train,0.44950542,False
7480,test,0.45574462,False
7481,train,0.41819647,False
7482,train,0.40672168,False
7483,train,0.0034113748,False
7484,train,0.45375493,False
7485,train,0.473796,False
7486,train,0.5259637,True
7487,train,0.52865714,True
7488,train,0.0033348133,False
7489,train,0.44039008,False
7490,train,0.5074857,True
7491,train,0.40878552,False
7492,train,0.3840664,False
7493,test,0.5581587,False
7494,train,0.49486062,False
7495,train,0.393122,False
7496,test,0.35813445,False
7497,train,0.6242922,True
7498,train,0.0031233612,False
7499,test,0.35318968,False
7500,train,0.27524176,False
7501,test,0.9975237,False
7502,test,0.4690148,False
7503,train,0.6106396,True
7504,train,0.5269776,True
7505,test,0.46665135,False
7506,train,0.52615607,True
7507,train,0.31305465,False
7508,train,0.38237038,False
7509,train,0.41608146,False
7510,train,0.39620963,False
7511,train,0.44292188,False
7512,test,0.39716926,False
7513,train,0.5217449,True
7514,train,0.41496405,False
7515,train,0.0033276808,False
7516,train,0.43461588,False
7517,train,0.3434792,False
7518,train,0.0036237012,False
7519,train,0.31684875,False
7520,train,0.45500556,False
7521,train,0.002923266,False
7522,train,0.35638252,False
7523,train,0.30265996,False
7524,train,0.3859673,False
7525,train,0.44209072,False
7526,test,0.39928088,False
7527,test,0.45458877,False
7528,train,0.4689513,False
7529,test,0.4765473,False
7530,train,0.0030413934,False
7531,train,0.5336794,True
7532,train,0.41752848,False
7533,train,0.26019263,False
7534,train,0.32289433,False
7535,train,0.23877676,False
7536,test,0.38278797,False
7537,train,0.48066738,False
7538,test,0.36010566,False
7539,train,0.34821987,False
7540,train,0.4511195,False
7541,train,0.41535756,False
7542,train,0.38560608,False
7543,train,0.002947845,False
7544,train,0.50382745,True
7545,train,0.38154837,False
7546,train,0.40826195,False
7547,train,0.49067423,False
7548,train,0.4088534,False
7549,test,0.9969207,False
7550,train,0.3538812,False
7551,train,0.4613157,False
7552,train,0.49484855,False
7553,test,0.41911203,False
7554,train,0.0039114193,False
7555,train,0.5108594,True
7556,test,0.59942657,False
7557,train,0.0035108514,False
7558,train,0.39311922,False
7559,train,0.25996315,False
7560,train,0.5185958,True
7561,train,0.41243446,False
7562,train,0.0023136432,False
7563,train,0.5487267,True
7564,train,0.32418782,False
7565,train,0.38857755,False
7566,train,0.30937472,False
7567,train,0.4934092,False
7568,test,0.39395273,False
7569,train,0.0032971,False
7570,test,0.5198901,False
7571,test,0.5332926,False
7572,train,0.3296987,False
7573,train,0.43161994,False
7574,test,0.41487026,False
7575,train,0.30584532,False
7576,train,0.22682522,False
7577,train,0.36285198,False
7578,test,0.46775818,False
7579,train,0.004194335,False
7580,train,0.39768,False
7581,test,0.33384272,False
7582,train,0.62119365,True
7583,train,0.40328154,False
7584,train,0.51464015,True
7585,train,0.43532416,False
7586,train,0.41353446,False
7587,train,0.48036507,False
7588,test,0.49797305,False
7589,train,0.4970975,False
7590,train,0.0037558859,False
7591,train,0.39698997,False
7592,train,0.42155793,False
7593,test,0.28909966,False
7594,train,0.0027801208,False
7595,train,0.003567789,False
7596,train,0.56630117,True
7597,train,0.5005851,True
7598,train,0.0026981991,False
7599,train,0.50145686,True
7600,train,0.4384051,False
7601,test,0.440765,False
7602,train,0.39950547,False
7603,train,0.51924664,True
7604,train,0.5078013,True
7605,train,0.36013508,False
7606,test,0.5491669,False
7607,train,0.003676324,False
7608,train,0.43953815,False
7609,train,0.46281925,False
7610,train,0.4747317,False
7611,train,0.57923406,True
7612,train,0.3782918,False
7613,train,0.5362878,True
7614,test,0.9968155,False
7615,train,0.36417684,False
7616,test,0.5016536,False
7617,train,0.528387,True
7618,train,0.0027801406,False
7619,test,0.37983,False
7620,train,0.4548453,False
7621,test,0.4209822,False
7622,train,0.5158304,True
7623,train,0.273025,False
7624,train,0.5571199,True
7625,train,0.4887793,False
7626,train,0.351052,False
7627,train,0.52658695,True
7628,train,0.5049138,True
7629,train,0.0029137486,False
7630,train,0.37427467,False
7631,train,0.3622311,False
7632,train,0.54208726,True
7633,train,0.0025252027,False
7634,train,0.437347,False
7635,train,0.47391683,False
7636,train,0.5030336,True
7637,train,0.33917874,False
7638,train,0.34697405,False
7639,train,0.41535193,False
7640,test,0.99673176,False
7641,train,0.39477614,False
7642,train,0.46373358,False
7643,test,0.4139359,False
7644,train,0.46727788,False
7645,train,0.0033558032,False
7646,train,0.50440234,True
7647,test,0.49167132,False
7648,train,0.29541013,False
7649,train,0.4105881,False
7650,test,0.80451524,False
7651,train,0.37874505,False
7652,train,0.0027878713,False
7653,train,0.4709747,False
7654,train,0.4341802,False
7655,train,0.39841297,False
7656,train,0.4551826,False
7657,train,0.5021832,True
7658,train,0.3853238,False
7659,train,0.31019068,False
7660,train,0.0037401963,False
7661,test,0.99657416,False
7662,train,0.503262,True
7663,train,0.002789955,False
7664,train,0.34573475,False
7665,train,0.27583492,False
7666,train,0.4750631,False
7667,train,0.39799568,False
7668,train,0.4865687,False
7669,train,0.0033320205,False
7670,train,0.44420448,False
7671,train,0.0031573551,False
7672,test,0.3233345,False
7673,train,0.37153676,False
7674,train,0.5319765,True
7675,test,0.41929853,False
7676,test,0.4022132,False
7677,train,0.4171954,False
7678,train,0.4486332,False
7679,train,0.46129987,False
7680,train,0.5121436,True
7681,train,0.42235178,False
7682,train,0.45516476,False
7683,test,0.47740257,False
7684,train,0.5625162,True
7685,train,0.0034058148,False
7686,train,0.47744292,False
7687,train,0.003724394,False
7688,train,0.58306944,True
7689,test,0.50421,False
7690,train,0.0035223446,False
7691,test,0.38091156,False
7692,train,0.43156788,False
7693,train,0.35142258,False
7694,train,0.3659354,False
7695,train,0.47315854,False
7696,train,0.4878969,False
7697,train,0.003417735,False
7698,test,0.28452042,False
7699,train,0.003023642,False
7700,test,0.7910439,False
7701,train,0.38608038,False
7702,test,0.49022642,False
7703,train,0.46042964,False
7704,train,0.40186378,False
7705,train,0.40169066,False
7706,train,0.4799068,False
7707,train,0.28895727,False
7708,train,0.0041010343,False
7709,train,0.0032900441,False
7710,train,0.38347697,False
7711,train,0.25128832,False
7712,train,0.30474678,False
7713,train,0.47172967,False
7714,train,0.52865136,True
7715,test,0.99689245,False
7716,train,0.26708227,False
7717,train,0.42476887,False
7718,train,0.0031215062,False
7719,train,0.29296744,False
7720,train,0.0035997566,False
7721,test,0.57750005,False
7722,train,0.4371195,False
7723,train,0.4021212,False
7724,train,0.0023335174,False
7725,train,0.54154253,True
7726,train,0.0032384398,False
7727,train,0.5011263,True
7728,test,0.5671347,False
7729,test,0.5528166,False
7730,test,0.48098177,False
7731,train,0.44587445,False
7732,test,0.5137226,False
7733,train,0.46038938,False
7734,train,0.4138704,False
7735,train,0.33532548,False
7736,test,0.99656117,False
7737,train,0.4420206,False
7738,train,0.38218898,False
7739,test,0.45909214,False
7740,train,0.0030136486,False
7741,train,0.33949944,False
7742,train,0.49823573,True
7743,train,0.3465916,False
7744,train,0.45102066,False
7745,test,0.3312005,False
7746,test,0.43254647,False
7747,train,0.0037125465,False
7748,train,0.36399138,False
7749,train,0.49018556,False
7750,train,0.40917242,False
7751,test,0.576062,False
7752,train,0.4532697,False
7753,test,0.33121535,False
7754,train,0.47129336,False
7755,train,0.27313262,False
7756,train,0.205425,False
7757,train,0.37003383,False
7758,test,0.50834984,False
7759,train,0.4326794,False
7760,train,0.40452686,False
7761,train,0.003524674,False
7762,train,0.3177418,False
7763,train,0.47739765,False
7764,train,0.51247346,True
7765,train,0.4924504,False
7766,train,0.4591817,False
7767,train,0.0035988085,False
7768,train,0.0032967085,False
7769,train,0.4018552,False
7770,train,0.004111756,False
7771,train,0.48541957,False
7772,train,0.58823556,True
7773,test,0.37855518,False
7774,train,0.4130218,False
7775,train,0.48546162,False
7776,train,0.0032768983,False
7777,train,0.28624594,False
7778,train,0.0029971097,False
7779,test,0.30179477,False
7780,train,0.33285347,False
7781,train,0.301985,False
7782,train,0.44221115,False
7783,train,0.34504905,False
7784,train,0.0033396562,False
7785,test,0.9969437,False
7786,train,0.49122682,False
7787,train,0.54012954,True
7788,train,0.456227,False
7789,train,0.4865028,False
7790,train,0.40136147,False
7791,train,0.50706685,True
7792,train,0.0033260505,False
7793,train,0.61285526,True
7794,train,0.0031958113,False
7795,test,0.55927014,False
7796,train,0.003344512,False
7797,train,0.27115616,False
7798,train,0.003768738,False
7799,train,0.36541164,False
7800,train,0.47836712,False
7801,train,0.003400605,False
7802,train,0.48447764,False
7803,train,0.43706048,False
7804,train,0.4132991,False
7805,train,0.5440533,True
7806,train,0.3943668,False
7807,train,0.32780388,False
7808,train,0.4358498,False
7809,test,0.2654215,False
7810,train,0.27446216,False
7811,train,0.47209653,False
7812,train,0.47536814,False
7813,train,0.4464751,False
7814,train,0.47002575,False
7815,train,0.466764,False
7816,test,0.41710564,False
7817,train,0.3659286,False
7818,train,0.47342157,False
7819,train,0.52295595,True
7820,test,0.26472628,False
7821,train,0.43626267,False
7822,train,0.0030163135,False
7823,train,0.432867,False
7824,train,0.0032689893,False
7825,test,0.42777196,False
7826,train,0.46777022,False
7827,train,0.4862249,False
7828,train,0.5078327,True
7829,train,0.5296768,True
7830,train,0.5029849,True
7831,train,0.51467896,True
7832,test,0.47129992,False
7833,train,0.4860396,False
7834,train,0.4252285,False
7835,train,0.0030372164,False
7836,train,0.52314407,True
7837,train,0.4499882,False
7838,train,0.45826042,False
7839,train,0.0035492526,False
7840,train,0.35575175,False
7841,test,0.9972908,False
7842,train,0.4645892,False
7843,train,0.41281718,False
7844,test,0.37774372,False
7845,train,0.25714356,False
7846,test,0.2703088,False
7847,train,0.44245097,False
7848,test,0.5120768,False
7849,train,0.3160408,False
7850,train,0.42585784,False
7851,train,0.34545833,False
7852,train,0.39544204,False
7853,train,0.0031750954,False
7854,train,0.42206272,False
7855,train,0.4433305,False
7856,train,0.5299611,True
7857,train,0.3593199,False
7858,train,0.3681051,False
7859,test,0.33274946,False
7860,train,0.41523114,False
7861,train,0.50277054,True
7862,train,0.0027107182,False
7863,train,0.31917876,False
7864,train,0.3616995,False
7865,train,0.0030303565,False
7866,train,0.39804667,False
7867,train,0.32006636,False
7868,train,0.00300124,False
7869,train,0.43561172,False
7870,train,0.5059963,True
7871,train,0.3298006,False
7872,train,0.36908966,False
7873,train,0.5599204,True
7874,train,0.4252928,False
7875,test,0.49820977,False
7876,train,0.37151006,False
7877,test,0.52582896,False
7878,train,0.40367448,False
7879,train,0.48857003,False
7880,train,0.35438094,False
7881,train,0.32552806,False
7882,train,0.38468468,False
7883,train,0.33598423,False
7884,train,0.5195577,True
7885,train,0.5126302,True
7886,train,0.2781591,False
7887,train,0.38114682,False
7888,train,0.5436644,True
7889,train,0.36045754,False
7890,train,0.36587742,False
7891,train,0.40596735,False
7892,train,0.31546554,False
7893,train,0.42395866,False
7894,train,0.48215142,False
7895,train,0.003686455,False
7896,train,0.44291073,False
7897,train,0.49568567,False
7898,train,0.40830916,False
7899,test,0.49089864,False
7900,train,0.38921392,False
7901,train,0.0035090277,False
7902,train,0.4092759,False
7903,train,0.42335734,False
7904,train,0.0036956074,False
7905,train,0.003267011,False
7906,train,0.0026307348,False
7907,train,0.3597123,False
7908,train,0.0023278832,False
7909,train,0.3816865,False
7910,test,0.0051430836,False
7911,test,0.41065088,False
7912,train,0.4345006,False
7913,train,0.47763178,False
7914,train,0.5068217,True
7915,test,0.36209592,False
7916,train,0.0029605543,False
7917,test,0.57177484,False
7918,test,0.9973731,False
7919,train,0.0029308025,False
7920,test,0.9973317,False
7921,test,0.60784405,False
7922,train,0.46441615,False
7923,train,0.34866747,False
7924,train,0.48132658,False
7925,train,0.41071156,False
7926,test,0.53398275,False
7927,train,0.003447051,False
7928,train,0.48334247,False
7929,test,0.997368,False
7930,train,0.0038747364,False
7931,train,0.51525176,True
7932,train,0.002640389,False
7933,train,0.003660724,False
7934,train,0.32242376,False
7935,train,0.49021974,False
7936,train,0.2873531,False
7937,train,0.0033180565,False
7938,test,0.49632064,False
7939,train,0.52252156,True
7940,train,0.30397,False
7941,test,0.36039868,False
7942,train,0.37486905,False
7943,train,0.44253558,False
7944,train,0.4627432,False
7945,train,0.3216689,False
7946,train,0.33581048,False
7947,train,0.6107483,True
7948,train,0.5381063,True
7949,train,0.5874453,True
7950,train,0.5185075,True
7951,train,0.0031169874,False
7952,train,0.0034515976,False
7953,train,0.5004222,True
7954,train,0.39763397,False
7955,test,0.5442266,False
7956,train,0.0035435408,False
7957,train,0.27745315,False
7958,train,0.46827117,False
7959,test,0.43408608,False
7960,train,0.4172915,False
7961,train,0.0035682933,False
7962,train,0.3977329,False
7963,train,0.003097854,False
7964,train,0.0034537404,False
7965,train,0.002474976,False
7966,train,0.0038019833,False
7967,train,0.54072136,True
7968,train,0.6515086,True
7969,train,0.0032695723,False
7970,train,0.3923147,False
7971,train,0.37217623,False
7972,train,0.40345386,False
7973,test,0.99717325,False
7974,train,0.49264434,False
7975,train,0.52917236,True
7976,train,0.47387227,False
7977,train,0.0040524416,False
7978,train,0.56173927,True
7979,train,0.41982767,False
7980,train,0.002906778,False
7981,train,0.49009845,False
7982,train,0.002970455,False
7983,train,0.0031133126,False
7984,train,0.25440252,False
7985,train,0.0031163902,False
7986,test,0.9970385,False
7987,train,0.50746876,True
7988,train,0.44824368,False
7989,train,0.5185837,True
7990,train,0.3935404,False
7991,test,0.54384375,False
7992,train,0.39830136,False
7993,train,0.3038826,False
7994,train,0.002958672,False
7995,train,0.49557433,False
7996,train,0.36461958,False
7997,train,0.5789204,True
7998,train,0.35413206,False
7999,test,0.505756,False
8000,train,0.55381215,True
8001,train,0.4763069,False
8002,train,0.4110536,False
8003,train,0.4674407,False
8004,train,0.4038627,False
8005,train,0.26537615,False
8006,train,0.3600466,False
8007,train,0.55394804,True
8008,train,0.43515125,False
8009,test,0.43339646,False
8010,train,0.54559374,True
8011,train,0.50442916,True
8012,train,0.46968764,False
8013,test,0.3365921,False
8014,train,0.4477306,False
8015,test,0.3784512,False
8016,train,0.0030009022,False
8017,train,0.4927176,False
8018,train,0.3398777,False
8019,train,0.46965367,False
8020,train,0.003058932,False
8021,train,0.3619065,False
8022,train,0.57367766,True
8023,train,0.7947343,True
8024,train,0.8243053,True
8025,train,0.41131556,False
8026,train,0.45101282,False
8027,train,0.0033038992,False
8028,train,0.43504012,False
8029,train,0.41151926,False
8030,test,0.99637,False
8031,train,0.0040071704,False
8032,test,0.28541896,False
8033,test,0.31590316,False
8034,train,0.4007596,False
8035,train,0.48552433,False
8036,train,0.5835502,True
8037,train,0.51375,True
8038,train,0.0032428002,False
8039,test,0.99683064,False
8040,train,0.45202833,False
8041,train,0.0030029109,False
8042,train,0.0030038282,False
8043,train,0.4180998,False
8044,train,0.002506039,False
8045,test,0.42997798,False
8046,test,0.33289656,False
8047,train,0.5287791,True
8048,train,0.0036296884,False
8049,train,0.4668171,False
8050,train,0.0033752145,False
8051,train,0.0029595084,False
8052,train,0.51338154,True
8053,train,0.4431529,False
8054,train,0.4374565,False
8055,test,0.997475,False
8056,test,0.48509696,False
8057,train,0.4576174,False
8058,train,0.4282934,False
8059,train,0.42395106,False
8060,train,0.35036483,False
8061,train,0.51981544,True
8062,train,0.42217764,False
8063,train,0.0026654487,False
8064,test,0.36766624,False
8065,train,0.39347914,False
8066,train,0.0030506668,False
8067,train,0.29666457,False
8068,train,0.35605913,False
8069,train,0.56067616,True
8070,train,0.0034697086,False
8071,train,0.0032577608,False
8072,test,0.54531634,False
8073,train,0.42153707,False
8074,train,0.28340355,False
8075,train,0.0034579628,False
8076,train,0.5861355,True
8077,train,0.5721993,True
8078,train,0.3419137,False
8079,train,0.24318966,False
8080,train,0.24085894,False
8081,train,0.49008363,False
8082,train,0.38687173,False
8083,train,0.56315374,True
8084,train,0.2656809,False
8085,test,0.4449432,False
8086,train,0.37121728,False
8087,test,0.3483768,False
8088,train,0.4145875,False
8089,train,0.004006523,False
8090,train,0.32607117,False
8091,train,0.0042284783,False
8092,train,0.50023997,True
8093,train,0.0033097656,False
8094,train,0.44844106,False
8095,train,0.52027017,True
8096,test,0.4332313,False
8097,train,0.38726765,False
8098,test,0.28257793,False
8099,train,0.32234994,False
8100,train,0.26997745,False
8101,train,0.38699955,False
8102,train,0.46189842,False
8103,train,0.5342782,True
8104,train,0.49043447,False
8105,train,0.5056673,True
8106,test,0.4694345,False
8107,test,0.47201166,False
8108,train,0.47253758,False
8109,test,0.5117408,False
8110,train,0.4734755,False
8111,train,0.4330193,False
8112,train,0.38239187,False
8113,train,0.4527077,False
8114,train,0.0035768694,False
8115,train,0.0032591203,False
8116,train,0.33957428,False
8117,test,0.43288633,False
8118,train,0.50854987,True
8119,test,0.53174394,False
8120,train,0.0023014578,False
8121,test,0.5633651,False
8122,train,0.39580426,False
8123,train,0.53076565,True
8124,train,0.45804203,False
8125,train,0.51496756,True
8126,test,0.6062304,False
8127,train,0.4047559,False
8128,test,0.9972371,False
8129,train,0.4293618,False
8130,train,0.48984027,False
8131,train,0.42636675,False
8132,test,0.5258875,False
8133,train,0.37121117,False
8134,train,0.5542726,True
8135,test,0.99706507,False
8136,test,0.27475438,False
8137,train,0.45655394,False
8138,train,0.49091026,False
8139,train,0.4934921,False
8140,train,0.47119087,False
8141,train,0.0036577075,False
8142,test,0.48887372,False
8143,train,0.5522346,True
8144,train,0.57475185,True
8145,train,0.35963583,False
8146,test,0.29345897,False
8147,train,0.53640413,True
8148,train,0.4308777,False
8149,train,0.53633684,True
8150,train,0.5693166,True
8151,train,0.52015847,True
8152,train,0.3444002,False
8153,train,0.5116117,True
8154,test,0.48924193,False
8155,train,0.4463937,False
8156,train,0.5345644,True
8157,train,0.47151545,False
8158,test,0.3893083,False
8159,test,0.43535584,False
8160,train,0.37748572,False
8161,train,0.475293,False
8162,test,0.5115929,False
8163,train,0.0031877933,False
8164,test,0.4872664,False
8165,test,0.35670984,False
8166,train,0.0033618752,False
8167,train,0.0033796257,False
8168,train,0.0032574,False
8169,train,0.002927449,False
8170,test,0.36547732,False
8171,train,0.56398726,True
8172,train,0.0039014323,False
8173,train,0.0034072248,False
8174,train,0.38074517,False
8175,train,0.0027703745,False
8176,train,0.40782565,False
8177,train,0.003727217,False
8178,train,0.47143054,False
8179,train,0.3801842,False
8180,train,0.0030787443,False
8181,train,0.48718384,False
8182,train,0.0032388184,False
8183,train,0.0026265779,False
8184,train,0.4940105,False
8185,train,0.4189412,False
8186,train,0.0033248537,False
8187,train,0.3172922,False
8188,train,0.35517696,False
8189,train,0.3839505,False
8190,test,0.48901293,False
8191,train,0.5185558,True
8192,train,0.0026182972,False
8193,train,0.0028258157,False
8194,test,0.9974049,False
8195,train,0.32886264,False
8196,train,0.42900887,False
8197,train,0.5073288,True
8198,train,0.0030575076,False
8199,train,0.0028719318,False
8200,train,0.45452562,False
8201,train,0.3831176,False
8202,test,0.4447801,False
8203,train,0.4828398,False
8204,test,0.96909857,False
8205,train,0.0034973,False
8206,train,0.5422423,True
8207,train,0.3908022,False
8208,train,0.51309484,True
8209,train,0.0037359304,False
8210,train,0.28056416,False
8211,train,0.0027681508,False
8212,train,0.45287925,False
8213,train,0.3997033,False
8214,train,0.49857554,True
8215,train,0.4968196,False
8216,train,0.47277644,False
8217,train,0.45643118,False
8218,train,0.32379732,False
8219,test,0.3653869,False
8220,train,0.4452404,False
8221,test,0.48289675,False
8222,train,0.53055465,True
8223,train,0.4620898,False
8224,test,0.9966095,False
8225,train,0.29398802,False
8226,train,0.37691042,False
8227,train,0.53997964,True
8228,train,0.0034703747,False
8229,train,0.37025633,False
8230,train,0.47920865,False
8231,train,0.003683455,False
8232,train,0.4613332,False
8233,train,0.34006754,False
8234,train,0.50529516,True
8235,train,0.5362719,True
8236,train,0.0036146424,False
8237,train,0.49071583,False
8238,train,0.44517687,False
8239,train,0.43140212,False
8240,train,0.31031793,False
8241,train,0.43319964,False
8242,train,0.003304501,False
8243,train,0.4518003,False
8244,train,0.36712474,False
8245,train,0.37323946,False
8246,train,0.42072383,False
8247,test,0.99675155,False
8248,train,0.5052755,True
8249,train,0.40605196,False
8250,train,0.0021517964,False
8251,test,0.99760437,False
8252,train,0.45045102,False
8253,train,0.4852267,False
8254,test,0.5397092,False
8255,test,0.4765538,False
8256,train,0.42893642,False
8257,train,0.585756,True
8258,train,0.39980108,False
8259,test,0.997206,False
8260,train,0.4167937,False
8261,train,0.0038938948,False
8262,train,0.53003734,True
8263,train,0.5312968,True
8264,train,0.0038593893,False
8265,test,0.9968243,False
8266,train,0.0035715841,False
8267,test,0.5103362,False
8268,train,0.29348108,False
8269,train,0.002969761,False
8270,train,0.55304486,True
8271,train,0.3289388,False
8272,test,0.4209002,False
8273,train,0.29987055,False
8274,train,0.51045835,True
8275,train,0.31896615,False
8276,test,0.56246275,False
8277,train,0.003095469,False
8278,train,0.39771232,False
8279,train,0.44933522,False
8280,test,0.43586737,False
8281,train,0.003988017,False
8282,train,0.004280542,False
8283,train,0.4895029,False
8284,train,0.48761597,False
8285,train,0.55828303,True
8286,train,0.4454973,False
8287,train,0.32821596,False
8288,train,0.47455895,False
8289,train,0.5163353,True
8290,train,0.39354035,False
8291,train,0.39047238,False
8292,train,0.43789524,False
8293,train,0.40943643,False
8294,train,0.3436454,False
8295,train,0.48848584,False
8296,train,0.0032446568,False
8297,train,0.51096123,True
8298,test,0.483029,False
8299,train,0.0030512188,False
8300,train,0.51361233,True
8301,train,0.24202815,False
8302,train,0.0032746168,False
8303,train,0.21569027,False
8304,train,0.0033432194,False
8305,train,0.42233294,False
8306,train,0.49076697,False
8307,train,0.003875209,False
8308,test,0.39743355,False
8309,test,0.3050568,False
8310,train,0.3407076,False
8311,test,0.99691206,False
8312,train,0.003729441,False
8313,train,0.48959258,False
8314,train,0.43426064,False
8315,train,0.42617968,False
8316,test,0.36215913,False
8317,train,0.46771404,False
8318,train,0.46301627,False
8319,train,0.43024942,False
8320,test,0.9978018,False
8321,test,0.5844266,False
8322,train,0.6194617,True
8323,train,0.3520825,False
8324,train,0.40277255,False
8325,train,0.57280296,True
8326,test,0.28827628,False
8327,train,0.5496453,True
8328,train,0.003968954,False
8329,train,0.3177431,False
8330,test,0.99720734,False
8331,test,0.3890654,False
8332,train,0.003379687,False
8333,train,0.36657572,False
8334,train,0.0035093124,False
8335,train,0.45670065,False
8336,train,0.5544207,True
8337,train,0.55263865,True
8338,train,0.42449644,False
8339,train,0.52134526,True
8340,train,0.45845678,False
8341,train,0.003436977,False
8342,train,0.40315542,False
8343,train,0.4280145,False
8344,train,0.54174316,True
8345,train,0.35856685,False
8346,train,0.47722334,False
8347,test,0.9970487,False
8348,test,0.3187762,False
8349,train,0.42224845,False
8350,train,0.49650463,False
8351,train,0.49835405,True
8352,train,0.37889728,False
8353,train,0.41220614,False
8354,test,0.45205614,False
8355,train,0.47286063,False
8356,train,0.5709189,True
8357,train,0.4287604,False
8358,train,0.3831867,False
8359,train,0.47465348,False
8360,train,0.54007274,True
8361,train,0.39266562,False
8362,train,0.5370225,True
8363,train,0.27226746,False
8364,train,0.46863857,False
8365,train,0.3567261,False
8366,train,0.003180975,False
8367,train,0.56225073,True
8368,test,0.54268473,False
8369,test,0.39932382,False
8370,train,0.52630115,True
8371,train,0.3620488,False
8372,train,0.46447486,False
8373,train,0.36809975,False
8374,train,0.52871114,True
8375,train,0.0028722608,False
8376,train,0.35327587,False
8377,test,0.56207216,False
8378,test,0.3967569,False
8379,test,0.4902087,False
8380,train,0.0037732173,False
8381,train,0.48465982,False
8382,train,0.4762836,False
8383,train,0.42375645,False
8384,test,0.9967633,False
8385,test,0.44578487,False
8386,test,0.5412298,False
8387,train,0.48278877,False
8388,train,0.38540524,False
8389,train,0.5482595,True
8390,train,0.0029819163,False
8391,train,0.57842934,True
8392,train,0.0038821339,False
8393,train,0.39943135,False
8394,train,0.002406118,False
8395,train,0.48788846,False
8396,train,0.0032792466,False
8397,train,0.31067812,False
8398,train,0.0032903769,False
8399,train,0.56630903,True
8400,train,0.560101,True
8401,train,0.43248585,False
8402,train,0.5965143,True
8403,train,0.36681232,False
8404,train,0.52202386,True
8405,test,0.39816746,False
8406,train,0.6427531,True
8407,train,0.42637143,False
8408,test,0.45008516,False
8409,train,0.0027999007,False
8410,train,0.48292413,False
8411,train,0.37450218,False
8412,train,0.51242155,True
8413,train,0.4690785,False
8414,train,0.45503312,False
8415,test,0.40132135,False
8416,train,0.43353844,False
8417,train,0.002930244,False
8418,test,0.9964926,False
8419,train,0.3167096,False
8420,train,0.003338441,False
8421,test,0.5910089,False
8422,train,0.35327545,False
8423,train,0.0029950002,False
8424,train,0.48020026,False
8425,train,0.0031483932,False
8426,test,0.99686533,False
8427,train,0.4172399,False
8428,test,0.41013646,False
8429,train,0.543749,True
8430,train,0.5069211,True
8431,train,0.0029770709,False
8432,train,0.004379713,False
8433,train,0.4428942,False
8434,train,0.5630701,True
8435,train,0.4460574,False
8436,train,0.48751488,False
8437,train,0.31199712,False
8438,train,0.5249723,True
8439,train,0.003187324,False
8440,test,0.99679804,False
8441,test,0.4007729,False
8442,test,0.4018967,False
8443,train,0.0035390533,False
8444,train,0.3071274,False
8445,train,0.33757225,False
8446,test,0.5827761,False
8447,train,0.0035081643,False
8448,train,0.0033440236,False
8449,test,0.9971565,False
8450,train,0.42133987,False
8451,train,0.4469416,False
8452,train,0.24067521,False
8453,train,0.48244876,False
8454,train,0.30178753,False
8455,train,0.4801166,False
8456,train,0.42416772,False
8457,train,0.3960623,False
8458,train,0.0029956326,False
8459,train,0.60886043,True
8460,test,0.5473122,False
8461,train,0.3924702,False
8462,train,0.48199594,False
8463,test,0.44577003,False
8464,train,0.30436307,False
8465,test,0.42079523,False
8466,test,0.9972688,False
8467,train,0.39946333,False
8468,train,0.44087088,False
8469,train,0.49171063,False
8470,train,0.37143585,False
8471,test,0.4858602,False
8472,test,0.9779872,False
8473,train,0.52991855,True
8474,train,0.3339164,False
8475,train,0.24149965,False
8476,test,0.49157524,False
8477,train,0.47448185,False
8478,train,0.47431198,False
8479,train,0.58550423,True
8480,train,0.0032708196,False
8481,train,0.0021182662,False
8482,test,0.5770965,False
8483,train,0.3598471,False
8484,train,0.39900386,False
8485,train,0.4597132,False
8486,train,0.53950053,True
8487,train,0.47142184,False
8488,train,0.0032980924,False
8489,train,0.47810453,False
8490,train,0.44415247,False
8491,test,0.9970749,False
8492,train,0.37346452,False
8493,train,0.0026875732,False
8494,test,0.382724,False
8495,test,0.9971845,False
8496,train,0.33640045,False
8497,test,0.48319927,False
8498,train,0.0035365955,False
8499,test,0.4151185,False
8500,test,0.43349025,False
8501,train,0.41985163,False
8502,train,0.5897983,True
8503,train,0.37395707,False
8504,train,0.40630376,False
8505,train,0.37309203,False
8506,test,0.4872824,False
8507,train,0.5486964,True
8508,train,0.37967494,False
8509,test,0.5394303,False
8510,test,0.54562193,False
8511,train,0.0031855132,False
8512,train,0.42908445,False
8513,test,0.5073169,False
8514,train,0.0039380994,False
8515,train,0.39936277,False
8516,train,0.3165616,False
8517,train,0.003029006,False
8518,train,0.36638582,False
8519,train,0.40630847,False
8520,train,0.0029823086,False
8521,test,0.5087397,False
8522,train,0.29538167,False
8523,train,0.4777164,False
8524,test,0.36276278,False
8525,train,0.37836704,False
8526,train,0.40561098,False
8527,test,0.37081662,False
8528,train,0.3402405,False
8529,train,0.4156111,False
8530,train,0.4930372,False
8531,train,0.47941995,False
8532,train,0.37427503,False
8533,train,0.42208135,False
8534,train,0.41875178,False
8535,test,0.43170124,False
8536,train,0.0043587354,False
8537,train,0.6569256,True
8538,train,0.48245668,False
8539,train,0.0034991384,False
8540,train,0.39136362,False
8541,train,0.5141412,True
8542,train,0.3112299,False
8543,train,0.51076746,True
8544,train,0.58586,True
8545,test,0.5696602,False
8546,train,0.51079696,True
8547,train,0.55017734,True
8548,train,0.23208857,False
8549,train,0.34266162,False
8550,test,0.35473633,False
8551,test,0.5090895,False
8552,train,0.39157736,False
8553,train,0.20585321,False
8554,test,0.49598423,False
8555,test,0.24760516,False
8556,train,0.47246686,False
8557,train,0.37821615,False
8558,train,0.5239758,True
8559,train,0.55881476,True
8560,train,0.5090107,True
8561,train,0.5621392,True
8562,train,0.48209745,False
8563,test,0.9975886,False
8564,train,0.44926718,False
8565,train,0.0028720407,False
8566,train,0.48079005,False
8567,train,0.51097345,True
8568,train,0.34751117,False
8569,train,0.38365233,False
8570,train,0.42031732,False
8571,train,0.49020258,False
8572,train,0.42360383,False
8573,train,0.52439386,True
8574,test,0.99710685,False
8575,train,0.4508072,False
8576,train,0.4201973,False
8577,test,0.45742008,False
8578,train,0.34716052,False
8579,train,0.4254865,False
8580,train,0.5150596,True
8581,train,0.40004492,False
8582,train,0.28513235,False
8583,test,0.48751694,False
8584,train,0.434585,False
8585,train,0.4634851,False
8586,train,0.48707044,False
8587,train,0.0048089777,False
8588,train,0.37689522,False
8589,train,0.4779947,False
8590,test,0.45610484,False
8591,train,0.0034787345,False
8592,train,0.30003947,False
8593,train,0.53574896,True
8594,train,0.45922056,False
8595,train,0.49660107,False
8596,train,0.00340787,False
8597,train,0.0028677369,False
8598,train,0.5282349,True
8599,test,0.42829528,False
8600,train,0.0030512926,False
8601,train,0.50424004,True
8602,train,0.5698837,True
8603,train,0.40008628,False
8604,train,0.4648315,False
8605,train,0.46218058,False
8606,train,0.38375762,False
8607,train,0.003536652,False
8608,train,0.544297,True
8609,train,0.4149567,False
8610,train,0.5018991,True
8611,train,0.22106165,False
8612,test,0.5063986,False
8613,train,0.003044276,False
8614,train,0.003000509,False
8615,train,0.0029372077,False
8616,train,0.40505287,False
8617,train,0.0030106378,False
8618,train,0.4179099,False
8619,train,0.0037912466,False
8620,test,0.5452431,False
8621,train,0.4453047,False
8622,train,0.26158762,False
8623,train,0.22046584,False
8624,train,0.38323882,False
8625,test,0.3936106,False
8626,train,0.36847636,False
8627,train,0.33902568,False
8628,train,0.28418088,False
8629,train,0.41855192,False
8630,train,0.47219932,False
8631,test,0.55419576,False
8632,train,0.24545467,False
8633,train,0.5267454,True
8634,train,0.4570419,False
8635,train,0.5031927,True
8636,train,0.45687425,False
8637,test,0.37892714,False
8638,train,0.29387933,False
8639,train,0.0032404999,False
8640,train,0.35360676,False
8641,train,0.42726234,False
8642,train,0.4968021,False
8643,train,0.53679425,True
8644,train,0.42653972,False
8645,train,0.0030552829,False
8646,train,0.003023002,False
8647,train,0.40421543,False
8648,train,0.34649497,False
8649,train,0.50533545,True
8650,train,0.43024594,False
8651,test,0.4172486,False
8652,train,0.004686492,False
8653,test,0.99705404,False
8654,train,0.0036506446,False
8655,train,0.57099485,True
8656,train,0.40008906,False
8657,train,0.58023274,True
8658,train,0.40584973,False
8659,train,0.40590185,False
8660,train,0.41468427,False
8661,train,0.38188875,False
8662,train,0.0041132206,False
8663,train,0.36806014,False
8664,train,0.52932525,True
8665,train,0.0033978475,False
8666,train,0.37417108,False
8667,train,0.48112237,False
8668,train,0.003098176,False
8669,train,0.5078933,True
8670,test,0.655487,False
8671,train,0.37345415,False
8672,train,0.5115702,True
8673,train,0.0031726097,False
8674,train,0.5017418,True
8675,train,0.0035929438,False
8676,train,0.35151273,False
8677,train,0.003454804,False
8678,train,0.35584003,False
8679,train,0.0028114032,False
8680,train,0.54155195,True
8681,test,0.4875236,False
8682,train,0.49520028,False
8683,train,0.48757005,False
8684,train,0.42019245,False
8685,test,0.9789198,False
8686,train,0.0035316506,False
8687,test,0.5258607,False
8688,train,0.6361809,True
8689,train,0.4866057,False
8690,test,0.59413594,False
8691,test,0.44024444,False
8692,train,0.34274343,False
8693,train,0.003278978,False
8694,test,0.4256011,False
8695,train,0.4032192,False
8696,train,0.46092787,False
8697,test,0.49825618,False
8698,test,0.99702126,False
8699,train,0.4761938,False
8700,train,0.4167378,False
8701,train,0.46830466,False
8702,train,0.003014781,False
8703,train,0.004038011,False
8704,train,0.43399543,False
8705,train,0.4305968,False
8706,test,0.52645874,False
8707,train,0.43209976,False
8708,train,0.0031611375,False
8709,train,0.25494966,False
8710,train,0.39273152,False
8711,train,0.43502325,False
8712,train,0.5346264,True
8713,train,0.43266252,False
8714,test,0.51186454,False
8715,train,0.004130746,False
8716,train,0.44195375,False
8717,train,0.0035372155,False
8718,train,0.0031658174,False
8719,train,0.46526188,False
8720,train,0.35833004,False
8721,train,0.44629338,False
8722,train,0.38714996,False
8723,test,0.99670964,False
8724,test,0.52555203,False
8725,train,0.0029534998,False
8726,train,0.5258743,True
8727,train,0.27148938,False
8728,train,0.4263426,False
8729,train,0.40662214,False
8730,train,0.45228407,False
8731,test,0.47755104,False
8732,train,0.003560719,False
8733,test,0.9967257,False
8734,train,0.5279507,True
8735,train,0.0029264838,False
8736,train,0.0034672807,False
8737,train,0.4828368,False
8738,train,0.003039065,False
8739,train,0.45735884,False
8740,train,0.0029062976,False
8741,train,0.4305687,False
8742,train,0.45939368,False
8743,train,0.38064477,False
8744,train,0.55452293,True
8745,train,0.45589256,False
8746,test,0.43225,False
8747,train,0.0028821412,False
8748,train,0.72328573,True
8749,train,0.36775315,False
8750,train,0.35639986,False
8751,train,0.5027374,True
8752,train,0.48929286,False
8753,train,0.3953037,False
8754,test,0.44406655,False
8755,train,0.35413226,False
8756,train,0.27922085,False
8757,train,0.5920652,True
8758,train,0.0024797886,False
8759,train,0.4830853,False
8760,train,0.37892246,False
8761,train,0.5221712,True
8762,train,0.48338917,False
8763,train,0.37020335,False
8764,train,0.44216147,False
8765,test,0.3642305,False
8766,train,0.51363903,True
8767,test,0.49182832,False
8768,test,0.49590442,False
8769,train,0.5665884,True
8770,test,0.41855913,False
8771,train,0.28009447,False
8772,train,0.0027881602,False
8773,train,0.50108147,True
8774,train,0.46124017,False
8775,test,0.47998717,False
8776,train,0.002798702,False
8777,train,0.4448042,False
8778,test,0.8608466,False
8779,train,0.42043048,False
8780,train,0.35659066,False
8781,train,0.50123245,True
8782,train,0.5520961,True
8783,train,0.45735335,False
8784,train,0.0031254012,False
8785,train,0.4619364,False
8786,train,0.52296424,True
8787,train,0.5846036,True
8788,train,0.5837005,True
8789,test,0.9972559,False
8790,train,0.5373392,True
8791,test,0.54602444,False
8792,train,0.402128,False
8793,train,0.6349142,True
8794,train,0.0036226616,False
8795,test,0.38225278,False
8796,train,0.3679536,False
8797,train,0.0036178413,False
8798,train,0.4647154,False
8799,test,0.45219553,False
8800,train,0.0032815987,False
8801,test,0.6504078,False
8802,train,0.39592493,False
8803,train,0.53992087,True
8804,train,0.4124947,False
8805,train,0.0025414862,False
8806,train,0.4586266,False
8807,test,0.42315736,False
8808,test,0.9964904,False
8809,test,0.32717642,False
8810,train,0.49733844,False
8811,train,0.0029625965,False
8812,train,0.4138313,False
8813,train,0.0034151734,False
8814,train,0.43749088,False
8815,train,0.5421621,True
8816,train,0.22489321,False
8817,train,0.002883056,False
8818,train,0.59589237,True
8819,train,0.4723243,False
8820,train,0.51725227,True
8821,train,0.4974045,False
8822,train,0.4334015,False
8823,train,0.0025804942,False
8824,test,0.49884465,False
8825,train,0.003595024,False
8826,test,0.99691314,False
8827,train,0.0035188317,False
8828,train,0.44501457,False
8829,train,0.48105502,False
8830,test,0.4880856,False
8831,train,0.5036774,True
8832,train,0.37126043,False
8833,train,0.46581838,False
8834,test,0.99701184,False
8835,train,0.48352045,False
8836,train,0.002814084,False
8837,train,0.4650108,False
8838,train,0.38183573,False
8839,test,0.9970036,False
8840,train,0.003701512,False
8841,train,0.35851052,False
8842,train,0.0036554383,False
8843,train,0.5230475,True
8844,train,0.0039268993,False
8845,test,0.49160457,False
8846,test,0.44136298,False
8847,train,0.0036779996,False
8848,train,0.0032786168,False
8849,train,0.40140894,False
8850,train,0.00273232,False
8851,train,0.4173126,False
8852,train,0.3897891,False
8853,train,0.4157882,False
8854,train,0.31692374,False
8855,train,0.0025455002,False
8856,train,0.35898218,False
8857,train,0.5149274,True
8858,train,0.0032922796,False
8859,test,0.8028391,False
8860,train,0.45176578,False
8861,train,0.21085963,False
8862,train,0.53319633,True
8863,train,0.0028223766,False
8864,train,0.0032982044,False
8865,test,0.41625535,False
8866,train,0.45546758,False
8867,train,0.0034565565,False
8868,train,0.51646394,True
8869,test,0.47825867,False
8870,train,0.0036471628,False
8871,test,0.36296353,False
8872,train,0.4816789,False
8873,train,0.3874784,False
8874,train,0.40523097,False
8875,train,0.3491132,False
8876,train,0.46882394,False
8877,train,0.55164695,True
8878,train,0.45056856,False
8879,train,0.38545486,False
8880,train,0.34549698,False
8881,train,0.00404549,False
8882,train,0.4961058,False
8883,test,0.28316796,False
8884,test,0.5343064,False
8885,train,0.4143115,False
8886,train,0.4672911,False
8887,train,0.37870243,False
8888,train,0.24099936,False
8889,train,0.34461668,False
8890,train,0.53512895,True
8891,train,0.0034029419,False
8892,train,0.4243827,False
8893,train,0.33534312,False
8894,train,0.34925926,False
8895,train,0.51344264,True
8896,train,0.4348014,False
8897,train,0.38008192,False
8898,train,0.3707373,False
8899,train,0.50915164,True
8900,train,0.48136345,False
8901,train,0.54654074,True
8902,train,0.4355786,False
8903,train,0.36743888,False
8904,test,0.97757417,False
8905,train,0.54957247,True
8906,test,0.29274586,False
8907,train,0.5056313,True
8908,train,0.42132923,False
8909,train,0.4764218,False
8910,train,0.003428864,False
8911,train,0.2962734,False
8912,test,0.40069067,False
8913,train,0.36318746,False
8914,test,0.9971915,False
8915,train,0.0033691148,False
8916,train,0.46557915,False
8917,train,0.0034568347,False
8918,train,0.5083764,True
8919,test,0.45838118,False
8920,train,0.35032147,False
8921,train,0.49033946,False
8922,train,0.43209878,False
8923,train,0.38628247,False
8924,train,0.3937229,False
8925,train,0.4649517,False
8926,test,0.9973906,False
8927,test,0.5019332,False
8928,train,0.0026433899,False
8929,train,0.0027667438,False
8930,test,0.57170725,False
8931,train,0.44315943,False
8932,train,0.4447847,False
8933,train,0.5137701,True
8934,train,0.4488078,False
8935,train,0.5431687,True
8936,test,0.5694999,False
8937,test,0.49785876,False
8938,train,0.5204093,True
8939,train,0.3323566,False
8940,train,0.32447004,False
8941,train,0.36831948,False
8942,train,0.49116516,False
8943,train,0.41323578,False
8944,train,0.003320858,False
8945,test,0.46097076,False
8946,train,0.45648062,False
8947,train,0.355398,False
8948,test,0.99701583,False
8949,train,0.46135083,False
8950,test,0.29770938,False
8951,train,0.41097295,False
8952,train,0.0034115966,False
8953,train,0.42874715,False
8954,train,0.4550796,False
8955,train,0.4399737,False
8956,test,0.9966287,False
8957,train,0.43712947,False
8958,train,0.46800095,False
8959,train,0.0035547225,False
8960,train,0.49340743,False
8961,train,0.48021838,False
8962,train,0.0027370655,False
8963,train,0.42131457,False
8964,train,0.229992,False
8965,train,0.39708942,False
8966,train,0.47674006,False
8967,test,0.441401,False
8968,train,0.5030274,True
8969,test,0.44686902,False
8970,train,0.004369236,False
8971,train,0.39854047,False
8972,test,0.34316218,False
8973,train,0.5020267,True
8974,train,0.002635801,False
8975,train,0.4071654,False
8976,train,0.4186279,False
8977,train,0.24768257,False
8978,train,0.35773677,False
8979,test,0.51717526,False
8980,train,0.3195882,False
8981,train,0.51285464,True
8982,train,0.40364563,False
8983,train,0.46428934,False
8984,train,0.48876283,False
8985,train,0.4756216,False
8986,test,0.48345315,False
8987,train,0.53797245,True
8988,test,0.39182094,False
8989,train,0.0036619203,False
8990,train,0.49308217,False
8991,train,0.003184168,False
8992,test,0.5193721,False
8993,train,0.45593157,False
8994,train,0.0032847002,False
8995,train,0.58650076,True
8996,train,0.38421026,False
8997,train,0.45119673,False
8998,train,0.29043424,False
8999,train,0.0040386682,False
9000,test,0.46766245,False
9001,train,0.0039538243,False
9002,test,0.59593236,False
9003,train,0.49895194,True
9004,train,0.51350594,True
9005,train,0.3975256,False
9006,test,0.99680716,False
9007,train,0.0026837965,False
9008,train,0.0034966278,False
9009,train,0.51143783,True
9010,train,0.0027086576,False
9011,train,0.0038193366,False
9012,train,0.0026484986,False
9013,test,0.53837216,False
9014,train,0.37930593,False
9015,train,0.44657788,False
9016,train,0.0034765757,False
9017,train,0.41408065,False
9018,train,0.38181123,False
9019,test,0.9967271,False
9020,test,0.45065024,False
9021,train,0.5672553,True
9022,test,0.9974118,False
9023,test,0.37808383,False
9024,train,0.50552666,True
9025,test,0.2784728,False
9026,train,0.534472,True
9027,train,0.5572267,True
9028,train,0.003464554,False
9029,train,0.42971018,False
9030,train,0.3197819,False
9031,train,0.47964552,False
9032,train,0.0031997766,False
9033,test,0.43934047,False
9034,train,0.5882348,True
9035,train,0.0034337519,False
9036,test,0.38298047,False
9037,train,0.48276296,False
9038,train,0.0031147562,False
9039,test,0.47044167,False
9040,train,0.0022289134,False
9041,train,0.33836287,False
9042,train,0.43960184,False
9043,train,0.40692523,False
9044,train,0.47375965,False
9045,train,0.4300274,False
9046,train,0.573152,True
9047,train,0.41893098,False
9048,train,0.37605625,False
9049,train,0.40801567,False
9050,train,0.52340114,True
9051,train,0.2685123,False
9052,train,0.29457125,False
9053,train,0.0027898704,False
9054,train,0.47418323,False
9055,train,0.45049042,False
9056,train,0.3975695,False
9057,train,0.4448827,False
9058,test,0.45939335,False
9059,train,0.0030941297,False
9060,train,0.40189108,False
9061,train,0.4707976,False
9062,train,0.5391366,True
9063,train,0.5294093,True
9064,train,0.0040614647,False
9065,train,0.5072694,True
9066,train,0.48966026,False
9067,train,0.4531066,False
9068,test,0.53417844,False
9069,test,0.5856826,False
9070,train,0.41895118,False
9071,train,0.0031706428,False
9072,test,0.40483883,False
9073,test,0.46192306,False
9074,train,0.39196122,False
9075,train,0.4623157,False
9076,test,0.55854654,False
9077,train,0.46638262,False
9078,test,0.84695834,False
9079,test,0.47802383,False
9080,train,0.4922962,False
9081,train,0.42317855,False
9082,train,0.32709152,False
9083,train,0.0029286714,False
9084,train,0.44411805,False
9085,train,0.0030654082,False
9086,train,0.29764205,False
9087,train,0.0028019915,False
9088,train,0.0030155473,False
9089,train,0.350391,False
9090,train,0.374313,False
9091,train,0.5379246,True
9092,train,0.52190876,True
9093,train,0.5157812,True
9094,train,0.3206104,False
9095,train,0.55849195,True
9096,train,0.33404168,False
9097,train,0.47459787,False
9098,train,0.63581866,True
9099,train,0.0028312644,False
9100,train,0.35586652,False
9101,train,0.3393134,False
9102,test,0.47070676,False
9103,train,0.0025455786,False
9104,train,0.41716906,False
9105,test,0.99672836,False
9106,train,0.0029284765,False
9107,train,0.49961796,True
9108,train,0.5518968,True
9109,train,0.598214,True
9110,train,0.23999944,False
9111,test,0.4014164,False
9112,test,0.39404997,False
9113,train,0.0034896585,False
9114,train,0.5850126,True
9115,test,0.44245386,False
9116,test,0.5553479,False
9117,train,0.5566037,True
9118,train,0.40361205,False
9119,train,0.0028961229,False
9120,train,0.003838006,False
9121,train,0.44238034,False
9122,train,0.0035598506,False
9123,train,0.0032102782,False
9124,train,0.003231148,False
9125,train,0.0034482698,False
9126,train,0.0034529315,False
9127,train,0.0025126464,False
9128,train,0.0033147996,False
9129,test,0.84122014,False
9130,train,0.5090455,True
9131,test,0.47852245,False
9132,train,0.0033037895,False
9133,train,0.004088251,False
9134,train,0.0039320597,False
9135,test,0.41773465,False
9136,train,0.0038520277,False
9137,train,0.29777485,False
9138,test,0.49054888,False
9139,test,0.996879,False
9140,train,0.0032196885,False
9141,train,0.0031765364,False
9142,train,0.3851007,False
9143,train,0.4480375,False
9144,train,0.0034091664,False
9145,train,0.5133953,True
9146,train,0.57319796,True
9147,train,0.47132495,False
9148,train,0.002875064,False
9149,test,0.9964185,False
9150,train,0.4609239,False
9151,test,0.29563096,False
9152,train,0.494202,False
9153,train,0.46856904,False
9154,train,0.4958249,False
9155,train,0.5940326,True
9156,train,0.0039723115,False
9157,test,0.99593765,False
9158,train,0.003738689,False
9159,train,0.0033357493,False
9160,test,0.9967414,False
9161,train,0.412046,False
9162,test,0.44423375,False
9163,train,0.40115717,False
9164,train,0.36427188,False
9165,train,0.0036698896,False
9166,train,0.48573792,False
9167,train,0.46080798,False
9168,train,0.44467604,False
9169,train,0.43977392,False
9170,train,0.37117326,False
9171,train,0.0031981887,False
9172,train,0.0031388588,False
9173,test,0.5007146,False
9174,train,0.52473277,True
9175,train,0.40903974,False
9176,train,0.5067894,True
9177,test,0.4102561,False
9178,train,0.41401294,False
9179,test,0.8201542,False
9180,train,0.47952682,False
9181,train,0.31345403,False
9182,train,0.4613133,False
9183,test,0.54646456,False
9184,train,0.49426502,False
9185,test,0.4554667,False
9186,test,0.9970214,False
9187,test,0.468256,False
9188,train,0.3737958,False
9189,train,0.48518667,False
9190,train,0.4671175,False
9191,train,0.51053935,True
9192,train,0.50479066,True
9193,train,0.41547415,False
9194,train,0.44514763,False
9195,train,0.4018577,False
9196,train,0.41830698,False
9197,train,0.38588622,False
9198,test,0.9752122,False
9199,train,0.4463752,False
9200,train,0.37126875,False
9201,train,0.36540636,False
9202,train,0.521056,True
9203,train,0.4542789,False
9204,test,0.41326836,False
9205,train,0.34447685,False
9206,train,0.36726534,False
9207,train,0.4589072,False
9208,train,0.4131264,False
9209,train,0.2798328,False
9210,train,0.3867396,False
9211,test,0.52000433,False
9212,train,0.46323943,False
9213,test,0.4275907,False
9214,train,0.43135262,False
9215,train,0.5707757,True
9216,train,0.39977506,False
9217,train,0.0037025288,False
9218,test,0.37861407,False
9219,train,0.0033928233,False
9220,test,0.9970461,False
9221,test,0.77849865,False
9222,train,0.5489578,True
9223,test,0.57336,False
9224,train,0.40940034,False
9225,train,0.54533833,True
9226,train,0.5092631,True
9227,train,0.5494685,True
9228,train,0.0039131427,False
9229,train,0.36591354,False
9230,test,0.48021248,False
9231,train,0.57256365,True
9232,train,0.46001798,False
9233,train,0.4935509,False
9234,train,0.51641625,True
9235,train,0.41059035,False
9236,train,0.47533417,False
9237,train,0.48409823,False
9238,test,0.43568772,False
9239,train,0.003877339,False
9240,train,0.48361892,False
9241,train,0.003812441,False
9242,train,0.50256336,True
9243,train,0.3441533,False
9244,train,0.004413215,False
9245,train,0.003784137,False
9246,train,0.46587315,False
9247,train,0.0033692212,False
9248,train,0.5026331,True
9249,train,0.40368354,False
9250,train,0.0035452028,False
9251,train,0.3836612,False
9252,train,0.0037612924,False
9253,train,0.3415229,False
9254,train,0.5339453,True
9255,test,0.9961639,False
9256,train,0.31334454,False
9257,train,0.46201438,False
9258,train,0.0034680334,False
9259,test,0.48571414,False
9260,train,0.0031449448,False
9261,train,0.40303564,False
9262,train,0.6043957,True
9263,train,0.33696175,False
9264,train,0.49235275,False
9265,train,0.0028774156,False
9266,test,0.9974367,False
9267,train,0.3629668,False
9268,train,0.003405937,False
9269,train,0.4730466,False
9270,train,0.29261515,False
9271,train,0.47772118,False
9272,train,0.4939376,False
9273,train,0.4879603,False
9274,train,0.2698126,False
9275,train,0.003600737,False
9276,train,0.27478033,False
9277,train,0.5759406,True
9278,test,0.31363454,False
9279,train,0.38790345,False
9280,train,0.31042632,False
9281,train,0.57000643,True
9282,train,0.26447827,False
9283,train,0.0035580134,False
9284,train,0.4331613,False
9285,train,0.003317139,False
9286,train,0.00319379,False
9287,train,0.41969326,False
9288,test,0.29074433,False
9289,train,0.50695753,True
9290,train,0.3743953,False
9291,train,0.4930462,False
9292,train,0.56214744,True
9293,train,0.47792026,False
9294,train,0.38178438,False
9295,test,0.53169614,False
9296,test,0.32250553,False
9297,train,0.2802962,False
9298,test,0.51065373,False
9299,train,0.4623307,False
9300,train,0.4936996,False
9301,train,0.57006365,True
9302,train,0.3423221,False
9303,train,0.39882872,False
9304,train,0.00286339,False
9305,test,0.996462,False
9306,train,0.38510042,False
9307,train,0.41956994,False
9308,train,0.4412916,False
9309,train,0.4124832,False
9310,train,0.5274737,True
9311,test,0.41203207,False
9312,test,0.9970169,False
9313,train,0.0030896754,False
9314,train,0.44584936,False
9315,train,0.4970695,False
9316,train,0.56662184,True
9317,train,0.44325286,False
9318,train,0.3461981,False
9319,train,0.0023519641,False
9320,train,0.40351942,False
9321,train,0.48826167,False
9322,train,0.46463892,False
9323,train,0.0029602128,False
9324,train,0.31128767,False
9325,test,0.99737066,False
9326,train,0.6499378,True
9327,train,0.48490474,False
9328,train,0.002817334,False
9329,train,0.5226382,True
9330,test,0.5394201,False
9331,train,0.5095448,True
9332,train,0.39984038,False
9333,train,0.34293056,False
9334,train,0.32867545,False
9335,train,0.37090474,False
9336,train,0.0028646083,False
9337,train,0.0033810886,False
9338,train,0.38904467,False
9339,train,0.4311609,False
9340,train,0.42764977,False
9341,test,0.5967,False
9342,train,0.002976448,False
9343,test,0.46822897,False
9344,train,0.5376076,True
9345,train,0.003943737,False
9346,train,0.40700722,False
9347,train,0.40474486,False
9348,test,0.46217588,False
9349,train,0.0033653062,False
9350,train,0.49595502,False
9351,train,0.5001941,True
9352,train,0.41142002,False
9353,train,0.3601739,False
9354,test,0.4266787,False
9355,test,0.59899825,False
9356,train,0.4504834,False
9357,train,0.41899768,False
9358,train,0.42820057,False
9359,train,0.5111291,True
9360,train,0.4510074,False
9361,train,0.489455,False
9362,train,0.30591822,False
9363,train,0.0033455463,False
9364,train,0.4858376,False
9365,test,0.99691385,False
9366,test,0.9975921,False
9367,train,0.5404371,True
9368,train,0.4954,False
9369,train,0.0033926365,False
9370,train,0.004426153,False
9371,train,0.38294554,False
9372,train,0.3506227,False
9373,train,0.5146337,True
9374,train,0.5447309,True
9375,train,0.3571901,False
9376,train,0.37598374,False
9377,train,0.30130473,False
9378,train,0.46265256,False
9379,test,0.45897448,False
9380,train,0.46993133,False
9381,train,0.49950606,True
9382,test,0.9970535,False
9383,test,0.99748385,False
9384,test,0.99727035,False
9385,train,0.10365682,False
9386,train,0.49977443,True
9387,train,0.004367233,False
9388,train,0.45176786,False
9389,train,0.0028962728,False
9390,test,0.9968349,False
9391,test,0.99675715,False
9392,test,0.4963254,False
9393,train,0.0030618822,False
9394,train,0.0027656981,False
9395,train,0.5349704,True
9396,train,0.0039620926,False
9397,train,0.3477753,False
9398,train,0.4427102,False
9399,test,0.3869842,False
9400,train,0.0030046224,False
9401,train,0.0037831056,False
9402,train,0.24955174,False
9403,train,0.0034236189,False
9404,train,0.0030643414,False
9405,train,0.6247966,True
9406,train,0.55811596,True
9407,train,0.30506003,False
9408,train,0.387935,False
9409,train,0.39048362,False
9410,train,0.4405497,False
9411,train,0.003348131,False
9412,train,0.0023298387,False
9413,train,0.4222971,False
9414,train,0.0030123834,False
9415,train,0.0030378692,False
9416,train,0.31220332,False
9417,train,0.45881703,False
9418,train,0.0029280733,False
9419,test,0.9970236,False
9420,train,0.39530933,False
9421,train,0.0034962979,False
9422,train,0.5202108,True
9423,train,0.539648,True
9424,train,0.27401114,False
9425,train,0.0031393894,False
9426,train,0.0032889496,False
9427,test,0.519033,False
9428,train,0.60363734,True
9429,train,0.51058906,True
9430,test,0.36415133,False
9431,train,0.44982255,False
9432,train,0.0036074866,False
9433,train,0.0034487015,False
9434,test,0.9967873,False
9435,train,0.5330196,True
9436,test,0.9972577,False
9437,train,0.4286912,False
9438,test,0.35972318,False
9439,train,0.43195134,False
9440,train,0.42037103,False
9441,test,0.9972829,False
9442,train,0.0030221052,False
9443,train,0.44009638,False
9444,train,0.39910156,False
9445,train,0.5043558,True
9446,train,0.49041724,False
9447,test,0.44069454,False
9448,train,0.0032693755,False
9449,test,0.44827372,False
9450,train,0.42632324,False
9451,train,0.4350832,False
9452,train,0.0046941414,False
9453,train,0.5135925,True
9454,test,0.4062605,False
9455,train,0.42336953,False
9456,test,0.99700105,False
9457,train,0.5101079,True
9458,train,0.37895745,False
9459,train,0.4652515,False
9460,test,0.9960404,False
9461,train,0.5122532,True
9462,train,0.0029348452,False
9463,train,0.50643444,True
9464,train,0.39149788,False
9465,train,0.62692076,True
9466,train,0.50118536,True
9467,train,0.46556094,False
9468,train,0.0034915332,False
9469,train,0.54371625,True
9470,train,0.45897835,False
9471,train,0.32603404,False
9472,train,0.45636663,False
9473,train,0.4845038,False
9474,train,0.003915639,False
9475,test,0.38195208,False
9476,test,0.39604715,False
9477,train,0.42523727,False
9478,train,0.44557434,False
9479,train,0.57997006,True
9480,train,0.44529805,False
9481,test,0.42871484,False
9482,train,0.505652,True
9483,train,0.003071176,False
9484,train,0.39611477,False
9485,train,0.36901817,False
9486,test,0.99726033,False
9487,train,0.0033689393,False
9488,train,0.0033776218,False
9489,train,0.39934987,False
9490,train,0.40357062,False
9491,train,0.003267826,False
9492,train,0.46208748,False
9493,train,0.47398868,False
9494,train,0.40324742,False
9495,train,0.34887344,False
9496,test,0.5079222,False
9497,train,0.56288195,True
9498,train,0.54697037,True
9499,train,0.5142715,True
9500,train,0.553162,True
9501,train,0.39358404,False
9502,train,0.48197192,False
9503,test,0.20989732,False
9504,train,0.47200933,False
9505,test,0.38128674,False
9506,train,0.0029237159,False
9507,train,0.4602788,False
9508,train,0.0038559388,False
9509,train,0.51251054,True
9510,train,0.41495284,False
9511,train,0.0040643816,False
9512,test,0.47537994,False
9513,train,0.004130885,False
9514,test,0.9966742,False
9515,train,0.0028871445,False
9516,train,0.38358292,False
9517,train,0.0038447583,False
9518,test,0.40105775,False
9519,test,0.49790186,False
9520,train,0.4757859,False
9521,train,0.4995425,True
9522,train,0.5359201,True
9523,train,0.51659966,True
9524,train,0.31031182,False
9525,train,0.35715005,False
9526,train,0.4289818,False
9527,train,0.5106437,True
9528,train,0.47938067,False
9529,test,0.48689854,False
9530,train,0.30797637,False
9531,train,0.32333028,False
9532,train,0.24755654,False
9533,test,0.53080726,False
9534,train,0.37396654,False
9535,train,0.38752276,False
9536,train,0.0033032005,False
9537,train,0.29634425,False
9538,train,0.5807553,True
9539,train,0.42123306,False
9540,train,0.48068148,False
9541,train,0.0037952142,False
9542,train,0.0043145306,False
9543,test,0.41480333,False
9544,train,0.49892303,True
9545,test,0.3386555,False
9546,train,0.0035398756,False
9547,train,0.44871864,False
9548,train,0.37667698,False
9549,test,0.30914614,False
9550,train,0.27437192,False
9551,train,0.002671295,False
9552,train,0.5935854,True
9553,test,0.51996446,False
9554,train,0.50695604,True
9555,train,0.4589615,False
9556,train,0.45470822,False
9557,train,0.42024365,False
9558,train,0.003346478,False
9559,train,0.0030138113,False
9560,test,0.5264133,False
9561,test,0.43694004,False
9562,train,0.2664352,False
9563,train,0.4996166,True
9564,train,0.3745163,False
9565,train,0.4944996,False
9566,train,0.0027781446,False
9567,test,0.40387294,False
9568,test,0.85158896,False
9569,train,0.0036827761,False
9570,train,0.5531175,True
9571,train,0.4731872,False
9572,train,0.4843776,False
9573,test,0.425476,False
9574,train,0.45456114,False
9575,train,0.44334608,False
9576,train,0.42185816,False
9577,train,0.3732584,False
9578,train,0.52372175,True
9579,train,0.39181012,False
9580,train,0.3951333,False
9581,train,0.2942133,False
9582,test,0.4842963,False
9583,train,0.38273993,False
9584,train,0.40871292,False
9585,test,0.3782554,False
9586,train,0.5277236,True
9587,train,0.46939325,False
9588,train,0.43099982,False
9589,train,0.3472848,False
9590,train,0.4923743,False
9591,train,0.51296103,True
9592,train,0.003370229,False
9593,train,0.0032018768,False
9594,train,0.47773054,False
9595,train,0.46339107,False
9596,train,0.0031015486,False
9597,train,0.0034674653,False
9598,train,0.0036041203,False
9599,train,0.48807403,False
9600,test,0.4475877,False
9601,test,0.4476576,False
9602,train,0.4220941,False
9603,train,0.33955956,False
9604,test,0.4723832,False
9605,train,0.0028830315,False
9606,test,0.9977447,False
9607,train,0.40642938,False
9608,train,0.455321,False
9609,train,0.43773398,False
9610,train,0.00334979,False
9611,train,0.62437385,True
9612,test,0.41243693,False
9613,test,0.9974368,False
9614,train,0.37854552,False
9615,train,0.43021792,False
9616,train,0.0034408895,False
9617,test,0.4802396,False
9618,train,0.37839535,False
9619,train,0.0030555457,False
9620,train,0.46967417,False
9621,train,0.0030253932,False
9622,test,0.9964541,False
9623,train,0.0030049803,False
9624,test,0.5998211,False
9625,test,0.511888,False
9626,train,0.38729233,False
9627,train,0.3651854,False
9628,test,0.332236,False
9629,train,0.41800123,False
9630,train,0.003763509,False
9631,train,0.2252352,False
9632,train,0.38925338,False
9633,test,0.4106789,False
9634,train,0.33072004,False
9635,train,0.4348949,False
9636,train,0.6517737,True
9637,train,0.50901634,True
9638,train,0.42368904,False
9639,test,0.99665856,False
9640,test,0.47464824,False
9641,train,0.41124693,False
9642,train,0.003155747,False
9643,train,0.3312263,False
9644,train,0.004104261,False
9645,train,0.5156575,True
9646,train,0.41362906,False
9647,train,0.4165259,False
9648,train,0.0037869657,False
9649,train,0.48674005,False
9650,train,0.4454321,False
9651,train,0.37205675,False
9652,train,0.41289952,False
9653,train,0.5311246,True
9654,train,0.32117662,False
9655,train,0.36289403,False
9656,train,0.4432161,False
9657,test,0.40335658,False
9658,train,0.0030743373,False
9659,train,0.48782897,False
9660,train,0.34730515,False
9661,train,0.45895195,False
9662,test,0.9975162,False
9663,test,0.9967248,False
9664,test,0.37506557,False
9665,train,0.3120198,False
9666,train,0.47812742,False
9667,train,0.49945936,True
9668,train,0.40855628,False
9669,test,0.40111512,False
9670,train,0.4158827,False
9671,train,0.41699407,False
9672,test,0.51155555,False
9673,train,0.60119087,True
9674,train,0.0030671794,False
9675,test,0.4705631,False
9676,train,0.0033018636,False
9677,train,0.48423648,False
9678,train,0.46364903,False
9679,train,0.0037891886,False
9680,train,0.61775184,True
9681,test,0.4105897,False
9682,train,0.64867795,True
9683,train,0.42555285,False
9684,train,0.34524533,False
9685,train,0.43348992,False
9686,train,0.29648763,False
9687,train,0.48180923,False
9688,train,0.49805048,False
9689,train,0.3535698,False
9690,train,0.47034216,False
9691,train,0.45095497,False
9692,test,0.48647764,False
9693,train,0.0037973998,False
9694,train,0.5659755,True
9695,train,0.36336714,False
9696,train,0.45248517,False
9697,train,0.004095678,False
9698,train,0.35889566,False
9699,test,0.9972132,False
9700,test,0.39946255,False
9701,train,0.0030768632,False
9702,train,0.003384266,False
9703,train,0.4239905,False
9704,train,0.5604706,True
9705,train,0.5288412,True
9706,train,0.2491923,False
9707,train,0.45996624,False
9708,train,0.41798612,False
9709,train,0.47386643,False
9710,train,0.4361187,False
9711,train,0.460079,False
9712,train,0.0032469395,False
9713,train,0.49320742,False
9714,train,0.4504977,False
9715,train,0.0036175887,False
9716,train,0.45784798,False
9717,train,0.0041860566,False
9718,train,0.46631292,False
9719,test,0.9972491,False
9720,train,0.549252,True
9721,train,0.4662846,False
9722,train,0.0029157018,False
9723,test,0.17751068,False
9724,test,0.517078,False
9725,test,0.2839344,False
9726,test,0.9965273,False
9727,train,0.5122549,True
9728,train,0.43463165,False
9729,train,0.43868592,False
9730,train,0.5410694,True
9731,train,0.34379497,False
9732,train,0.47197062,False
9733,train,0.002259962,False
9734,test,0.5350371,False
9735,train,0.45409068,False
9736,train,0.5688659,True
9737,test,0.9968423,False
9738,test,0.30756205,False
9739,train,0.33413827,False
9740,train,0.4914994,False
9741,test,0.44883874,False
9742,test,0.5026759,False
9743,test,0.45782778,False
9744,train,0.5738569,True
9745,train,0.52619886,True
9746,train,0.34456372,False
9747,test,0.99682826,False
9748,train,0.0032178492,False
9749,train,0.0036907087,False
9750,train,0.4974463,False
9751,train,0.28037417,False
9752,train,0.25925246,False
9753,test,0.3400155,False
9754,train,0.43076086,False
9755,test,0.99714243,False
9756,train,0.6077008,True
9757,test,0.49647528,False
9758,test,0.9970432,False
9759,test,0.49892917,False
9760,train,0.0040440024,False
9761,train,0.40384105,False
9762,test,0.9968533,False
9763,train,0.4898533,False
9764,train,0.30750287,False
9765,test,0.997715,False
9766,train,0.0037705817,False
9767,train,0.3570755,False
9768,train,0.0028922583,False
9769,train,0.53736806,True
9770,train,0.54977167,True
9771,train,0.35192415,False
9772,train,0.49045244,False
9773,train,0.41116682,False
9774,train,0.3766545,False
9775,train,0.27213353,False
9776,test,0.51194394,False
9777,train,0.46950695,False
9778,train,0.5415252,True
9779,train,0.4790224,False
9780,train,0.54373133,True
9781,train,0.46339402,False
9782,train,0.3753885,False
9783,test,0.3922858,False
9784,test,0.42242458,False
9785,train,0.0034016445,False
9786,train,0.0034058252,False
9787,train,0.3268443,False
9788,train,0.0034668276,False
9789,test,0.55886644,False
9790,train,0.43158305,False
9791,train,0.46717545,False
9792,train,0.3834336,False
9793,train,0.27506375,False
9794,train,0.36804333,False
9795,train,0.28838122,False
9796,train,0.47259927,False
9797,test,0.52461696,False
9798,train,0.0040955637,False
9799,train,0.56161606,True
9800,train,0.0028960446,False
9801,train,0.45855588,False
9802,train,0.30335543,False
9803,train,0.45146906,False
9804,test,0.5290593,False
9805,train,0.00310626,False
9806,train,0.29004586,False
9807,test,0.40286025,False
9808,train,0.48440605,False
9809,test,0.35643977,False
9810,test,0.49702755,False
9811,train,0.4086131,False
9812,train,0.35100707,False
9813,train,0.6918605,True
9814,train,0.41540974,False
9815,train,0.30688414,False
9816,train,0.36999303,False
9817,test,0.55071265,False
9818,train,0.0025216432,False
9819,train,0.45948598,False
9820,test,0.5080337,False
9821,train,0.42072323,False
9822,train,0.44638032,False
9823,test,0.99747217,False
9824,train,0.47073647,False
9825,train,0.315484,False
9826,train,0.003643922,False
9827,test,0.2579178,False
9828,train,0.0031914935,False
9829,train,0.46385777,False
9830,train,0.5069433,True
9831,train,0.3888632,False
9832,train,0.44402307,False
9833,train,0.0031968642,False
9834,train,0.34030706,False
9835,train,0.30024067,False
9836,train,0.0034147657,False
9837,train,0.52914566,True
9838,train,0.48676082,False
9839,train,0.5089159,True
9840,train,0.43545815,False
9841,test,0.40623608,False
9842,test,0.426476,False
9843,train,0.44488126,False
9844,train,0.4681263,False
9845,test,0.4798777,False
9846,train,0.47743914,False
9847,train,0.38423032,False
9848,train,0.49535787,False
9849,train,0.5123554,True
9850,train,0.0025580921,False
9851,test,0.50056803,False
9852,train,0.31858653,False
9853,train,0.4879073,False
9854,train,0.49081272,False
9855,train,0.0032954058,False
9856,train,0.21722522,False
9857,train,0.5404461,True
9858,train,0.46002296,False
9859,train,0.003495969,False
9860,train,0.33217663,False
9861,train,0.40314692,False
9862,train,0.5490071,True
9863,train,0.0030947158,False
9864,train,0.55769384,True
9865,train,0.0030473503,False
9866,train,0.33698842,False
9867,train,0.38531807,False
9868,train,0.0034495066,False
9869,train,0.48152205,False
9870,train,0.0037597688,False
9871,test,0.51456034,False
9872,train,0.21073803,False
9873,train,0.4986106,True
9874,train,0.55202323,True
9875,train,0.45023906,False
9876,train,0.41447264,False
9877,train,0.54004943,True
9878,train,0.44646215,False
9879,train,0.47830576,False
9880,train,0.41329017,False
9881,train,0.41102853,False
9882,train,0.45755237,False
9883,train,0.3148894,False
9884,train,0.3325696,False
9885,test,0.51073176,False
9886,train,0.43179,False
9887,train,0.5755711,True
9888,train,0.3081005,False
9889,train,0.0035825744,False
9890,train,0.0023331854,False
9891,train,0.0031799746,False
9892,train,0.31140178,False
9893,train,0.31392744,False
9894,test,0.4696142,False
9895,test,0.43231544,False
9896,train,0.0045434623,False
9897,train,0.0033617674,False
9898,train,0.43073922,False
9899,test,0.468625,False
9900,train,0.21860152,False
9901,train,0.43059406,False
9902,test,0.5526881,False
9903,test,0.48500374,False
9904,train,0.35566643,False
9905,test,0.4481929,False
9906,train,0.4650377,False
9907,train,0.33341524,False
9908,train,0.42923453,False
9909,train,0.49090785,False
9910,train,0.0036427078,False
9911,test,0.38414243,False
9912,train,0.6649916,True
9913,train,0.44922155,False
9914,train,0.46256113,False
9915,train,0.55145484,True
9916,train,0.0030799464,False
9917,train,0.4735128,False
9918,test,0.2971261,False
9919,test,0.2556504,False
9920,train,0.003791462,False
9921,test,0.41038075,False
9922,train,0.5542538,True
9923,train,0.42659906,False
9924,test,0.41371775,False
9925,train,0.4196156,False
9926,train,0.59047705,True
9927,train,0.5015718,True
9928,train,0.0035180093,False
9929,train,0.41443378,False
9930,test,0.36128765,False
9931,test,0.9976214,False
9932,train,0.0035576625,False
9933,test,0.4573031,False
9934,train,0.43094108,False
9935,test,0.53412575,False
9936,test,0.4307976,False
9937,train,0.50091684,True
9938,train,0.40524754,False
9939,train,0.4641212,False
9940,train,0.45679453,False
9941,train,0.0031498494,False
9942,test,0.3685995,False
9943,train,0.002915052,False
9944,test,0.48200673,False
9945,test,0.42999208,False
9946,train,0.0042052264,False
9947,train,0.5122453,True
9948,train,0.35162288,False
9949,train,0.0037875476,False
9950,train,0.4452568,False
9951,train,0.0033959427,False
9952,train,0.5657174,True
9953,train,0.0027506202,False
9954,train,0.0035616895,False
9955,test,0.36387986,False
9956,train,0.002919461,False
9957,test,0.35964862,False
9958,train,0.5952339,True
9959,train,0.40670648,False
9960,train,0.50866705,True
9961,train,0.49094784,False
9962,train,0.5003959,True
9963,train,0.0035129304,False
9964,train,0.0037783107,False
9965,train,0.54330987,True
9966,train,0.0034909404,False
9967,train,0.44519493,False
9968,train,0.44842505,False
9969,train,0.39289194,False
9970,train,0.40554205,False
9971,train,0.0031583265,False
9972,train,0.5214652,True
9973,test,0.42466787,False
9974,train,0.0030051803,False
9975,train,0.48544806,False
9976,train,0.0031863414,False
9977,train,0.42215925,False
9978,train,0.47391775,False
9979,test,0.44770947,False
9980,train,0.49417788,False
9981,train,0.003350826,False
9982,train,0.5847084,True
9983,train,0.003932265,False
9984,train,0.38335082,False
9985,train,0.39816734,False
9986,train,0.355393,False
9987,test,0.40225816,False
9988,train,0.5098855,True
9989,train,0.40740812,False
9990,train,0.3999906,False
9991,test,0.52674013,False
9992,test,0.9960097,False
9993,train,0.43639657,False
9994,train,0.55673414,True
9995,train,0.40946546,False
9996,train,0.44440198,False
9997,train,0.40725335,False
9998,test,0.37991902,False
9999,train,0.41946453,False
10000,train,0.42086533,False
10001,train,0.3263269,False
10002,train,0.35491326,False
10003,train,0.44464734,False
10004,train,0.5229503,True
10005,train,0.0036348773,False
10006,train,0.4447968,False
10007,test,0.9978351,False
10008,test,0.99688774,False
10009,test,0.50197524,False
10010,train,0.23878467,False
10011,train,0.00375,False
10012,train,0.5924312,True
10013,train,0.0033293408,False
10014,train,0.54383737,True
10015,train,0.00359508,False
10016,test,0.5494588,False
10017,train,0.5010551,True
10018,train,0.40176746,False
10019,test,0.47243634,False
10020,train,0.40788344,False
10021,test,0.48443732,False
10022,test,0.49721837,False
10023,train,0.0028032372,False
10024,train,0.3112289,False
10025,train,0.0032417658,False
10026,train,0.4763717,False
10027,train,0.0042189807,False
10028,test,0.46191195,False
10029,test,0.39203918,False
10030,test,0.335964,False
10031,train,0.46690822,False
10032,train,0.57814425,True
10033,train,0.4767996,False
10034,train,0.495736,False
10035,train,0.4112779,False
10036,test,0.42271104,False
10037,train,0.0033344147,False
10038,train,0.4798889,False
10039,test,0.5263386,False
10040,train,0.6040207,True
10041,train,0.39256078,False
10042,train,0.36524352,False
10043,train,0.49487418,False
10044,test,0.99706966,False
10045,train,0.38418022,False
10046,train,0.4393649,False
10047,train,0.002720803,False
10048,train,0.50872165,True
10049,train,0.52930766,True
10050,train,0.57608175,True
10051,train,0.3403355,False
10052,train,0.3844583,False
10053,train,0.49339598,False
10054,test,0.40923667,False
10055,train,0.003327424,False
10056,train,0.5686997,True
10057,train,0.5172679,True
10058,test,0.3200869,False
10059,train,0.4336063,False
10060,train,0.0034325952,False
10061,train,0.0022999882,False
10062,train,0.4990011,True
10063,train,0.48736325,False
10064,train,0.3242505,False
10065,train,0.32367378,False
10066,train,0.39579523,False
10067,train,0.42743793,False
10068,train,0.53716385,True
10069,test,0.57949394,False
10070,train,0.0030998841,False
10071,train,0.36624986,False
10072,test,0.51686525,False
10073,train,0.0030865548,False
10074,test,0.42241713,False
10075,test,0.33462614,False
10076,train,0.003395505,False
10077,train,0.46338,False
10078,test,0.5436908,False
10079,train,0.5662443,True
10080,test,0.5527639,False
10081,train,0.5050567,True
10082,train,0.468641,False
10083,test,0.3927035,False
10084,test,0.47886983,False
10085,train,0.44857723,False
10086,train,0.42839974,False
10087,train,0.0035077175,False
10088,test,0.99686265,False
10089,train,0.41119057,False
10090,train,0.42243838,False
10091,train,0.30529493,False
10092,train,0.5251708,True
10093,train,0.49493998,False
10094,train,0.47187924,False
10095,train,0.29525554,False
10096,train,0.40961033,False
10097,train,0.35591552,False
10098,train,0.0034139594,False
10099,train,0.37728894,False
10100,train,0.2553707,False
10101,train,0.4113487,False
10102,train,0.45842856,False
10103,train,0.35210887,False
10104,train,0.0026833946,False
10105,train,0.4756771,False
10106,train,0.30775777,False
10107,train,0.5216552,True
10108,test,0.51119417,False
10109,test,0.5038765,False
10110,test,0.9875133,False
10111,train,0.0038908885,False
10112,train,0.46297765,False
10113,train,0.21576697,False
10114,test,0.4403047,False
10115,train,0.45801118,False
10116,train,0.002467068,False
10117,train,0.0029679455,False
10118,train,0.5127329,True
10119,train,0.45741764,False
10120,test,0.99738973,False
10121,train,0.3909458,False
10122,train,0.5089973,True
10123,train,0.27526432,False
10124,train,0.44275802,False
10125,train,0.3754762,False
10126,train,0.0035344167,False
10127,train,0.48839015,False
10128,train,0.003648803,False
10129,test,0.3527733,False
10130,train,0.0031308488,False
10131,train,0.46945295,False
10132,train,0.36937565,False
10133,train,0.56069714,True
10134,train,0.003296752,False
10135,test,0.39330718,False
10136,train,0.4217412,False
10137,train,0.23391636,False
10138,test,0.5049558,False
10139,train,0.42681646,False
10140,test,0.39177218,False
10141,train,0.30133706,False
10142,train,0.39919865,False
10143,train,0.52867424,True
10144,train,0.0031529309,False
10145,train,0.44433397,False
10146,train,0.35680684,False
10147,train,0.0032610365,False
10148,train,0.3848194,False
10149,train,0.003171471,False
10150,test,0.37700033,False
10151,test,0.9972972,False
10152,train,0.3287082,False
10153,test,0.9975325,False
10154,train,0.0033039683,False
10155,train,0.40486112,False
10156,train,0.42888108,False
10157,train,0.39751175,False
10158,train,0.4903643,False
10159,test,0.41939783,False
10160,test,0.4481203,False
10161,train,0.41559088,False
10162,train,0.0033373793,False
10163,train,0.33900347,False
10164,train,0.4555171,False
10165,train,0.0026831625,False
10166,train,0.0034151876,False
10167,train,0.46855077,False
10168,train,0.57793576,True
10169,train,0.45664266,False
10170,test,0.42689398,False
10171,train,0.5063171,True
10172,train,0.002187698,False
10173,train,0.5252807,True
10174,train,0.002837657,False
10175,train,0.5472198,True
10176,train,0.5162665,True
10177,train,0.5153589,True
10178,train,0.5449093,True
10179,test,0.6310302,False
10180,test,0.41377616,False
10181,train,0.5293026,True
10182,train,0.39845836,False
10183,train,0.47838047,False
10184,train,0.36083815,False
10185,test,0.43507317,False
10186,train,0.0022356065,False
10187,test,0.99711347,False
10188,train,0.0031059594,False
10189,train,0.4817325,False
10190,train,0.3649424,False
10191,test,0.8538904,False
10192,train,0.003181622,False
10193,test,0.2705161,False
10194,train,0.4104662,False
10195,train,0.0034831245,False
10196,train,0.4294596,False
10197,train,0.0034792619,False
10198,train,0.003446201,False
10199,train,0.5097974,True
10200,train,0.4164429,False
10201,train,0.44059145,False
10202,train,0.51542157,True
10203,train,0.51775587,True
10204,train,0.30851638,False
10205,test,0.44963625,False
10206,train,0.00278775,False
10207,train,0.0032670274,False
10208,train,0.4927314,False
10209,test,0.57843417,False
10210,train,0.49178517,False
10211,test,0.44875258,False
10212,train,0.0029428739,False
10213,train,0.4225267,False
10214,test,0.36473927,False
10215,train,0.3966059,False
10216,train,0.32022187,False
10217,train,0.36728382,False
10218,train,0.4494861,False
10219,train,0.48306337,False
10220,train,0.40246764,False
10221,train,0.31331316,False
10222,test,0.9974267,False
10223,train,0.45236593,False
10224,train,0.4441772,False
10225,train,0.5114552,True
10226,train,0.4908539,False
10227,train,0.4098612,False
10228,train,0.5615993,True
10229,test,0.57048833,False
10230,train,0.54040265,True
10231,train,0.36524278,False
10232,train,0.5190712,True
10233,train,0.53736556,True
10234,train,0.41559833,False
10235,train,0.50764644,True
10236,train,0.34546116,False
10237,train,0.003588984,False
10238,train,0.0041059083,False
10239,train,0.0045935945,False
10240,train,0.5892638,True
10241,train,0.5738577,True
10242,train,0.39903846,False
10243,train,0.568248,True
10244,train,0.49050003,False
10245,test,0.36295515,False
10246,train,0.32477847,False
10247,train,0.48488984,False
10248,train,0.45126417,False
10249,test,0.41564548,False
10250,test,0.5319371,False
10251,train,0.35626024,False
10252,train,0.3033251,False
10253,train,0.3744394,False
10254,train,0.4997337,True
10255,train,0.0032890032,False
10256,train,0.5244282,True
10257,train,0.35205933,False
10258,train,0.0029249592,False
10259,train,0.43537745,False
10260,train,0.1972262,False
10261,train,0.48894846,False
10262,train,0.0033538772,False
10263,train,0.45056662,False
10264,train,0.50285625,True
10265,train,0.3807329,False
10266,train,0.49340913,False
10267,train,0.43913767,False
10268,train,0.47744575,False
10269,train,0.51099324,True
10270,train,0.4958451,False
10271,train,0.36452368,False
10272,train,0.28268224,False
10273,train,0.556253,True
10274,test,0.9976329,False
10275,train,0.4467607,False
10276,train,0.49796352,False
10277,train,0.44030607,False
10278,train,0.003143818,False
10279,train,0.35543016,False
10280,test,0.9972437,False
10281,train,0.48748344,False
10282,train,0.4457685,False
10283,train,0.29977572,False
10284,train,0.34070534,False
10285,train,0.48532492,False
10286,train,0.4485872,False
10287,train,0.5108195,True
10288,train,0.4296659,False
10289,train,0.57325304,True
10290,train,0.56845266,True
10291,train,0.0027064446,False
10292,test,0.9973051,False
10293,train,0.48292297,False
10294,train,0.34013942,False
10295,train,0.46871865,False
10296,train,0.5586276,True
10297,test,0.37470633,False
10298,test,0.34129894,False
10299,train,0.5149943,True
10300,train,0.47198993,False
10301,train,0.5042431,True
10302,train,0.0032771614,False
10303,test,0.3077185,False
10304,train,0.44729632,False
10305,train,0.41779172,False
10306,train,0.35110983,False
10307,train,0.5573188,True
10308,test,0.32906425,False
10309,train,0.47822186,False
10310,train,0.0031390663,False
10311,train,0.5582005,True
10312,train,0.431133,False
10313,train,0.51037043,True
10314,train,0.41765642,False
10315,train,0.32643014,False
10316,train,0.45856622,False
10317,train,0.2936067,False
10318,train,0.5166039,True
10319,train,0.41967118,False
10320,train,0.0023697803,False
10321,train,0.32829937,False
10322,test,0.9975271,False
10323,train,0.4441544,False
10324,train,0.49729013,False
10325,train,0.5385648,True
10326,train,0.0034755308,False
10327,train,0.3932623,False
10328,train,0.37630212,False
10329,train,0.56043154,True
10330,train,0.6237452,True
10331,train,0.55209225,True
10332,train,0.45852688,False
10333,train,0.32517233,False
10334,train,0.36994553,False
10335,train,0.48197287,False
10336,train,0.47460607,False
10337,test,0.9975099,False
10338,train,0.4064783,False
10339,test,0.99623185,False
10340,train,0.26627022,False
10341,train,0.39309636,False
10342,test,0.9972555,False
10343,train,0.00353014,False
10344,train,0.2235235,False
10345,test,0.55331343,False
10346,train,0.4491227,False
10347,test,0.99776036,False
10348,train,0.003562012,False
10349,train,0.5625561,True
10350,train,0.0034233942,False
10351,test,0.99687314,False
10352,train,0.4360078,False
10353,train,0.4845703,False
10354,test,0.42015946,False
10355,train,0.003873717,False
10356,train,0.4013465,False
10357,train,0.56924695,True
10358,test,0.32651037,False
10359,test,0.61191505,False
10360,train,0.0031817679,False
10361,train,0.4178563,False
10362,test,0.52954006,False
10363,train,0.5178408,True
10364,test,0.5632988,False
10365,test,0.88248855,False
10366,train,0.52530754,True
10367,test,0.5192865,False
10368,train,0.44205582,False
10369,train,0.48208532,False
10370,train,0.5582476,True
10371,train,0.34840226,False
10372,train,0.46144515,False
10373,train,0.32458675,False
10374,train,0.5938555,True
10375,train,0.5297921,True
10376,train,0.0038236282,False
10377,train,0.6270141,True
10378,train,0.46328998,False
10379,train,0.5789199,True
10380,train,0.5076909,True
10381,train,0.41079953,False
10382,train,0.45114675,False
10383,train,0.46931088,False
10384,train,0.2902232,False
10385,test,0.4024632,False
10386,train,0.3826318,False
10387,train,0.46807277,False
10388,test,0.99691355,False
10389,train,0.33023426,False
10390,train,0.0023769666,False
10391,train,0.41156152,False
10392,test,0.2062098,False
10393,train,0.476544,False
10394,test,0.57777596,False
10395,train,0.5701631,True
10396,train,0.3897804,False
10397,train,0.0044131163,False
10398,train,0.44351378,False
10399,train,0.4692077,False
10400,train,0.27387238,False
10401,test,0.45827308,False
10402,train,0.6387219,True
10403,train,0.5831824,True
10404,train,0.4517749,False
10405,train,0.0038365624,False
10406,train,0.4855623,False
10407,train,0.33485785,False
10408,train,0.54889554,True
10409,train,0.43828908,False
10410,train,0.003340788,False
10411,test,0.99710625,False
10412,train,0.0035215584,False
10413,train,0.38776946,False
10414,train,0.4648154,False
10415,train,0.44516715,False
10416,train,0.48075563,False
10417,train,0.0032045015,False
10418,train,0.5410672,True
10419,train,0.5127466,True
10420,train,0.4736718,False
10421,test,0.9970009,False
10422,train,0.62625605,True
10423,train,0.003406528,False
10424,train,0.4641156,False
10425,train,0.4598151,False
10426,train,0.0029851128,False
10427,train,0.4437203,False
10428,train,0.56942385,True
10429,train,0.45483556,False
10430,train,0.48360807,False
10431,train,0.33513847,False
10432,train,0.2770358,False
10433,test,0.48864937,False
10434,train,0.393252,False
10435,train,0.58797127,True
10436,test,0.51895326,False
10437,train,0.33252427,False
10438,train,0.4487387,False
10439,test,0.63969594,False
10440,train,0.0034616455,False
10441,train,0.4743866,False
10442,test,0.4471768,False
10443,train,0.0034822116,False
10444,train,0.0033479077,False
10445,train,0.5221407,True
10446,test,0.39678094,False
10447,train,0.45246786,False
10448,train,0.35540783,False
10449,test,0.57809013,False
10450,train,0.33521673,False
10451,train,0.0034925486,False
10452,train,0.48253104,False
10453,test,0.46114233,False
10454,train,0.46493953,False
10455,train,0.003043598,False
10456,train,0.49066913,False
10457,train,0.44369826,False
10458,train,0.0039056737,False
10459,train,0.0032297925,False
10460,train,0.5664126,True
10461,train,0.4420919,False
10462,train,0.0029093684,False
10463,train,0.47576338,False
10464,train,0.0037622887,False
10465,train,0.3666655,False
10466,train,0.32033557,False
10467,train,0.0038253947,False
10468,train,0.42329365,False
10469,train,0.26612705,False
10470,train,0.0034361877,False
10471,train,0.0038062392,False
10472,train,0.0029432657,False
10473,train,0.48963517,False
10474,train,0.23019388,False
10475,train,0.0035389496,False
10476,train,0.4686689,False
10477,test,0.4491069,False
10478,train,0.0033401232,False
10479,test,0.20054248,False
10480,train,0.41337705,False
10481,train,0.003966712,False
10482,train,0.37475264,False
10483,train,0.0028170403,False
10484,train,0.5270906,True
10485,test,0.9971391,False
10486,train,0.003293127,False
10487,train,0.43123645,False
10488,test,0.34873754,False
10489,test,0.9951871,False
10490,test,0.4863596,False
10491,test,0.3879294,False
10492,train,0.0030213487,False
10493,train,0.5046915,True
10494,train,0.0029742701,False
10495,train,0.38344455,False
10496,train,0.39223713,False
10497,train,0.5121847,True
10498,train,0.20647573,False
10499,train,0.3312019,False
10500,train,0.41209364,False
10501,test,0.45275223,False
10502,train,0.4248802,False
10503,test,0.27886412,False
10504,train,0.39462572,False
10505,train,0.002953071,False
10506,train,0.45298105,False
10507,test,0.466978,False
10508,test,0.9972129,False
10509,test,0.6180437,False
10510,train,0.4523676,False
10511,test,0.42783967,False
10512,train,0.0025012835,False
10513,train,0.57263917,True
10514,train,0.0035897687,False
10515,train,0.36873502,False
10516,train,0.46717894,False
10517,train,0.3028379,False
10518,train,0.5154136,True
10519,train,0.4620247,False
10520,train,0.43303815,False
10521,train,0.40131316,False
10522,train,0.455497,False
10523,train,0.0026496614,False
10524,test,0.40022987,False
10525,train,0.0031186768,False
10526,train,0.45908162,False
10527,train,0.5088652,True
10528,train,0.4185481,False
10529,train,0.14786468,False
10530,train,0.0031218305,False
10531,train,0.45922586,False
10532,train,0.400527,False
10533,test,0.5589951,False
10534,train,0.47947684,False
10535,train,0.4134206,False
10536,train,0.46084812,False
10537,train,0.48825762,False
10538,test,0.3953188,False
10539,train,0.5517727,True
10540,train,0.5684736,True
10541,train,0.35922256,False
10542,train,0.5044671,True
10543,train,0.46327418,False
10544,test,0.4177858,False
10545,train,0.0035752773,False
10546,test,0.6263223,False
10547,train,0.42016235,False
10548,train,0.5314771,True
10549,train,0.36333036,False
10550,test,0.99721175,False
10551,train,0.0036562986,False
10552,train,0.31828433,False
10553,test,0.37233597,False
10554,train,0.0026891571,False
10555,train,0.4468761,False
10556,train,0.52597207,True
10557,train,0.0026916147,False
10558,train,0.0029097,False
10559,train,0.43205115,False
10560,train,0.46287835,False
10561,train,0.0037319718,False
10562,train,0.62233454,True
10563,test,0.37835088,False
10564,train,0.49327925,False
10565,train,0.5126574,True
10566,train,0.47026175,False
10567,train,0.31666806,False
10568,test,0.4741881,False
10569,train,0.46040696,False
10570,train,0.3928831,False
10571,train,0.0024981715,False
10572,train,0.48333037,False
10573,test,0.99622715,False
10574,train,0.3370769,False
10575,train,0.56036806,True
10576,test,0.37094146,False
10577,train,0.48319072,False
10578,train,0.37504527,False
10579,train,0.35616285,False
10580,test,0.48381117,False
10581,train,0.43473604,False
10582,train,0.4590711,False
10583,train,0.49509346,False
10584,test,0.3848434,False
10585,train,0.30329877,False
10586,train,0.48100388,False
10587,train,0.3745482,False
10588,train,0.42045066,False
10589,train,0.50192547,True
10590,train,0.43545493,False
10591,train,0.0035400027,False
10592,train,0.0033492763,False
10593,train,0.35972467,False
10594,train,0.6097428,True
10595,train,0.3000761,False
10596,train,0.55127215,True
10597,train,0.25689763,False
10598,train,0.002774223,False
10599,train,0.38024625,False
10600,train,0.31599298,False
10601,test,0.5266104,False
10602,train,0.37340584,False
10603,test,0.5215736,False
10604,test,0.83013946,False
10605,train,0.46465185,False
10606,train,0.4967238,False
10607,test,0.3889591,False
10608,train,0.44609052,False
10609,test,0.45184353,False
10610,train,0.0029310167,False
10611,train,0.4813495,False
10612,train,0.5024613,True
10613,train,0.36780605,False
10614,train,0.36116412,False
10615,train,0.44706395,False
10616,train,0.5147507,True
10617,train,0.35637555,False
10618,train,0.45144588,False
10619,test,0.42103216,False
10620,test,0.44679853,False
10621,train,0.0035247589,False
10622,train,0.0036177216,False
10623,train,0.0031182128,False
10624,train,0.5310389,True
10625,train,0.41079175,False
10626,train,0.4371338,False
10627,train,0.512062,True
10628,train,0.44573888,False
10629,train,0.56095797,True
10630,train,0.35697195,False
10631,test,0.99716634,False
10632,test,0.9974904,False
10633,train,0.0030759831,False
10634,train,0.0035429634,False
10635,train,0.29028544,False
10636,test,0.50572187,False
10637,train,0.0030834726,False
10638,train,0.0034744134,False
10639,train,0.31518707,False
10640,train,0.0033685633,False
10641,train,0.4449495,False
10642,train,0.4127608,False
10643,train,0.42007366,False
10644,train,0.34092683,False
10645,test,0.47504565,False
10646,train,0.292659,False
10647,train,0.0031187248,False
10648,train,0.5437206,True
10649,train,0.0031413522,False
10650,train,0.35885993,False
10651,train,0.0035190901,False
10652,test,0.35176972,False
10653,train,0.48731768,False
10654,train,0.36209583,False
10655,train,0.4037298,False
10656,train,0.5154972,True
10657,train,0.37978685,False
10658,test,0.51815605,False
10659,train,0.4871755,False
10660,train,0.50881433,True
10661,train,0.41603738,False
10662,train,0.3749526,False
10663,train,0.34287846,False
10664,train,0.57147264,True
10665,train,0.40546906,False
10666,train,0.0029810872,False
10667,train,0.5284209,True
10668,train,0.5455937,True
10669,train,0.4292655,False
10670,train,0.4880753,False
10671,test,0.44676182,False
10672,train,0.41299033,False
10673,train,0.0033286726,False
10674,test,0.99681187,False
10675,test,0.5018666,False
10676,train,0.0029477598,False
10677,train,0.60411185,True
10678,train,0.36140615,False
10679,test,0.9972863,False
10680,train,0.41015685,False
10681,train,0.5124941,True
10682,test,0.3996073,False
10683,train,0.5542608,True
10684,test,0.3787919,False
10685,test,0.36115012,False
10686,train,0.46143422,False
10687,train,0.3874811,False
10688,train,0.421703,False
10689,train,0.4586682,False
10690,train,0.4402467,False
10691,train,0.57677984,True
10692,train,0.37934247,False
10693,train,0.3605509,False
10694,train,0.0034123217,False
10695,train,0.41363323,False
10696,train,0.5827069,True
10697,train,0.8459621,True
10698,test,0.33248013,False
10699,train,0.42874628,False
10700,train,0.41047478,False
10701,train,0.43696997,False
10702,train,0.42174745,False
10703,test,0.48549396,False
10704,test,0.34972355,False
10705,train,0.41278762,False
10706,train,0.0028601927,False
10707,test,0.99739754,False
10708,train,0.4100115,False
10709,train,0.39677835,False
10710,train,0.5192104,True
10711,test,0.40682676,False
10712,train,0.5187397,True
10713,train,0.0031424237,False
10714,train,0.27502534,False
10715,train,0.537742,True
10716,train,0.4955037,False
10717,train,0.3029964,False
10718,train,0.395281,False
10719,train,0.44831255,False
10720,train,0.5102779,True
10721,test,0.9961285,False
10722,test,0.39728442,False
10723,train,0.52852625,True
10724,train,0.2675286,False
10725,train,0.53273565,True
10726,train,0.002115085,False
10727,train,0.30711856,False
10728,train,0.5240292,True
10729,test,0.5180522,False
10730,train,0.16248666,False
10731,train,0.4369296,False
10732,train,0.38844997,False
10733,train,0.38039002,False
10734,train,0.48626336,False
10735,train,0.5708696,True
10736,train,0.35825038,False
10737,train,0.51226395,True
10738,train,0.450829,False
10739,test,0.46164304,False
10740,test,0.4832681,False
10741,test,0.45886326,False
10742,train,0.0031096078,False
10743,train,0.5081695,True
10744,train,0.6760982,True
10745,test,0.2801385,False
10746,test,0.99694866,False
10747,train,0.42723325,False
10748,train,0.0034967281,False
10749,test,0.5853566,False
10750,train,0.4935243,False
10751,test,0.47380105,False
10752,test,0.43692103,False
10753,train,0.40735647,False
10754,train,0.43881953,False
10755,train,0.6272379,True
10756,train,0.4831752,False
10757,train,0.4187691,False
10758,train,0.5023492,True
10759,test,0.45346746,False
10760,train,0.0034450705,False
10761,train,0.39000714,False
10762,train,0.46759057,False
10763,train,0.2762061,False
10764,train,0.52835935,True
10765,train,0.5386072,True
10766,train,0.48842537,False
10767,train,0.0037091891,False
10768,test,0.45833242,False
10769,train,0.43145028,False
10770,train,0.18386629,False
10771,train,0.42917928,False
10772,train,0.37484002,False
10773,train,0.4108638,False
10774,train,0.3729274,False
10775,test,0.39888856,False
10776,train,0.003199206,False
10777,train,0.5999663,True
10778,train,0.0036969841,False
10779,train,0.5139155,True
10780,train,0.0035177309,False
10781,test,0.53737193,False
10782,test,0.41394538,False
10783,train,0.4374525,False
10784,train,0.47695896,False
10785,test,0.22303762,False
10786,train,0.003087026,False
10787,train,0.55016303,True
10788,train,0.5376685,True
10789,train,0.0033167428,False
10790,train,0.36494362,False
10791,train,0.55762035,True
10792,train,0.40329215,False
10793,train,0.40360287,False
10794,train,0.0038018846,False
10795,train,0.0036774538,False
10796,test,0.47260126,False
10797,train,0.54991454,True
10798,train,0.004491839,False
10799,train,0.5311904,True
10800,train,0.003237943,False
10801,train,0.0030151575,False
10802,train,0.56001514,True
10803,train,0.5210779,True
10804,train,0.42270726,False
10805,test,0.38889194,False
10806,test,0.99712086,False
10807,train,0.47745508,False
10808,test,0.31383136,False
10809,train,0.53927714,True
10810,train,0.34214804,False
10811,train,0.32131943,False
10812,train,0.49069926,False
10813,train,0.41350278,False
10814,train,0.43924582,False
10815,train,0.31211108,False
10816,test,0.9966651,False
10817,test,0.48216215,False
10818,train,0.0036594996,False
10819,train,0.0028086924,False
10820,train,0.0038035146,False
10821,train,0.639962,True
10822,train,0.46676233,False
10823,train,0.00369762,False
10824,train,0.0033002985,False
10825,test,0.5707075,False
10826,train,0.52884597,True
10827,train,0.5035629,True
10828,train,0.41817906,False
10829,train,0.3708726,False
10830,train,0.4685962,False
10831,test,0.9967026,False
10832,train,0.43782192,False
10833,train,0.4654457,False
10834,test,0.51005733,False
10835,test,0.34072813,False
10836,train,0.5467317,True
10837,test,0.41421467,False
10838,test,0.5794083,False
10839,test,0.4866081,False
10840,test,0.33682242,False
10841,train,0.34294194,False
10842,train,0.3912181,False
10843,train,0.44707316,False
10844,train,0.31147036,False
10845,train,0.37932703,False
10846,train,0.2942784,False
10847,train,0.41808137,False
10848,train,0.4211102,False
10849,train,0.0032479207,False
10850,test,0.4826766,False
10851,train,0.40726545,False
10852,train,0.004009825,False
10853,train,0.43512076,False
10854,train,0.41246733,False
10855,train,0.0029937124,False
10856,test,0.5011155,False
10857,train,0.5145876,True
10858,train,0.29496667,False
10859,test,0.45841798,False
10860,train,0.36539346,False
10861,train,0.59761465,True
10862,test,0.41537955,False
10863,train,0.0034696362,False
10864,train,0.39055476,False
10865,train,0.54402065,True
10866,train,0.36136097,False
10867,test,0.5115208,False
10868,train,0.5485787,True
10869,test,0.307248,False
10870,train,0.38801143,False
10871,test,0.48231125,False
10872,test,0.99681,False
10873,train,0.002724921,False
10874,train,0.39790788,False
10875,train,0.424985,False
10876,train,0.40049395,False
10877,train,0.47026503,False
10878,train,0.5608763,True
10879,train,0.51306975,True
10880,test,0.49335307,False
10881,train,0.6009425,True
10882,train,0.44049472,False
10883,train,0.4615701,False
10884,test,0.34801677,False
10885,train,0.00299201,False
10886,train,0.527363,True
10887,test,0.99676996,False
10888,train,0.2529403,False
10889,train,0.552381,True
10890,train,0.45428425,False
10891,train,0.52177256,True
10892,train,0.47097355,False
10893,train,0.41905755,False
10894,train,0.4184836,False
10895,test,0.43491578,False
10896,train,0.43549916,False
10897,train,0.55273336,True
10898,train,0.45039096,False
10899,train,0.0031256843,False
10900,train,0.0045437445,False
10901,test,0.9969259,False
10902,train,0.5049892,True
10903,train,0.32217604,False
10904,train,0.54530966,True
10905,train,0.48586306,False
10906,test,0.9969332,False
10907,train,0.42328924,False
10908,train,0.42959023,False
10909,train,0.47204572,False
10910,train,0.42787474,False
10911,train,0.3411436,False
10912,train,0.45647982,False
10913,test,0.41319734,False
10914,test,0.99736905,False
10915,train,0.0037905038,False
10916,train,0.32256672,False
10917,train,0.43847197,False
10918,train,0.5343133,True
10919,test,0.47927833,False
10920,train,0.53644294,True
10921,test,0.9972101,False
10922,train,0.48278567,False
10923,train,0.0033752508,False
10924,test,0.99711674,False
10925,train,0.34603778,False
10926,train,0.0032867538,False
10927,train,0.33207342,False
10928,train,0.44092247,False
10929,test,0.9967727,False
10930,train,0.53436595,True
10931,test,0.9962622,False
10932,train,0.0031940185,False
10933,test,0.99677676,False
10934,test,0.31779134,False
10935,train,0.42718843,False
10936,train,0.596366,True
10937,train,0.43352547,False
10938,train,0.4460051,False
10939,train,0.55548644,True
10940,train,0.4805864,False
10941,train,0.43169057,False
10942,test,0.9971699,False
10943,train,0.4072486,False
10944,test,0.34548512,False
10945,train,0.51668817,True
10946,train,0.5283844,True
10947,train,0.60533804,True
10948,train,0.5358745,True
10949,train,0.5057893,True
10950,train,0.474691,False
10951,train,0.0029501452,False
10952,train,0.5391442,True
10953,train,0.20604548,False
10954,train,0.48359972,False
10955,train,0.525355,True
10956,train,0.521568,True
10957,train,0.51361865,True
10958,train,0.4877067,False
10959,test,0.5818608,False
10960,train,0.33312756,False
10961,train,0.5354589,True
10962,train,0.0032466527,False
10963,test,0.45986915,False
10964,train,0.3947686,False
10965,train,0.39206332,False
10966,test,0.9971999,False
10967,train,0.0033149866,False
10968,train,0.003111914,False
10969,train,0.44685325,False
10970,train,0.33774194,False
10971,train,0.5076246,True
10972,train,0.40340504,False
10973,train,0.47460318,False
10974,train,0.0025715057,False
10975,test,0.30811846,False
10976,train,0.0033504865,False
10977,train,0.38544622,False
10978,test,0.9975077,False
10979,train,0.4794202,False
10980,test,0.42731607,False
10981,test,0.3992518,False
10982,train,0.5090517,True
10983,train,0.36571717,False
10984,train,0.4740044,False
10985,test,0.53632,False
10986,train,0.3756048,False
10987,train,0.48348594,False
10988,test,0.4771463,False
10989,train,0.5897788,True
10990,test,0.4737611,False
10991,train,0.49718118,False
10992,train,0.46636772,False
10993,test,0.9973987,False
10994,train,0.4198424,False
10995,train,0.0029106254,False
10996,train,0.0031049193,False
10997,train,0.0035562897,False
10998,test,0.3646176,False
10999,train,0.29572275,False
11000,train,0.0030871853,False
11001,train,0.45586744,False
11002,train,0.40573043,False
11003,train,0.42712882,False
11004,train,0.35765344,False
11005,train,0.49876845,True
11006,train,0.5449175,True
11007,train,0.5039277,True
11008,test,0.5475619,False
11009,test,0.99711937,False
11010,train,0.3272195,False
11011,train,0.0027350339,False
11012,train,0.35499007,False
11013,train,0.28719586,False
11014,train,0.37116033,False
11015,train,0.3861164,False
11016,train,0.38191,False
11017,train,0.4508104,False
11018,train,0.3553987,False
11019,train,0.44727916,False
11020,train,0.49168324,False
11021,train,0.39754513,False
11022,train,0.5764932,True
11023,train,0.47720665,False
11024,train,0.5232779,True
11025,train,0.39889163,False
11026,test,0.50365347,False
11027,train,0.0032959022,False
11028,test,0.36879608,False
11029,train,0.5432217,True
11030,train,0.3845589,False
11031,train,0.0036003552,False
11032,test,0.43176526,False
11033,train,0.5100464,True
11034,train,0.55504763,True
11035,test,0.5058403,False
11036,test,0.9976334,False
11037,test,0.5259874,False
11038,train,0.0033581355,False
11039,train,0.50862825,True
11040,train,0.44127062,False
11041,test,0.99708873,False
11042,test,0.5442391,False
11043,train,0.3280776,False
11044,train,0.35159338,False
11045,test,0.54799587,False
11046,train,0.48744884,False
11047,train,0.5516547,True
11048,train,0.004263067,False
11049,test,0.42020926,False
11050,test,0.35833263,False
11051,train,0.0031865386,False
11052,train,0.37090677,False
11053,train,0.40505987,False
11054,train,0.33114868,False
11055,train,0.52631176,True
11056,train,0.627625,True
11057,train,0.35381687,False
11058,train,0.5202008,True
11059,train,0.47734976,False
11060,test,0.36661655,False
11061,train,0.0033673188,False
11062,train,0.47337684,False
11063,train,0.4904072,False
11064,train,0.5556825,True
11065,train,0.3946652,False
11066,train,0.0034829166,False
11067,train,0.0037125943,False
11068,train,0.0032585447,False
11069,train,0.2575671,False
11070,test,0.44073302,False
11071,test,0.46392372,False
11072,train,0.30892456,False
11073,train,0.4016148,False
11074,test,0.4758944,False
11075,train,0.35567766,False
11076,train,0.0033907,False
11077,test,0.6016425,False
11078,train,0.0028385117,False
11079,train,0.0038521744,False
11080,test,0.399353,False
11081,train,0.0032015643,False
11082,test,0.9970695,False
11083,train,0.0030426227,False
11084,train,0.0034019633,False
11085,test,0.99695724,False
11086,train,0.4444869,False
11087,train,0.40590137,False
11088,test,0.43139854,False
11089,train,0.3693362,False
11090,train,0.55160993,True
11091,test,0.9973682,False
11092,test,0.46704254,False
11093,train,0.46081534,False
11094,train,0.46015877,False
11095,train,0.52535355,True
11096,train,0.4501333,False
11097,train,0.3638252,False
11098,train,0.40725854,False
11099,train,0.5480254,True
11100,train,0.4587892,False
11101,train,0.53979075,True
11102,train,0.0034153361,False
11103,test,0.9969222,False
11104,train,0.0039181174,False
11105,train,0.34091052,False
11106,train,0.0038867705,False
11107,test,0.5012035,False
11108,train,0.0025130904,False
11109,test,0.46923634,False
11110,train,0.4957715,False
11111,train,0.42066398,False
11112,train,0.0034571232,False
11113,train,0.321488,False
11114,train,0.0030218111,False
11115,train,0.34763622,False
11116,test,0.44323146,False
11117,test,0.29262075,False
11118,train,0.34409758,False
11119,train,0.31848118,False
11120,train,0.0030608054,False
11121,train,0.4470207,False
11122,train,0.5222502,True
11123,train,0.42457262,False
11124,train,0.47211304,False
11125,test,0.43286008,False
11126,test,0.99689996,False
11127,train,0.4102423,False
11128,train,0.4326985,False
11129,test,0.997069,False
11130,train,0.45705366,False
11131,test,0.9972057,False
11132,train,0.5546731,True
11133,train,0.4993094,True
11134,train,0.39556158,False
11135,train,0.35017443,False
11136,train,0.5391192,True
11137,test,0.5175109,False
11138,train,0.0043968754,False
11139,train,0.5058768,True
11140,train,0.47518653,False
11141,train,0.0027856012,False
11142,train,0.4373535,False
11143,train,0.5437654,True
11144,test,0.4491422,False
11145,test,0.3800929,False
11146,train,0.39466444,False
11147,test,0.99581623,False
11148,test,0.2981514,False
11149,train,0.41352117,False
11150,test,0.40283772,False
11151,train,0.3550539,False
11152,train,0.0033240581,False
11153,test,0.99732256,False
11154,train,0.47935796,False
11155,train,0.004467061,False
11156,train,0.45068225,False
11157,test,0.9960833,False
11158,train,0.55655223,True
11159,train,0.37695068,False
11160,train,0.0029455242,False
11161,train,0.31740057,False
11162,train,0.594367,True
11163,train,0.0032758329,False
11164,test,0.46703517,False
11165,test,0.23049118,False
11166,train,0.30988783,False
11167,train,0.44574547,False
11168,train,0.0026181461,False
11169,test,0.9967493,False
11170,train,0.5244899,True
11171,train,0.53198564,True
11172,train,0.0033986676,False
11173,train,0.46948227,False
11174,train,0.2819651,False
11175,train,0.3703467,False
11176,train,0.002721387,False
11177,train,0.5689518,True
11178,test,0.9970808,False
11179,train,0.5127856,True
11180,train,0.39147744,False
11181,test,0.41840726,False
11182,train,0.46607855,False
11183,train,0.40991,False
11184,train,0.42463797,False
11185,train,0.31315032,False
11186,test,0.83922726,False
11187,train,0.5211372,True
11188,train,0.29677552,False
11189,train,0.4867154,False
11190,train,0.4234704,False
11191,train,0.0032031774,False
11192,train,0.28465638,False
11193,train,0.47093216,False
11194,train,0.3495327,False
11195,test,0.24485996,False
11196,test,0.55424297,False
11197,train,0.4685699,False
11198,train,0.50459725,True
11199,train,0.0041726814,False
11200,test,0.33361638,False
11201,test,0.997153,False
11202,train,0.0051979856,False
11203,train,0.21392432,False
11204,train,0.3841278,False
11205,train,0.42687833,False
11206,train,0.57928735,True
11207,test,0.99697876,False
11208,train,0.38738874,False
11209,train,0.44099456,False
11210,train,0.34541935,False
11211,train,0.25709555,False
11212,train,0.55270326,True
11213,train,0.003925564,False
11214,train,0.3075304,False
11215,train,0.37031072,False
11216,train,0.4073779,False
11217,train,0.38008326,False
11218,train,0.49523824,False
11219,train,0.0031044607,False
11220,train,0.57756525,True
11221,train,0.43865603,False
11222,train,0.0030391542,False
11223,train,0.6277536,True
11224,train,0.5430409,True
11225,train,0.5527692,True
11226,test,0.35340667,False
11227,train,0.3752571,False
11228,train,0.3901152,False
11229,test,0.40844005,False
11230,train,0.43721974,False
11231,train,0.44294912,False
11232,train,0.002864153,False
11233,test,0.48523656,False
11234,train,0.50051373,True
11235,train,0.29419348,False
11236,train,0.33075368,False
11237,train,0.45262238,False
11238,test,0.7169173,False
11239,train,0.5752856,True
11240,train,0.47369933,False
11241,train,0.3955241,False
11242,train,0.4003256,False
11243,train,0.5410541,True
11244,train,0.5903413,True
11245,train,0.4211585,False
11246,train,0.38070977,False
11247,train,0.5531855,True
11248,train,0.003465474,False
11249,train,0.5371708,True
11250,train,0.3666621,False
11251,train,0.003270783,False
11252,train,0.4020673,False
11253,train,0.48746172,False
11254,test,0.4204631,False
11255,train,0.35413364,False
11256,test,0.43921426,False
11257,train,0.39344233,False
11258,train,0.004348318,False
11259,train,0.6340434,True
11260,train,0.261695,False
11261,train,0.4108094,False
11262,train,0.6152895,True
11263,test,0.41598225,False
11264,train,0.37386948,False
11265,train,0.47162893,False
11266,test,0.48686656,False
11267,train,0.40384665,False
11268,train,0.5225488,True
11269,train,0.41498807,False
11270,train,0.514709,True
11271,train,0.36698586,False
11272,train,0.002982358,False
11273,test,0.52372676,False
11274,train,0.485765,False
11275,train,0.0034138737,False
11276,train,0.42253557,False
11277,train,0.57666564,True
11278,train,0.46674094,False
11279,train,0.45724583,False
11280,train,0.4521459,False
11281,train,0.3594677,False
11282,train,0.30378154,False
11283,train,0.0032142627,False
11284,train,0.0037529366,False
11285,train,0.51707035,True
11286,test,0.32982907,False
11287,test,0.47467324,False
11288,train,0.0035296262,False
11289,test,0.5257686,False
11290,train,0.57484615,True
11291,train,0.37431982,False
11292,train,0.56255764,True
11293,train,0.5853282,True
11294,train,0.41021362,False
11295,train,0.44927666,False
11296,train,0.525702,True
11297,test,0.38441908,False
11298,train,0.51229864,True
11299,train,0.61174864,True
11300,train,0.0026833415,False
11301,train,0.46927956,False
11302,test,0.9969743,False
11303,train,0.423897,False
11304,train,0.41813064,False
11305,train,0.489648,False
11306,train,0.59901416,True
11307,train,0.4280425,False
11308,test,0.9970971,False
11309,test,0.3538567,False
11310,train,0.4465704,False
11311,train,0.46780035,False
11312,train,0.42264634,False
11313,train,0.5135735,True
11314,test,0.43982342,False
11315,train,0.32750586,False
11316,train,0.41638395,False
11317,train,0.33446637,False
11318,train,0.0036543133,False
11319,train,0.0033364054,False
11320,train,0.44175184,False
11321,test,0.40727133,False
11322,train,0.50586736,True
11323,train,0.003007349,False
11324,train,0.0035481825,False
11325,train,0.42076585,False
11326,train,0.5366032,True
11327,train,0.3345572,False
11328,train,0.39479294,False
11329,train,0.0035157297,False
11330,train,0.39229214,False
11331,train,0.003324898,False
11332,test,0.3592622,False
11333,train,0.4826049,False
11334,train,0.33799723,False
11335,train,0.45244262,False
11336,train,0.53030246,True
11337,train,0.5554899,True
11338,train,0.0033454688,False
11339,train,0.4517246,False
11340,train,0.4844432,False
11341,test,0.3807135,False
11342,test,0.57201684,False
11343,train,0.53709286,True
11344,train,0.52200836,True
11345,train,0.3814801,False
11346,train,0.35146993,False
11347,test,0.48410842,False
11348,train,0.0032737337,False
11349,train,0.0032784287,False
11350,train,0.50518847,True
11351,train,0.37138015,False
11352,train,0.0023436595,False
11353,train,0.0030517927,False
11354,train,0.4745542,False
11355,test,0.99726707,False
11356,train,0.35172942,False
11357,train,0.39664367,False
11358,train,0.47607014,False
11359,train,0.58761257,True
11360,train,0.58493483,True
11361,train,0.57427543,True
11362,train,0.4540086,False
11363,train,0.40557566,False
11364,train,0.48262414,False
11365,test,0.6007302,False
11366,train,0.0031844792,False
11367,train,0.45695797,False
11368,train,0.5705104,True
11369,test,0.5540397,False
11370,train,0.46758455,False
11371,train,0.0032717064,False
11372,train,0.4920137,False
11373,train,0.0027280967,False
11374,train,0.36416295,False
11375,train,0.00315259,False
11376,test,0.42518786,False
11377,train,0.5478334,True
11378,train,0.547623,True
11379,train,0.0029981325,False
11380,train,0.49475026,False
11381,test,0.49159685,False
11382,train,0.480674,False
11383,train,0.5344545,True
11384,test,0.49996635,False
11385,train,0.0043936633,False
11386,test,0.9969264,False
11387,test,0.48419702,False
11388,train,0.57584345,True
11389,train,0.4593576,False
11390,train,0.0031093017,False
11391,test,0.60929435,False
11392,test,0.45939475,False
11393,test,0.28479496,False
11394,train,0.4422018,False
11395,train,0.47371668,False
11396,train,0.3195144,False
11397,test,0.25332275,False
11398,train,0.41019237,False
11399,train,0.35090798,False
11400,train,0.004366469,False
11401,train,0.003365348,False
11402,train,0.49059364,False
11403,train,0.20224787,False
11404,train,0.40157634,False
11405,train,0.6086486,True
11406,train,0.44518974,False
11407,train,0.4277839,False
11408,train,0.43370944,False
11409,train,0.43278697,False
11410,test,0.41417405,False
11411,train,0.42441744,False
11412,train,0.47062835,False
11413,train,0.42869654,False
11414,train,0.52996284,True
11415,test,0.36424047,False
11416,train,0.54647267,True
11417,test,0.99710596,False
11418,train,0.6586402,True
11419,train,0.4143932,False
11420,train,0.2877572,False
11421,train,0.46790564,False
11422,train,0.58465147,True
11423,train,0.3309851,False
11424,train,0.48159307,False
11425,test,0.2730858,False
11426,train,0.40555865,False
11427,train,0.42645645,False
11428,train,0.61631167,True
11429,train,0.4928095,False
11430,test,0.5407905,False
11431,train,0.46514317,False
11432,train,0.489688,False
11433,train,0.0038243032,False
11434,train,0.40057278,False
11435,train,0.0036229515,False
11436,train,0.3428278,False
11437,train,0.5456438,True
11438,train,0.003130928,False
11439,train,0.4986331,True
11440,train,0.59759855,True
11441,test,0.4757189,False
11442,train,0.42587802,False
11443,train,0.53867435,True
11444,train,0.003436534,False
11445,train,0.41759127,False
11446,train,0.53162295,True
11447,train,0.5243914,True
11448,test,0.46148682,False
11449,test,0.9964923,False
11450,train,0.48216775,False
11451,train,0.36918193,False
11452,train,0.4363514,False
11453,train,0.4146281,False
11454,test,0.35874218,False
11455,train,0.36331332,False
11456,test,0.5126799,False
11457,test,0.9965641,False
11458,train,0.003904004,False
11459,train,0.39925715,False
11460,train,0.43313226,False
11461,train,0.0034193753,False
11462,train,0.52265793,True
11463,test,0.4844612,False
11464,train,0.0031734053,False
11465,test,0.9974329,False
11466,train,0.46984193,False
11467,train,0.40228453,False
11468,train,0.5139862,True
11469,test,0.17810242,False
11470,test,0.9975732,False
11471,train,0.0037150567,False
11472,train,0.36826506,False
11473,test,0.5318308,False
11474,train,0.002901334,False
11475,train,0.0031153257,False
11476,train,0.41180763,False
11477,train,0.34054255,False
11478,train,0.0025124545,False
11479,train,0.57270885,True
11480,train,0.303327,False
11481,test,0.54049855,False
11482,train,0.35930163,False
11483,train,0.0035225786,False
11484,train,0.5359591,True
11485,train,0.5274615,True
11486,train,0.5175197,True
11487,test,0.5070045,False
11488,train,0.5552847,True
11489,train,0.32194662,False
11490,train,0.34944394,False
11491,train,0.4471665,False
11492,train,0.42997202,False
11493,train,0.53680927,True
11494,train,0.24014843,False
11495,test,0.34139892,False
11496,test,0.5026912,False
11497,train,0.0034507425,False
11498,train,0.4240855,False
11499,train,0.45460394,False
11500,train,0.0031616,False
11501,train,0.33136874,False
11502,train,0.0030351153,False
11503,train,0.0029811224,False
11504,train,0.003164444,False
11505,test,0.3609266,False
11506,test,0.28860778,False
11507,train,0.4784188,False
11508,train,0.40102533,False
11509,train,0.003661438,False
11510,test,0.99693525,False
11511,train,0.44096142,False
11512,train,0.33800614,False
11513,train,0.37310693,False
11514,train,0.0036432156,False
11515,train,0.38199392,False
11516,train,0.0038191616,False
11517,train,0.44983473,False
11518,test,0.5104673,False
11519,train,0.56909364,True
11520,train,0.32798776,False
11521,train,0.38834524,False
11522,train,0.44439754,False
11523,test,0.3453614,False
11524,train,0.56385785,True
11525,train,0.489333,False
11526,train,0.0034669589,False
11527,train,0.38669506,False
11528,train,0.52289385,True
11529,train,0.4443456,False
11530,test,0.56611186,False
11531,train,0.002946322,False
11532,train,0.46984068,False
11533,train,0.47545558,False
11534,train,0.46966508,False
11535,train,0.4106472,False
11536,train,0.0036428643,False
11537,train,0.0033451784,False
11538,train,0.49119282,False
11539,test,0.5295298,False
11540,train,0.47466686,False
11541,train,0.0035124684,False
11542,train,0.002596337,False
11543,train,0.39872566,False
11544,train,0.33969033,False
11545,train,0.5588427,True
11546,train,0.0027049065,False
11547,train,0.40064788,False
11548,train,0.42404994,False
11549,test,0.554542,False
11550,train,0.521243,True
11551,test,0.9966649,False
11552,train,0.0039200494,False
11553,train,0.002785738,False
11554,train,0.44273758,False
11555,train,0.43020883,False
11556,train,0.4170128,False
11557,train,0.0027175564,False
11558,train,0.0032307596,False
11559,train,0.003015102,False
11560,train,0.0032450901,False
11561,train,0.29709914,False
11562,train,0.4639075,False
11563,train,0.5166924,True
11564,train,0.45884818,False
11565,train,0.4683628,False
11566,train,0.39618334,False
11567,train,0.40392312,False
11568,train,0.34355202,False
11569,train,0.3487039,False
11570,test,0.43752497,False
11571,train,0.0040058354,False
11572,test,0.4408776,False
11573,train,0.41392094,False
11574,train,0.0053802785,False
11575,train,0.40728167,False
11576,train,0.0039127027,False
11577,train,0.26445183,False
11578,train,0.48211756,False
11579,train,0.51931775,True
11580,train,0.46282178,False
11581,train,0.45218927,False
11582,train,0.55399436,True
11583,train,0.43157977,False
11584,train,0.44101357,False
11585,train,0.34457344,False
11586,train,0.52300626,True
11587,train,0.48612177,False
11588,test,0.4804717,False
11589,train,0.0027039866,False
11590,train,0.46102586,False
11591,train,0.54881746,True
11592,test,0.56964666,False
11593,train,0.003091017,False
11594,test,0.99683166,False
11595,train,0.41175583,False
11596,test,0.41776416,False
11597,train,0.38532057,False
11598,train,0.25953814,False
11599,test,0.5324575,False
11600,train,0.0029878507,False
11601,train,0.5682299,True
11602,train,0.4606433,False
11603,train,0.42091388,False
11604,train,0.40925223,False
11605,train,0.30057508,False
11606,train,0.40767825,False
11607,train,0.0031061235,False
11608,train,0.38159135,False
11609,train,0.6790168,True
11610,train,0.33413157,False
11611,train,0.0027106837,False
11612,train,0.5045648,True
11613,train,0.24370618,False
11614,train,0.003964387,False
11615,train,0.33514762,False
11616,train,0.35408017,False
11617,train,0.55871594,True
11618,train,0.0035127748,False
11619,test,0.48822692,False
11620,train,0.3382724,False
11621,train,0.004786877,False
11622,train,0.38376674,False
11623,train,0.2708268,False
11624,train,0.54259664,True
11625,test,0.99715155,False
11626,test,0.99676436,False
11627,train,0.40230572,False
11628,train,0.0032528935,False
11629,train,0.51386654,True
11630,train,0.49412644,False
11631,test,0.50532764,False
11632,train,0.5697104,True
11633,test,0.9966597,False
11634,train,0.49651027,False
11635,train,0.46781972,False
11636,train,0.40447032,False
11637,test,0.9967149,False
11638,train,0.5577217,True
11639,train,0.48549527,False
11640,train,0.47319657,False
11641,train,0.42629546,False
11642,train,0.49534348,False
11643,train,0.44984335,False
11644,train,0.002873497,False
11645,train,0.003967659,False
11646,train,0.51385087,True
11647,train,0.32030794,False
11648,train,0.002975247,False
11649,train,0.0036962891,False
11650,train,0.0024342209,False
11651,test,0.4876976,False
11652,train,0.0032750021,False
11653,train,0.43491307,False
11654,train,0.44335422,False
11655,train,0.48081735,False
11656,train,0.42077637,False
11657,train,0.40036815,False
11658,test,0.4483459,False
11659,train,0.39281356,False
11660,train,0.4179093,False
11661,test,0.517787,False
11662,train,0.34814134,False
11663,train,0.56771356,True
11664,train,0.54121345,True
11665,train,0.44402376,False
11666,train,0.5161483,True
11667,train,0.003255532,False
11668,train,0.379915,False
11669,train,0.0038758183,False
11670,train,0.37527397,False
11671,train,0.41200417,False
11672,train,0.31133237,False
11673,test,0.4638193,False
11674,train,0.48356187,False
11675,test,0.2703748,False
11676,train,0.4518088,False
11677,train,0.5226643,True
11678,train,0.46698916,False
11679,train,0.54314566,True
11680,test,0.29889697,False
11681,train,0.35742086,False
11682,train,0.5374104,True
11683,test,0.99708146,False
11684,test,0.43626404,False
11685,test,0.5904701,False
11686,train,0.0034388527,False
11687,test,0.4040323,False
11688,train,0.21873002,False
11689,train,0.0029403241,False
11690,train,0.37642458,False
11691,train,0.44238773,False
11692,train,0.4837512,False
11693,train,0.48383904,False
11694,train,0.24631342,False
11695,test,0.5042914,False
11696,train,0.0032570544,False
11697,train,0.0034011442,False
11698,train,0.5327137,True
11699,train,0.4736482,False
11700,train,0.002771961,False
11701,test,0.353633,False
11702,train,0.50066286,True
11703,train,0.0028043021,False
11704,train,0.44856927,False
11705,train,0.48922172,False
11706,train,0.36068135,False
11707,train,0.4448121,False
11708,train,0.5184292,True
11709,test,0.99694026,False
11710,train,0.33999664,False
11711,train,0.4367736,False
11712,train,0.003563374,False
11713,test,0.39055327,False
11714,train,0.37280208,False
11715,train,0.47551584,False
11716,test,0.99717957,False
11717,test,0.56670696,False
11718,train,0.22856279,False
11719,train,0.4530031,False
11720,train,0.28481492,False
11721,train,0.512388,True
11722,train,0.0033535357,False
11723,train,0.4370536,False
11724,train,0.40219223,False
11725,train,0.0035517823,False
11726,train,0.43765506,False
11727,train,0.49269637,False
11728,train,0.4893035,False
11729,train,0.5709715,True
11730,train,0.4799964,False
11731,train,0.002601095,False
11732,train,0.3801203,False
11733,train,0.48692128,False
11734,train,0.49074137,False
11735,train,0.4826609,False
11736,train,0.4878566,False
11737,train,0.003519813,False
11738,train,0.0033848558,False
11739,test,0.36807328,False
11740,train,0.46087757,False
11741,train,0.46058404,False
11742,train,0.003185777,False
11743,train,0.47677195,False
11744,train,0.43496522,False
11745,test,0.39382678,False
11746,train,0.5346141,True
11747,test,0.32575074,False
11748,train,0.6018119,True
11749,train,0.40147865,False
11750,test,0.4754284,False
11751,test,0.34540385,False
11752,train,0.5619343,True
11753,train,0.0030898824,False
11754,train,0.4100032,False
11755,train,0.48673362,False
11756,train,0.38148236,False
11757,test,0.48833174,False
11758,train,0.4118061,False
11759,test,0.4881339,False
11760,train,0.43362996,False
11761,train,0.56435305,True
11762,train,0.0035832599,False
11763,test,0.9973011,False
11764,test,0.5143334,False
11765,test,0.5960811,False
11766,train,0.54092085,True
11767,test,0.39935404,False
11768,train,0.0031456745,False
11769,train,0.47011065,False
11770,train,0.45964432,False
11771,train,0.47965106,False
11772,test,0.5477323,False
11773,train,0.0041268724,False
11774,train,0.0034698718,False
11775,train,0.0029248802,False
11776,train,0.003209607,False
11777,test,0.99715745,False
11778,train,0.55961615,True
11779,train,0.5211846,True
11780,train,0.46047556,False
11781,test,0.50773984,False
11782,train,0.0030315074,False
11783,train,0.60967827,True
11784,test,0.44933248,False
11785,train,0.5470281,True
11786,test,0.49773976,False
11787,train,0.37913764,False
11788,train,0.49195546,False
11789,test,0.5693231,False
11790,train,0.44293404,False
11791,train,0.0033770576,False
11792,train,0.3938141,False
11793,train,0.3837723,False
11794,train,0.48301864,False
11795,train,0.4820531,False
11796,test,0.39210337,False
11797,train,0.41442078,False
11798,test,0.47497383,False
11799,train,0.31774083,False
11800,train,0.4488266,False
11801,train,0.43123943,False
11802,train,0.46718374,False
11803,train,0.4428813,False
11804,train,0.5474502,True
11805,train,0.41013595,False
11806,test,0.996683,False
11807,train,0.0035191793,False
11808,test,0.21631712,False
11809,train,0.0035649256,False
11810,train,0.43287182,False
11811,train,0.5327319,True
11812,train,0.003098649,False
11813,train,0.48394182,False
11814,train,0.0037890705,False
11815,train,0.003764202,False
11816,train,0.0034065193,False
11817,train,0.46046355,False
11818,train,0.5257446,True
11819,train,0.4152916,False
11820,train,0.48902506,False
11821,test,0.407594,False
11822,test,0.38944227,False
11823,train,0.32047543,False
11824,train,0.30903155,False
11825,train,0.3748831,False
11826,train,0.0032099013,False
11827,train,0.4097169,False
11828,test,0.45669195,False
11829,train,0.003040712,False
11830,train,0.3088266,False
11831,train,0.44818485,False
11832,train,0.43281278,False
11833,test,0.4919338,False
11834,test,0.41568568,False
11835,train,0.3042577,False
11836,train,0.5553445,True
11837,train,0.47108135,False
11838,train,0.5705267,True
11839,train,0.5522227,True
11840,train,0.39981803,False
11841,train,0.4722435,False
11842,train,0.2586433,False
11843,train,0.00197629,False
11844,test,0.45628726,False
11845,train,0.0037757324,False
11846,train,0.44850624,False
11847,train,0.33200592,False
11848,test,0.49621868,False
11849,train,0.33955258,False
11850,train,0.0035142822,False
11851,test,0.3172842,False
11852,train,0.46861285,False
11853,train,0.40807062,False
11854,train,0.20887879,False
11855,train,0.4884333,False
11856,train,0.49628475,False
11857,train,0.45012566,False
11858,train,0.6599871,True
11859,train,0.5289815,True
11860,train,0.51926816,True
11861,train,0.46011192,False
11862,train,0.67109346,True
11863,train,0.31609738,False
11864,train,0.3703853,False
11865,test,0.5339541,False
11866,train,0.5326986,True
11867,train,0.39290768,False
11868,train,0.41691288,False
11869,train,0.36503315,False
11870,train,0.48653334,False
11871,test,0.60964805,False
11872,train,0.42182666,False
11873,train,0.56251836,True
11874,train,0.62173325,True
11875,train,0.44608822,False
11876,train,0.003570589,False
11877,test,0.58504593,False
11878,train,0.47609657,False
11879,train,0.3431947,False
11880,train,0.0033724215,False
11881,test,0.33230814,False
11882,train,0.4104594,False
11883,train,0.49030042,False
11884,train,0.003416173,False
11885,train,0.5128589,True
11886,train,0.42723367,False
11887,test,0.997565,False
11888,train,0.41711724,False
11889,test,0.9971554,False
11890,train,0.3972886,False
11891,train,0.4766287,False
11892,train,0.45202366,False
11893,train,0.43611607,False
11894,test,0.37572083,False
11895,train,0.6414813,True
11896,test,0.35473385,False
11897,test,0.36506167,False
11898,test,0.5783858,False
11899,train,0.0026279178,False
11900,train,0.41862664,False
11901,train,0.45007148,False
11902,train,0.33440447,False
11903,train,0.4059311,False
11904,train,0.4832236,False
11905,train,0.52910227,True
11906,train,0.0035325596,False
11907,train,0.36876026,False
11908,test,0.9959339,False
11909,train,0.3686485,False
11910,train,0.48035035,False
11911,test,0.3825493,False
11912,test,0.99690354,False
11913,train,0.4626922,False
11914,test,0.5884268,False
11915,train,0.36734068,False
11916,train,0.49251372,False
11917,train,0.4604867,False
11918,test,0.9969337,False
11919,test,0.350363,False
11920,train,0.3076487,False
11921,train,0.40051135,False
11922,train,0.0035749879,False
11923,train,0.003146769,False
11924,train,0.4285881,False
11925,train,0.0035489409,False
11926,train,0.38731182,False
11927,train,0.46021277,False
11928,train,0.54513276,True
11929,train,0.4496283,False
11930,train,0.34309763,False
11931,train,0.47152698,False
11932,train,0.8623064,True
11933,train,0.49003667,False
11934,test,0.41259605,False
11935,train,0.32712042,False
11936,train,0.39823934,False
11937,train,0.59860045,True
11938,train,0.0029077511,False
11939,train,0.54452384,True
11940,train,0.41686594,False
11941,train,0.49384272,False
11942,train,0.36744118,False
11943,train,0.64624673,True
11944,train,0.27649516,False
11945,train,0.49703342,False
11946,train,0.0035623873,False
11947,train,0.0033285983,False
11948,train,0.0034051493,False
11949,train,0.002801281,False
11950,train,0.8167188,True
11951,train,0.41393146,False
11952,train,0.40383348,False
11953,train,0.003648287,False
11954,train,0.3781499,False
11955,train,0.4127367,False
11956,train,0.50556576,True
11957,train,0.004083641,False
11958,train,0.33866063,False
11959,train,0.41170838,False
11960,train,0.54632515,True
11961,train,0.4322842,False
11962,train,0.3890193,False
11963,train,0.35324138,False
11964,test,0.47600493,False
11965,train,0.5471992,True
11966,train,0.47549593,False
11967,test,0.3353055,False
11968,train,0.45224497,False
11969,train,0.4256923,False
11970,test,0.44416273,False
11971,train,0.0037250705,False
11972,train,0.43681204,False
11973,train,0.45684022,False
11974,train,0.40612823,False
11975,train,0.55693656,True
11976,test,0.45654285,False
11977,train,0.002961166,False
11978,test,0.4470635,False
11979,train,0.4731076,False
11980,train,0.39794558,False
11981,train,0.44189683,False
11982,train,0.0030843983,False
11983,train,0.19315979,False
11984,train,0.5948408,True
11985,test,0.9977035,False
11986,test,0.4619061,False
11987,train,0.4719916,False
11988,train,0.5434137,True
11989,train,0.47442263,False
11990,train,0.41084987,False
11991,train,0.39764002,False
11992,train,0.42248753,False
11993,train,0.50040334,True
11994,train,0.54319555,True
11995,train,0.4206954,False
11996,test,0.36368856,False
11997,train,0.49075854,False
11998,train,0.45912966,False
11999,train,0.44038945,False
12000,train,0.0034385046,False
12001,train,0.0026276547,False
12002,train,0.5623733,True
12003,train,0.36929253,False
12004,train,0.0036532355,False
12005,train,0.002644253,False
12006,train,0.25389156,False
12007,train,0.0034562473,False
12008,train,0.5103075,True
12009,train,0.53506577,True
12010,train,0.44813582,False
12011,train,0.3983435,False
12012,train,0.42969558,False
12013,test,0.99761754,False
12014,train,0.0033096399,False
12015,train,0.4244738,False
12016,train,0.5574974,True
12017,train,0.0029436066,False
12018,train,0.3594623,False
12019,train,0.5150093,True
12020,test,0.42664832,False
12021,train,0.39473006,False
12022,train,0.43217263,False
12023,train,0.5130634,True
12024,test,0.47322485,False
12025,train,0.53785425,True
12026,train,0.0032855903,False
12027,train,0.46534517,False
12028,test,0.99722797,False
12029,train,0.46344525,False
12030,train,0.5848299,True
12031,train,0.40715256,False
12032,train,0.51421815,True
12033,train,0.53477734,True
12034,train,0.4680406,False
12035,train,0.0031364998,False
12036,train,0.48545456,False
12037,test,0.40113142,False
12038,train,0.5611777,True
12039,train,0.0035140635,False
12040,train,0.48469427,False
12041,train,0.46089172,False
12042,test,0.9975002,False
12043,train,0.28968325,False
12044,train,0.0036733467,False
12045,train,0.54237205,True
12046,train,0.00347099,False
12047,test,0.5951244,False
12048,test,0.9975131,False
12049,train,0.30186775,False
12050,train,0.3332629,False
12051,train,0.0033496022,False
12052,test,0.5396663,False
12053,test,0.47356218,False
12054,test,0.4463292,False
12055,train,0.4218038,False
12056,train,0.5113635,True
12057,train,0.34506255,False
12058,test,0.5307252,False
12059,train,0.55762124,True
12060,train,0.50630784,True
12061,test,0.99738586,False
12062,train,0.44077197,False
12063,train,0.0035989808,False
12064,train,0.0043289647,False
12065,test,0.45930746,False
12066,train,0.49893183,True
12067,train,0.0043466375,False
12068,train,0.6393511,True
12069,train,0.0022941707,False
12070,train,0.48644543,False
12071,train,0.003606726,False
12072,test,0.54035467,False
12073,train,0.39925852,False
12074,train,0.47613898,False
12075,train,0.46038568,False
12076,test,0.49375668,False
12077,test,0.53594035,False
12078,train,0.5011929,True
12079,train,0.3508044,False
12080,train,0.30448774,False
12081,train,0.4581599,False
12082,train,0.25799516,False
12083,train,0.4543937,False
12084,train,0.4527366,False
12085,train,0.0029474034,False
12086,train,0.5403623,True
12087,train,0.43101212,False
12088,train,0.33608857,False
12089,train,0.49401763,False
12090,train,0.536109,True
12091,test,0.99754393,False
12092,train,0.39931092,False
12093,train,0.510639,True
12094,train,0.0039695073,False
12095,test,0.3039525,False
12096,train,0.37756762,False
12097,train,0.39627203,False
12098,train,0.5320285,True
12099,train,0.4093841,False
12100,train,0.47380048,False
12101,train,0.4886134,False
12102,train,0.003545493,False
12103,train,0.3979722,False
12104,train,0.39899424,False
12105,test,0.37021908,False
12106,test,0.5442115,False
12107,train,0.5076755,True
12108,train,0.5280085,True
12109,train,0.0030992562,False
12110,train,0.0033090839,False
12111,train,0.49767283,False
12112,train,0.48368576,False
12113,train,0.36790875,False
12114,test,0.85520995,False
12115,train,0.37753013,False
12116,train,0.49018,False
12117,train,0.4221111,False
12118,train,0.51775116,True
12119,train,0.33359438,False
12120,train,0.43374094,False
12121,train,0.0031328136,False
12122,train,0.0026349374,False
12123,train,0.00291662,False
12124,train,0.54185206,True
12125,test,0.30605003,False
12126,train,0.0034674003,False
12127,train,0.4573204,False
12128,train,0.32396954,False
12129,test,0.39352834,False
12130,train,0.50778794,True
12131,test,0.9968979,False
12132,train,0.5130704,True
12133,train,0.5195051,True
12134,train,0.5618282,True
12135,train,0.48393503,False
12136,train,0.4938916,False
12137,train,0.0028820215,False
12138,train,0.37176153,False
12139,train,0.56271327,True
12140,train,0.49341884,False
12141,train,0.003068349,False
12142,train,0.6187622,True
12143,train,0.3297126,False
12144,train,0.2289645,False
12145,train,0.42645836,False
12146,train,0.24186783,False
12147,test,0.35149822,False
12148,train,0.0032115472,False
12149,train,0.40135255,False
12150,train,0.0030356506,False
12151,train,0.0030745564,False
12152,train,0.004683311,False
12153,train,0.0033502064,False
12154,train,0.0041045104,False
12155,test,0.99710804,False
12156,train,0.0026105298,False
12157,train,0.3642848,False
12158,train,0.5085768,True
12159,test,0.45893088,False
12160,train,0.0041397605,False
12161,train,0.0028167106,False
12162,train,0.55716515,True
12163,train,0.4294689,False
12164,train,0.24347647,False
12165,train,0.003358032,False
12166,train,0.2967759,False
12167,train,0.0033861622,False
12168,train,0.503083,True
12169,train,0.39612046,False
12170,train,0.35434338,False
12171,train,0.4273343,False
12172,train,0.42688692,False
12173,test,0.99732894,False
12174,train,0.27787596,False
12175,train,0.5182036,True
12176,train,0.42132786,False
12177,train,0.358658,False
12178,train,0.39681575,False
12179,train,0.27401933,False
12180,train,0.3676317,False
12181,train,0.45426926,False
12182,train,0.5440775,True
12183,train,0.0033710431,False
12184,train,0.46059886,False
12185,train,0.50542617,True
12186,test,0.34967688,False
12187,train,0.3861165,False
12188,train,0.38168296,False
12189,train,0.48977157,False
12190,test,0.5045423,False
12191,train,0.003197563,False
12192,train,0.43580768,False
12193,test,0.46860382,False
12194,train,0.50685894,True
12195,train,0.5883562,True
12196,train,0.4209906,False
12197,train,0.48909852,False
12198,train,0.0031751674,False
12199,train,0.33723173,False
12200,train,0.41073626,False
12201,train,0.0035926918,False
12202,train,0.003565245,False
12203,train,0.47157648,False
12204,train,0.48643625,False
12205,test,0.33913788,False
12206,train,0.39324078,False
12207,train,0.0040249056,False
12208,train,0.392925,False
12209,train,0.0031218387,False
12210,train,0.0033671816,False
12211,train,0.37318772,False
12212,train,0.58740133,True
12213,train,0.39171398,False
12214,train,0.53693825,True
12215,train,0.39794153,False
12216,train,0.4506363,False
12217,train,0.394982,False
12218,train,0.40946892,False
12219,train,0.0029416466,False
12220,test,0.48139906,False
12221,test,0.5115108,False
12222,test,0.49287504,False
12223,train,0.3398744,False
12224,train,0.0031995992,False
12225,train,0.39733052,False
12226,train,0.41464055,False
12227,train,0.4734472,False
12228,train,0.47133598,False
12229,train,0.5155321,True
12230,train,0.4966035,False
12231,train,0.5821143,True
12232,test,0.4022914,False
12233,train,0.48000556,False
12234,train,0.55787313,True
12235,train,0.44231597,False
12236,train,0.5487745,True
12237,train,0.4166402,False
12238,train,0.5524647,True
12239,train,0.36699396,False
12240,train,0.51647323,True
12241,train,0.53512704,True
12242,train,0.66803616,True
12243,train,0.42405123,False
12244,train,0.52291423,True
12245,train,0.4781809,False
12246,train,0.37105268,False
12247,train,0.4920789,False
12248,train,0.52124935,True
12249,train,0.42482054,False
12250,train,0.0030609043,False
12251,train,0.583588,True
12252,train,0.23529047,False
12253,test,0.3952149,False
12254,test,0.5290879,False
12255,train,0.3573503,False
12256,train,0.4907469,False
12257,train,0.4656735,False
12258,train,0.48161086,False
12259,train,0.40881184,False
12260,test,0.3850337,False
12261,test,0.47727302,False
12262,train,0.5282291,True
12263,train,0.32782695,False
12264,test,0.9975409,False
12265,train,0.0035315861,False
12266,train,0.49807262,True
12267,train,0.5630196,True
12268,train,0.0030919372,False
12269,train,0.45671812,False
12270,test,0.44103363,False
12271,train,0.37906548,False
12272,train,0.52023184,True
12273,train,0.5329597,True
12274,train,0.5213441,True
12275,train,0.0032912223,False
12276,train,0.4613643,False
12277,train,0.47948316,False
12278,test,0.38771135,False
12279,train,0.43315864,False
12280,train,0.004007201,False
12281,train,0.3919958,False
12282,train,0.0033409095,False
12283,train,0.1894365,False
12284,test,0.2834835,False
12285,train,0.3806459,False
12286,train,0.4466438,False
12287,test,0.47552943,False
12288,train,0.37380928,False
12289,test,0.5372196,False
12290,train,0.5722712,True
12291,train,0.45141533,False
12292,test,0.53744775,False
12293,test,0.5776667,False
12294,train,0.39374515,False
12295,train,0.49234894,False
12296,train,0.4332267,False
12297,test,0.60695046,False
12298,train,0.45963776,False
12299,test,0.4821758,False
12300,train,0.35518175,False
12301,train,0.446366,False
12302,train,0.42907983,False
12303,train,0.25873023,False
12304,train,0.51316905,True
12305,train,0.32447562,False
12306,train,0.5229446,True
12307,train,0.5541078,True
12308,train,0.42720592,False
12309,train,0.0037837909,False
12310,train,0.35844854,False
12311,train,0.62858725,True
12312,train,0.46961454,False
12313,test,0.40648934,False
12314,train,0.38204867,False
12315,train,0.28712153,False
12316,train,0.25628552,False
12317,test,0.4968115,False
12318,train,0.46491966,False
12319,train,0.30682704,False
12320,train,0.3507207,False
12321,train,0.3975888,False
12322,train,0.51782215,True
12323,train,0.6501149,True
12324,train,0.46737117,False
12325,train,0.44874224,False
12326,train,0.33877072,False
12327,train,0.4878204,False
12328,train,0.32173538,False
12329,train,0.0030355765,False
12330,train,0.39490345,False
12331,test,0.47408774,False
12332,train,0.44968373,False
12333,train,0.0030450514,False
12334,train,0.4058059,False
12335,train,0.43817243,False
12336,train,0.5336202,True
12337,test,0.3282048,False
12338,train,0.3795507,False
12339,train,0.45247626,False
12340,train,0.0036506697,False
12341,train,0.43456048,False
12342,train,0.4270924,False
12343,train,0.48493782,False
12344,train,0.4821465,False
12345,train,0.33166307,False
12346,train,0.4287849,False
12347,train,0.4663298,False
12348,train,0.33167332,False
12349,train,0.002877368,False
12350,train,0.004056507,False
12351,test,0.34670982,False
12352,train,0.5383942,True
12353,train,0.003177108,False
12354,train,0.0032235966,False
12355,train,0.0033906556,False
12356,train,0.33031628,False
12357,train,0.00354752,False
12358,train,0.3804941,False
12359,train,0.5908527,True
12360,test,0.46203798,False
12361,train,0.48742285,False
12362,test,0.9970193,False
12363,train,0.41888738,False
12364,train,0.0032731995,False
12365,train,0.0024658008,False
12366,train,0.45337933,False
12367,train,0.0029858272,False
12368,train,0.29804975,False
12369,train,0.4099062,False
12370,train,0.38792926,False
12371,train,0.35332596,False
12372,train,0.39397523,False
12373,test,0.5484104,False
12374,train,0.002970109,False
12375,train,0.003955758,False
12376,train,0.0033537825,False
12377,test,0.5213476,False
12378,test,0.9964702,False
12379,train,0.36322215,False
12380,test,0.99705404,False
12381,train,0.37116975,False
12382,train,0.0038491753,False
12383,train,0.00417488,False
12384,train,0.40128288,False
12385,train,0.56245905,True
12386,train,0.48581752,False
12387,train,0.43913436,False
12388,train,0.5328732,True
12389,train,0.5043037,True
12390,train,0.5050432,True
12391,test,0.4847194,False
12392,test,0.473707,False
12393,train,0.32085174,False
12394,test,0.4222954,False
12395,train,0.5921913,True
12396,train,0.47335142,False
12397,train,0.57701117,True
12398,train,0.34820056,False
12399,train,0.46681225,False
12400,train,0.37346736,False
12401,train,0.003363654,False
12402,test,0.49005798,False
12403,train,0.5198882,True
12404,train,0.0035331077,False
12405,train,0.39830342,False
12406,train,0.0028848161,False
12407,train,0.4705033,False
12408,train,0.3717816,False
12409,train,0.5218132,True
12410,train,0.48346585,False
12411,train,0.0032035783,False
12412,train,0.0027186396,False
12413,test,0.48857695,False
12414,train,0.5761876,True
12415,train,0.4509952,False
12416,test,0.53461933,False
12417,train,0.38782853,False
12418,train,0.393046,False
12419,train,0.2907736,False
12420,train,0.0033633981,False
12421,train,0.4870573,False
12422,train,0.24537921,False
12423,train,0.003911532,False
12424,train,0.4351377,False
12425,train,0.47823277,False
12426,train,0.4155243,False
12427,train,0.39427188,False
12428,train,0.0036128727,False
12429,train,0.5098933,True
12430,train,0.49432302,False
12431,train,0.41374558,False
12432,test,0.3818744,False
12433,train,0.5046235,True
12434,train,0.41506943,False
12435,train,0.52404,True
12436,train,0.4617134,False
12437,test,0.52407014,False
12438,test,0.4358067,False
12439,train,0.5775729,True
12440,test,0.9973966,False
12441,train,0.25415882,False
12442,train,0.5086597,True
12443,train,0.003357486,False
12444,train,0.45375147,False
12445,train,0.003446418,False
12446,train,0.3777938,False
12447,train,0.0036823363,False
12448,test,0.57739633,False
12449,train,0.6096091,True
12450,train,0.40418655,False
12451,test,0.65937537,False
12452,test,0.37937596,False
12453,train,0.45804343,False
12454,train,0.0036840055,False
12455,train,0.4988173,True
12456,train,0.4964967,False
12457,train,0.004174681,False
12458,test,0.29898903,False
12459,test,0.55190486,False
12460,train,0.39862907,False
12461,train,0.52445984,True
12462,test,0.45113,False
12463,train,0.32372975,False
12464,train,0.330948,False
12465,train,0.4073402,False
12466,train,0.3115372,False
12467,train,0.5181736,True
12468,train,0.32135734,False
12469,train,0.0027930816,False
12470,train,0.24193457,False
12471,train,0.5638536,True
12472,train,0.49697375,False
12473,train,0.40469435,False
12474,train,0.40426916,False
12475,train,0.27730227,False
12476,train,0.29018262,False
12477,train,0.44259977,False
12478,train,0.56026,True
12479,test,0.45720893,False
12480,test,0.46528387,False
12481,train,0.3587256,False
12482,train,0.45869127,False
12483,train,0.41358438,False
12484,test,0.4495291,False
12485,test,0.57913095,False
12486,test,0.5278514,False
12487,test,0.54605216,False
12488,train,0.3162271,False
12489,test,0.39405268,False
12490,train,0.3497087,False
12491,train,0.48421213,False
12492,test,0.9970311,False
12493,test,0.62018,False
12494,train,0.52267367,True
12495,test,0.36065745,False
12496,train,0.45495197,False
12497,test,0.20387056,False
12498,train,0.51600856,True
12499,train,0.55391836,True
12500,train,0.45900443,False
12501,train,0.52078724,True
12502,test,0.25350294,False
12503,train,0.003207252,False
12504,train,0.48431677,False
12505,train,0.44830436,False
12506,test,0.5046251,False
12507,train,0.44365096,False
12508,test,0.4927561,False
12509,train,0.35144514,False
12510,train,0.003951676,False
12511,train,0.31361064,False
12512,test,0.5250837,False
12513,train,0.32389447,False
12514,train,0.29341388,False
12515,train,0.55234444,True
12516,train,0.0029003976,False
12517,train,0.38627806,False
12518,test,0.42026433,False
12519,test,0.336652,False
12520,train,0.002629765,False
12521,train,0.4801603,False
12522,test,0.47849378,False
12523,train,0.49279073,False
12524,train,0.31259403,False
12525,train,0.49929175,True
12526,train,0.4990321,True
12527,train,0.406492,False
12528,train,0.49161142,False
12529,test,0.4131428,False
12530,train,0.3911646,False
12531,test,0.45360473,False
12532,train,0.0035995722,False
12533,test,0.48486102,False
12534,test,0.52396244,False
12535,train,0.003172522,False
12536,test,0.39989194,False
12537,train,0.0035548115,False
12538,train,0.3654406,False
12539,train,0.35682318,False
12540,train,0.41130227,False
12541,train,0.4638479,False
12542,train,0.34336632,False
12543,train,0.4596637,False
12544,train,0.003176617,False
12545,train,0.5170755,True
12546,train,0.5787189,True
12547,train,0.38958386,False
12548,train,0.5000278,True
12549,train,0.47533673,False
12550,train,0.35339168,False
12551,train,0.0032944013,False
12552,train,0.0026153536,False
12553,train,0.4170686,False
12554,train,0.46268272,False
12555,train,0.5180057,True
12556,train,0.43972644,False
12557,train,0.42645064,False
12558,train,0.515975,True
12559,train,0.4862289,False
12560,train,0.4952451,False
12561,train,0.40680152,False
12562,train,0.0029594174,False
12563,train,0.3501538,False
12564,test,0.30116206,False
12565,test,0.53709894,False
12566,train,0.4474587,False
12567,train,0.5005633,True
12568,test,0.5189299,False
12569,train,0.46509415,False
12570,train,0.37916264,False
12571,train,0.49215898,False
12572,test,0.9972297,False
12573,train,0.4931473,False
12574,test,0.46048424,False
12575,train,0.5609054,True
12576,train,0.42559627,False
12577,train,0.002776898,False
12578,train,0.62703013,True
12579,test,0.32442674,False
12580,train,0.51261896,True
12581,test,0.3788883,False
12582,train,0.389095,False
12583,train,0.52351713,True
12584,train,0.50443536,True
12585,train,0.0037828442,False
12586,train,0.4969692,False
12587,train,0.5364222,True
12588,test,0.99698377,False
12589,train,0.31649375,False
12590,train,0.3220695,False
12591,train,0.44622695,False
12592,train,0.2833473,False
12593,train,0.5784341,True
12594,train,0.55238837,True
12595,train,0.0026962487,False
12596,train,0.0034640979,False
12597,train,0.42251357,False
12598,train,0.0038512344,False
12599,train,0.46406135,False
12600,test,0.37139732,False
12601,train,0.49467966,False
12602,train,0.3987472,False
12603,train,0.0031328204,False
12604,train,0.0035636898,False
12605,train,0.4272016,False
12606,test,0.5615304,False
12607,train,0.0036926654,False
12608,train,0.44141942,False
12609,train,0.0032075206,False
12610,train,0.3018887,False
12611,train,0.46551722,False
12612,train,0.47551072,False
12613,train,0.40531802,False
12614,train,0.46221647,False
12615,train,0.0036244164,False
12616,test,0.46967295,False
12617,train,0.0035085748,False
12618,train,0.33325425,False
12619,test,0.54829174,False
12620,train,0.65239924,True
12621,test,0.4019854,False
12622,test,0.3753289,False
12623,train,0.31868848,False
12624,train,0.37442657,False
12625,train,0.0042949743,False
12626,train,0.0031207833,False
12627,train,0.52242327,True
12628,train,0.4439206,False
12629,train,0.55992883,True
12630,train,0.0023169378,False
12631,train,0.0043023364,False
12632,train,0.36076137,False
12633,train,0.0030927414,False
12634,test,0.47623911,False
12635,train,0.0031251276,False
12636,train,0.4403407,False
12637,train,0.4010654,False
12638,train,0.4529428,False
12639,train,0.512698,True
12640,train,0.3440499,False
12641,train,0.44395962,False
12642,train,0.36791104,False
12643,train,0.46359292,False
12644,test,0.4297758,False
12645,test,0.5276626,False
12646,train,0.423706,False
12647,train,0.4149578,False
12648,train,0.39510375,False
12649,train,0.0025940272,False
12650,train,0.43958232,False
12651,train,0.34271234,False
12652,train,0.0035573784,False
12653,test,0.42815834,False
12654,train,0.30629045,False
12655,train,0.46973726,False
12656,train,0.2921099,False
12657,train,0.3459049,False
12658,train,0.4470275,False
12659,train,0.43665093,False
12660,test,0.4823731,False
12661,test,0.49219972,False
12662,train,0.37647235,False
12663,train,0.45985538,False
12664,train,0.5365908,True
12665,test,0.99698985,False
12666,train,0.0029703828,False
12667,train,0.5072066,True
12668,test,0.46427602,False
12669,train,0.27533862,False
12670,test,0.44549528,False
12671,test,0.31218898,False
12672,train,0.46839997,False
12673,train,0.0037822616,False
12674,test,0.3953451,False
12675,train,0.4906599,False
12676,test,0.24731848,False
12677,train,0.003510027,False
12678,test,0.99677867,False
12679,test,0.99745595,False
12680,train,0.0032872448,False
12681,train,0.6479697,True
12682,train,0.38693675,False
12683,train,0.51654094,True
12684,train,0.33894718,False
12685,train,0.5446563,True
12686,train,0.5424103,True
12687,train,0.40431213,False
12688,train,0.42384103,False
12689,train,0.0037556887,False
12690,train,0.0038846666,False
12691,train,0.0036517673,False
12692,train,0.003594254,False
12693,train,0.42383388,False
12694,train,0.401119,False
12695,test,0.4383515,False
12696,train,0.5216693,True
12697,test,0.5738308,False
12698,train,0.5164363,True
12699,train,0.45971787,False
12700,test,0.99618655,False
12701,test,0.997521,False
12702,train,0.49910328,True
12703,test,0.99726045,False
12704,train,0.3800241,False
12705,train,0.4992387,True
12706,test,0.9968359,False
12707,train,0.43622681,False
12708,train,0.5795302,True
12709,train,0.4319637,False
12710,test,0.32499665,False
12711,train,0.0034611856,False
12712,test,0.44432336,False
12713,test,0.55692697,False
12714,test,0.47735503,False
12715,train,0.3514978,False
12716,train,0.42287594,False
12717,train,0.0031633093,False
12718,train,0.41951832,False
12719,test,0.47351924,False
12720,train,0.43168262,False
12721,test,0.5260553,False
12722,train,0.0029183405,False
12723,test,0.9970258,False
12724,train,0.3556159,False
12725,train,0.37692952,False
12726,train,0.46044824,False
12727,train,0.43133327,False
12728,train,0.003145121,False
12729,train,0.0031530345,False
12730,train,0.34389037,False
12731,train,0.47104913,False
12732,test,0.5187837,False
12733,train,0.5113163,True
12734,train,0.0030402502,False
12735,test,0.44011122,False
12736,train,0.49469382,False
12737,test,0.444027,False
12738,train,0.5235953,True
12739,train,0.5055825,True
12740,train,0.5181925,True
12741,train,0.538622,True
12742,train,0.4502644,False
12743,train,0.4420619,False
12744,train,0.52177197,True
12745,train,0.42224362,False
12746,train,0.50639254,True
12747,test,0.9972191,False
12748,train,0.38759685,False
12749,train,0.2944117,False
12750,train,0.51419103,True
12751,train,0.5212746,True
12752,train,0.003086107,False
12753,train,0.4701091,False
12754,train,0.4332462,False
12755,train,0.5018786,True
12756,train,0.5962561,True
12757,train,0.0036631804,False
12758,train,0.4807852,False
12759,train,0.4126174,False
12760,test,0.5386981,False
12761,train,0.47524634,False
12762,train,0.45557466,False
12763,train,0.40266192,False
12764,train,0.42633763,False
12765,train,0.0027712525,False
12766,test,0.4588461,False
12767,train,0.45363548,False
12768,train,0.43760994,False
12769,train,0.5099195,True
12770,train,0.48096058,False
12771,train,0.5073744,True
12772,train,0.5172822,True
12773,train,0.003971576,False
12774,train,0.0032437579,False
12775,test,0.9970204,False
12776,train,0.49390623,False
12777,train,0.0029419109,False
12778,train,0.4607472,False
12779,train,0.53668755,True
12780,train,0.34583384,False
12781,train,0.44722605,False
12782,train,0.4416835,False
12783,train,0.5222722,True
12784,train,0.53562444,True
12785,train,0.45443764,False
12786,train,0.0034502565,False
12787,train,0.3462974,False
12788,train,0.44157076,False
12789,train,0.003904901,False
12790,test,0.41084468,False
12791,train,0.3671353,False
12792,train,0.50056654,True
12793,train,0.4090973,False
12794,train,0.0034873593,False
12795,train,0.0032766447,False
12796,train,0.38081157,False
12797,test,0.49094847,False
12798,test,0.43161333,False
12799,train,0.34861138,False
12800,train,0.002622682,False
12801,train,0.559292,True
12802,train,0.45168465,False
12803,test,0.9974152,False
12804,train,0.0032449572,False
12805,train,0.36139667,False
12806,train,0.34946418,False
12807,train,0.53207636,True
12808,train,0.0031649026,False
12809,test,0.99736863,False
12810,train,0.44230032,False
12811,train,0.49365214,False
12812,test,0.394001,False
12813,train,0.23578672,False
12814,train,0.5110731,True
12815,test,0.99659735,False
12816,test,0.99694735,False
12817,train,0.42236316,False
12818,test,0.5487661,False
12819,train,0.4250889,False
12820,train,0.35704535,False
12821,train,0.33902586,False
12822,train,0.35475382,False
12823,train,0.38391703,False
12824,train,0.35289448,False
12825,train,0.003589074,False
12826,train,0.53465426,True
12827,train,0.41198474,False
12828,test,0.60401064,False
12829,train,0.0034049929,False
12830,train,0.30790696,False
12831,test,0.32184932,False
12832,test,0.9971762,False
12833,train,0.0035340153,False
12834,train,0.3812246,False
12835,train,0.3381315,False
12836,test,0.500272,False
12837,train,0.0034240508,False
12838,train,0.0031086241,False
12839,train,0.5416788,True
12840,train,0.5034931,True
12841,train,0.49658406,False
12842,train,0.0037893162,False
12843,train,0.47323754,False
12844,train,0.0033759319,False
12845,train,0.54088336,True
12846,train,0.4076523,False
12847,train,0.35995796,False
12848,train,0.40626526,False
12849,train,0.0033212032,False
12850,test,0.523679,False
12851,test,0.46174887,False
12852,train,0.0031029226,False
12853,test,0.3296809,False
12854,test,0.9971563,False
12855,train,0.0023834936,False
12856,train,0.5331871,True
12857,train,0.46815732,False
12858,train,0.4642909,False
12859,train,0.40303776,False
12860,train,0.45063543,False
12861,train,0.4495826,False
12862,test,0.8361637,False
12863,train,0.17904748,False
12864,test,0.9968618,False
12865,train,0.45127895,False
12866,train,0.45492733,False
12867,test,0.49393052,False
12868,train,0.48504847,False
12869,test,0.5339862,False
12870,test,0.44356626,False
12871,test,0.49019104,False
12872,test,0.9973161,False
12873,train,0.5147706,True
12874,train,0.4708754,False
12875,test,0.38325846,False
12876,train,0.44214046,False
12877,train,0.45612857,False
12878,train,0.37730926,False
12879,train,0.3820686,False
12880,train,0.44901899,False
12881,train,0.0039273878,False
12882,train,0.25807026,False
12883,train,0.0031468899,False
12884,test,0.47995704,False
12885,train,0.40832195,False
12886,train,0.0031143313,False
12887,train,0.61051315,True
12888,train,0.21774068,False
12889,train,0.3450889,False
12890,train,0.37210152,False
12891,train,0.0038572776,False
12892,train,0.003003796,False
12893,train,0.56363124,True
12894,test,0.37728372,False
12895,train,0.0028871028,False
12896,train,0.003342593,False
12897,train,0.0031755904,False
12898,test,0.61514324,False
12899,test,0.9964252,False
12900,test,0.59228665,False
12901,test,0.59030086,False
12902,test,0.35371333,False
12903,train,0.0034451103,False
12904,train,0.49159047,False
12905,train,0.2182234,False
12906,train,0.45003015,False
12907,train,0.48525834,False
12908,test,0.99631757,False
12909,train,0.48905247,False
12910,train,0.38311535,False
12911,train,0.22433099,False
12912,test,0.3752789,False
12913,test,0.36912608,False
12914,train,0.41432562,False
12915,train,0.002458524,False
12916,train,0.49546936,False
12917,test,0.53843796,False
12918,train,0.0037289942,False
12919,test,0.27623326,False
12920,test,0.5137684,False
12921,train,0.35917443,False
12922,train,0.47673655,False
12923,train,0.0035516734,False
12924,train,0.0044944654,False
12925,train,0.35618103,False
12926,train,0.0027037864,False
12927,train,0.42210633,False
12928,train,0.45475265,False
12929,test,0.99652636,False
12930,test,0.50997084,False
12931,train,0.5806283,True
12932,test,0.41667056,False
12933,train,0.42588422,False
12934,test,0.45991677,False
12935,train,0.26886943,False
12936,train,0.0026224854,False
12937,test,0.9975507,False
12938,train,0.4049187,False
12939,train,0.51155573,True
12940,test,0.99654764,False
12941,train,0.0038960413,False
12942,train,0.5487056,True
12943,test,0.53949744,False
12944,train,0.47976106,False
12945,test,0.40263924,False
12946,train,0.40373623,False
12947,train,0.63174677,True
12948,test,0.54130447,False
12949,train,0.00374335,False
12950,train,0.45343512,False
12951,train,0.36506653,False
12952,train,0.42539105,False
12953,train,0.4179329,False
12954,train,0.35464382,False
12955,train,0.0032756731,False
12956,test,0.52705956,False
12957,test,0.5492965,False
12958,test,0.55208135,False
12959,train,0.48458567,False
12960,train,0.50166124,True
12961,train,0.5185985,True
12962,train,0.51519686,True
12963,train,0.51439995,True
12964,train,0.3970335,False
12965,train,0.41390738,False
12966,train,0.003879457,False
12967,train,0.5510744,True
12968,test,0.48031357,False
12969,train,0.0032974703,False
12970,train,0.39120257,False
12971,train,0.5196614,True
12972,test,0.35971937,False
12973,train,0.51018757,True
12974,test,0.29052177,False
12975,test,0.44789886,False
12976,train,0.004265401,False
12977,train,0.4961042,False
12978,test,0.99675494,False
12979,train,0.3653139,False
12980,train,0.0038196503,False
12981,train,0.38253006,False
12982,test,0.3674776,False
12983,train,0.32211754,False
12984,train,0.0031941128,False
12985,test,0.5324582,False
12986,train,0.31705812,False
12987,train,0.0037325716,False
12988,train,0.00367784,False
12989,test,0.5048496,False
12990,train,0.0025730801,False
12991,train,0.46756527,False
12992,test,0.9974434,False
12993,train,0.5624836,True
12994,train,0.48277143,False
12995,test,0.30441558,False
12996,train,0.3576975,False
12997,test,0.36299062,False
12998,train,0.5249842,True
12999,train,0.39368778,False
13000,train,0.5044267,True
13001,train,0.38302094,False
13002,train,0.002576645,False
13003,train,0.39065605,False
13004,train,0.46448165,False
13005,train,0.48214737,False
13006,train,0.31028414,False
13007,train,0.0026720907,False
13008,train,0.3513174,False
13009,train,0.51496685,True
13010,train,0.4139755,False
13011,train,0.5966858,True
13012,train,0.60924226,True
13013,train,0.398348,False
13014,train,0.5607838,True
13015,train,0.5529426,True
13016,train,0.52410305,True
13017,train,0.40546674,False
13018,train,0.3866656,False
13019,train,0.4342776,False
13020,test,0.4371291,False
13021,train,0.40684965,False
13022,train,0.4764061,False
13023,test,0.50763184,False
13024,train,0.0025096217,False
13025,train,0.0030491478,False
13026,train,0.3071186,False
13027,test,0.9973862,False
13028,train,0.37184685,False
13029,train,0.40934575,False
13030,train,0.46843797,False
13031,train,0.0026138225,False
13032,train,0.40833208,False
13033,train,0.002765795,False
13034,train,0.25439978,False
13035,train,0.45635864,False
13036,train,0.004181652,False
13037,train,0.42121038,False
13038,test,0.46926627,False
13039,train,0.0034025526,False
13040,train,0.0030370043,False
13041,train,0.47070938,False
13042,train,0.16844492,False
13043,train,0.5201289,True
13044,test,0.5080345,False
13045,train,0.26655987,False
13046,train,0.003920703,False
13047,train,0.47796226,False
13048,train,0.004224272,False
13049,train,0.0038117003,False
13050,test,0.41408825,False
13051,test,0.99655306,False
13052,test,0.38682443,False
13053,train,0.28712383,False
13054,train,0.5458512,True
13055,test,0.49883214,False
13056,test,0.8937181,False
13057,train,0.3592368,False
13058,test,0.29035646,False
13059,train,0.45569724,False
13060,test,0.5364325,False
13061,train,0.40372458,False
13062,train,0.0027857493,False
13063,train,0.50376713,True
13064,train,0.4808901,False
13065,train,0.0038440519,False
13066,train,0.5342317,True
13067,train,0.49126604,False
13068,train,0.32874244,False
13069,train,0.33163333,False
13070,test,0.4222345,False
13071,train,0.4449682,False
13072,train,0.00313437,False
13073,test,0.411335,False
13074,train,0.31853992,False
13075,train,0.48126858,False
13076,train,0.0030794842,False
13077,train,0.0030551304,False
13078,train,0.42721504,False
13079,test,0.3974663,False
13080,train,0.47177526,False
13081,train,0.40679416,False
13082,train,0.44188592,False
13083,train,0.39578426,False
13084,train,0.4219701,False
13085,test,0.44246286,False
13086,train,0.0027395308,False
13087,train,0.37125328,False
13088,test,0.53777933,False
13089,train,0.0029003732,False
13090,train,0.4379503,False
13091,train,0.36242113,False
13092,train,0.45152548,False
13093,train,0.5614625,True
13094,train,0.48128054,False
13095,test,0.97712857,False
13096,train,0.2977883,False
13097,train,0.43180904,False
13098,train,0.4407013,False
13099,train,0.5482103,True
13100,test,0.99747205,False
13101,test,0.31703714,False
13102,train,0.5291666,True
13103,train,0.34034434,False
13104,train,0.003982359,False
13105,train,0.0026366955,False
13106,train,0.0035621966,False
13107,train,0.36688834,False
13108,test,0.3884241,False
13109,train,0.3015788,False
13110,train,0.5080523,True
13111,train,0.51372665,True
13112,test,0.44656143,False
13113,train,0.49304384,False
13114,train,0.0033928615,False
13115,train,0.42264614,False
13116,train,0.4220701,False
13117,train,0.3826044,False
13118,train,0.5831805,True
13119,train,0.6291618,True
13120,train,0.5375862,True
13121,train,0.5037714,True
13122,train,0.5410091,True
13123,train,0.40662077,False
13124,train,0.44452795,False
13125,train,0.5409304,True
13126,train,0.44484276,False
13127,train,0.003320643,False
13128,train,0.40485057,False
13129,train,0.44222912,False
13130,train,0.43947795,False
13131,train,0.35801578,False
13132,train,0.3649404,False
13133,train,0.0037446932,False
13134,train,0.003155426,False
13135,test,0.41695124,False
13136,train,0.31832328,False
13137,train,0.3966792,False
13138,train,0.6256425,True
13139,train,0.47677955,False
13140,train,0.48995975,False
13141,test,0.34880432,False
13142,train,0.46445298,False
13143,train,0.531831,True
13144,train,0.4229735,False
13145,train,0.42406192,False
13146,train,0.0032357555,False
13147,train,0.003026993,False
13148,train,0.41570783,False
13149,test,0.30532706,False
13150,train,0.5412345,True
13151,train,0.41058928,False
13152,train,0.3785693,False
13153,train,0.5861337,True
13154,train,0.46652433,False
13155,train,0.0037911178,False
13156,train,0.4634776,False
13157,train,0.51148146,True
13158,train,0.58770454,True
13159,train,0.4577329,False
13160,train,0.31785023,False
13161,train,0.41165975,False
13162,test,0.65757143,False
13163,train,0.45655623,False
13164,test,0.99740654,False
13165,train,0.0032432491,False
13166,test,0.8105864,False
13167,train,0.3913419,False
13168,test,0.5636937,False
13169,train,0.37801987,False
13170,test,0.32128984,False
13171,train,0.41872394,False
13172,train,0.3240527,False
13173,train,0.42814586,False
13174,train,0.47630954,False
13175,train,0.4839202,False
13176,train,0.5018458,True
13177,train,0.4473198,False
13178,train,0.35582632,False
13179,train,0.47424665,False
13180,train,0.45350176,False
13181,test,0.23419964,False
13182,train,0.38543078,False
13183,train,0.43570313,False
13184,train,0.49622613,False
13185,train,0.3557633,False
13186,train,0.38396326,False
13187,train,0.5082106,True
13188,train,0.37154624,False
13189,train,0.587396,True
13190,train,0.34118626,False
13191,train,0.0032174226,False
13192,test,0.46329993,False
13193,test,0.63213027,False
13194,train,0.46212384,False
13195,train,0.4862887,False
13196,train,0.003055341,False
13197,train,0.29101592,False
13198,test,0.48993826,False
13199,train,0.003178574,False
13200,train,0.48485476,False
13201,train,0.5480607,True
13202,train,0.2053508,False
13203,train,0.15442331,False
13204,train,0.4754754,False
13205,train,0.49622625,False
13206,train,0.42452714,False
13207,train,0.42463857,False
13208,train,0.47141868,False
13209,train,0.0026257725,False
13210,train,0.5144036,True
13211,train,0.4183371,False
13212,train,0.469599,False
13213,test,0.46212754,False
13214,train,0.4511779,False
13215,test,0.52224594,False
13216,train,0.22545612,False
13217,train,0.48639378,False
13218,train,0.40250966,False
13219,train,0.27186856,False
13220,train,0.0030663374,False
13221,test,0.4900944,False
13222,train,0.43403262,False
13223,train,0.34993824,False
13224,train,0.004032242,False
13225,train,0.5294247,True
13226,train,0.43557978,False
13227,test,0.38382578,False
13228,train,0.46918443,False
13229,train,0.3134513,False
13230,train,0.59046257,True
13231,train,0.5706511,True
13232,train,0.50990045,True
13233,train,0.40575388,False
13234,train,0.47919294,False
13235,test,0.52305305,False
13236,train,0.004005117,False
13237,train,0.0031433927,False
13238,train,0.5356567,True
13239,test,0.50946534,False
13240,train,0.0032395725,False
13241,train,0.48690754,False
13242,test,0.35883793,False
13243,train,0.35722315,False
13244,train,0.53378373,True
13245,train,0.35337606,False
13246,train,0.4818649,False
13247,train,0.0033230057,False
13248,test,0.5176789,False
13249,train,0.44962567,False
13250,test,0.4671262,False
13251,train,0.54361165,True
13252,train,0.3396071,False
13253,train,0.51969326,True
13254,train,0.4618532,False
13255,train,0.48575565,False
13256,train,0.003189419,False
13257,train,0.30869326,False
13258,train,0.47836506,False
13259,train,0.0026239008,False
13260,test,0.30968714,False
13261,train,0.42762324,False
13262,test,0.45706484,False
13263,train,0.3441444,False
13264,train,0.23720716,False
13265,train,0.37839675,False
13266,train,0.4178846,False
13267,train,0.5677949,True
13268,train,0.46393767,False
13269,train,0.36028236,False
13270,test,0.34813634,False
13271,train,0.4994846,True
13272,test,0.9969847,False
13273,train,0.41353086,False
13274,train,0.0025000118,False
13275,train,0.4372295,False
13276,train,0.6769756,True
13277,train,0.34521702,False
13278,train,0.6138476,True
13279,test,0.54243666,False
13280,train,0.0032071956,False
13281,train,0.56284255,True
13282,train,0.32658452,False
13283,train,0.31581765,False
13284,test,0.43843004,False
13285,test,0.51151717,False
13286,train,0.003419557,False
13287,train,0.003959257,False
13288,train,0.4024776,False
13289,train,0.0030243257,False
13290,train,0.47105342,False
13291,train,0.3074228,False
13292,train,0.346887,False
13293,train,0.47369096,False
13294,train,0.51960176,True
13295,train,0.0037382178,False
13296,train,0.51346886,True
13297,train,0.0036251247,False
13298,train,0.45500425,False
13299,train,0.59554285,True
13300,train,0.33325502,False
13301,train,0.41373625,False
13302,test,0.5944298,False
13303,train,0.3814487,False
13304,train,0.00277147,False
13305,train,0.003135486,False
13306,train,0.482924,False
13307,test,0.42146426,False
13308,train,0.43342298,False
13309,test,0.48911303,False
13310,train,0.4064027,False
13311,train,0.37507915,False
13312,train,0.3770784,False
13313,train,0.36255246,False
13314,train,0.39018807,False
13315,train,0.37069583,False
13316,train,0.0032421115,False
13317,test,0.5154159,False
13318,train,0.35785392,False
13319,train,0.36727357,False
13320,test,0.9971354,False
13321,test,0.9772423,False
13322,train,0.45105392,False
13323,train,0.4286293,False
13324,train,0.5306538,True
13325,train,0.35244152,False
13326,train,0.46128324,False
13327,test,0.4409721,False
13328,test,0.48666593,False
13329,test,0.27063534,False
13330,test,0.99703777,False
13331,train,0.003408345,False
13332,train,0.35863602,False
13333,train,0.4496757,False
13334,test,0.99695426,False
13335,train,0.260901,False
13336,train,0.34362912,False
13337,test,0.5142488,False
13338,train,0.46754685,False
13339,train,0.003199167,False
13340,train,0.0034771352,False
13341,train,0.4497435,False
13342,train,0.41256836,False
13343,train,0.3942641,False
13344,test,0.33096674,False
13345,test,0.34901184,False
13346,train,0.0025523326,False
13347,train,0.53740424,True
13348,train,0.003710547,False
13349,test,0.6001372,False
13350,train,0.42266646,False
13351,test,0.48792917,False
13352,train,0.0029301608,False
13353,train,0.393532,False
13354,train,0.0035079867,False
13355,train,0.5626029,True
13356,train,0.43680918,False
13357,train,0.0043242173,False
13358,train,0.4207212,False
13359,test,0.9967885,False
13360,train,0.52175367,True
13361,test,0.5126915,False
13362,train,0.43227842,False
13363,train,0.4099885,False
13364,train,0.490521,False
13365,train,0.4563332,False
13366,test,0.42355454,False
13367,train,0.4990363,True
13368,train,0.41515812,False
13369,train,0.5253951,True
13370,train,0.43186,False
13371,train,0.3774853,False
13372,train,0.005873575,False
13373,train,0.0040188306,False
13374,train,0.43799496,False
13375,test,0.9967346,False
13376,train,0.41032612,False
13377,train,0.5535715,True
13378,train,0.293311,False
13379,train,0.48830307,False
13380,test,0.36063918,False
13381,train,0.44148424,False
13382,test,0.5397325,False
13383,train,0.49062058,False
13384,train,0.4699271,False
13385,train,0.0027410728,False
13386,train,0.49709582,False
13387,test,0.9971083,False
13388,test,0.2909651,False
13389,train,0.002908353,False
13390,train,0.002979216,False
13391,train,0.48833326,False
13392,train,0.39539114,False
13393,test,0.5075313,False
13394,test,0.5744569,False
13395,test,0.26544464,False
13396,train,0.30827275,False
13397,train,0.40875015,False
13398,test,0.6675535,False
13399,train,0.57770467,True
13400,test,0.52338797,False
13401,train,0.3635984,False
13402,test,0.99639225,False
13403,train,0.42056268,False
13404,train,0.46565542,False
13405,train,0.4407501,False
13406,test,0.46252924,False
13407,train,0.0027735443,False
13408,train,0.37989593,False
13409,train,0.41322026,False
13410,train,0.0036986347,False
13411,train,0.0032231612,False
13412,train,0.43334776,False
13413,test,0.65844846,False
13414,train,0.0027539514,False
13415,train,0.4002273,False
13416,test,0.5023988,False
13417,train,0.21772262,False
13418,train,0.45213303,False
13419,train,0.4231705,False
13420,test,0.99711305,False
13421,train,0.47427127,False
13422,train,0.53074026,True
13423,test,0.46995255,False
13424,train,0.0035458312,False
13425,train,0.5737495,True
13426,train,0.42824748,False
13427,test,0.34442872,False
13428,train,0.5019973,True
13429,train,0.003003849,False
13430,train,0.54021156,True
13431,train,0.36803365,False
13432,train,0.5768415,True
13433,test,0.996697,False
13434,test,0.6332084,False
13435,train,0.60396904,True
13436,train,0.0031265721,False
13437,train,0.347865,False
13438,train,0.4760359,False
13439,train,0.49537572,False
13440,train,0.37974995,False
13441,train,0.40036622,False
13442,train,0.557977,True
13443,train,0.0026408678,False
13444,train,0.37929922,False
13445,train,0.0021039099,False
13446,train,0.0036410422,False
13447,train,0.32032326,False
13448,train,0.0034257576,False
13449,train,0.40343028,False
13450,train,0.5046211,True
13451,test,0.99734753,False
13452,test,0.49194142,False
13453,train,0.3953279,False
13454,test,0.99679977,False
13455,test,0.52397096,False
13456,train,0.4402708,False
13457,train,0.0031598643,False
13458,train,0.0030131356,False
13459,test,0.2817771,False
13460,train,0.5624501,True
13461,train,0.4705682,False
13462,test,0.9968366,False
13463,train,0.003504344,False
13464,train,0.3963891,False
13465,test,0.42424044,False
13466,test,0.46245033,False
13467,test,0.9967993,False
13468,train,0.5105102,True
13469,train,0.46317667,False
13470,train,0.4632304,False
13471,train,0.44587854,False
13472,train,0.5729873,True
13473,train,0.50214463,True
13474,test,0.3421726,False
13475,test,0.9970369,False
13476,train,0.35809612,False
13477,train,0.36354813,False
13478,train,0.0034173513,False
13479,train,0.38031632,False
13480,train,0.4132208,False
13481,test,0.99686795,False
13482,train,0.4932529,False
13483,test,0.5172675,False
13484,train,0.34098908,False
13485,train,0.47742555,False
13486,train,0.46632057,False
13487,train,0.45358896,False
13488,train,0.45665768,False
13489,train,0.44017357,False
13490,train,0.26213247,False
13491,train,0.0030537406,False
13492,test,0.279571,False
13493,test,0.8535691,False
13494,train,0.41837072,False
13495,train,0.29628742,False
13496,train,0.37520018,False
13497,train,0.49080414,False
13498,train,0.0030944946,False
13499,train,0.4521258,False
13500,test,0.5278531,False
13501,train,0.45473164,False
13502,test,0.9967819,False
13503,train,0.4284053,False
13504,train,0.46567118,False
13505,train,0.4039357,False
13506,train,0.38815778,False
13507,train,0.42159244,False
13508,train,0.0039276555,False
13509,train,0.37112603,False
13510,test,0.5203437,False
13511,test,0.4432715,False
13512,train,0.54865986,True
13513,train,0.38064462,False
13514,train,0.47240606,False
13515,train,0.43896013,False
13516,train,0.0035001484,False
13517,test,0.9973151,False
13518,train,0.5304106,True
13519,train,0.27938646,False
13520,train,0.52388054,True
13521,train,0.5784936,True
13522,train,0.38874125,False
13523,train,0.5414983,True
13524,test,0.9971321,False
13525,train,0.39434648,False
13526,train,0.29502895,False
13527,test,0.48304075,False
13528,train,0.5783582,True
13529,train,0.3055961,False
13530,train,0.3128129,False
13531,test,0.9969045,False
13532,test,0.36743808,False
13533,train,0.4478158,False
13534,train,0.52279454,True
13535,test,0.9974492,False
13536,train,0.42560667,False
13537,train,0.43366054,False
13538,train,0.26896188,False
13539,test,0.54500747,False
13540,train,0.49662778,False
13541,train,0.60224104,True
13542,train,0.46412763,False
13543,train,0.6123974,True
13544,train,0.0032502795,False
13545,test,0.5649814,False
13546,train,0.3705984,False
13547,train,0.42018834,False
13548,train,0.5684545,True
13549,test,0.4932484,False
13550,test,0.43044117,False
13551,test,0.9972574,False
13552,train,0.48001796,False
13553,train,0.40478882,False
13554,train,0.46977758,False
13555,train,0.5160788,True
13556,train,0.003546598,False
13557,train,0.33392262,False
13558,train,0.004350922,False
13559,train,0.45204952,False
13560,train,0.37097684,False
13561,train,0.46443707,False
13562,test,0.99679804,False
13563,train,0.3834132,False
13564,test,0.5436681,False
13565,train,0.003955059,False
13566,test,0.36506546,False
13567,train,0.5722815,True
13568,train,0.0028285806,False
13569,train,0.5035358,True
13570,train,0.47311422,False
13571,train,0.0023257805,False
13572,train,0.43293118,False
13573,train,0.34703395,False
13574,test,0.6366929,False
13575,train,0.5296446,True
13576,train,0.3452318,False
13577,test,0.5605192,False
13578,train,0.3610854,False
13579,train,0.29047182,False
13580,train,0.43165582,False
13581,train,0.35893428,False
13582,test,0.41575652,False
13583,train,0.49193847,False
13584,train,0.27528936,False
13585,train,0.5264051,True
13586,train,0.5406087,True
13587,train,0.003125232,False
13588,train,0.003135489,False
13589,train,0.4929736,False
13590,train,0.003447955,False
13591,train,0.51136804,True
13592,train,0.4730295,False
13593,train,0.0031016346,False
13594,test,0.4991445,False
13595,train,0.44845966,False
13596,test,0.9970962,False
13597,test,0.99758655,False
13598,train,0.3612835,False
13599,test,0.17670763,False
13600,train,0.0036117327,False
13601,test,0.45354742,False
13602,train,0.004720765,False
13603,train,0.40399694,False
13604,test,0.9966688,False
13605,train,0.0030137312,False
13606,train,0.4454582,False
13607,test,0.2860702,False
13608,train,0.33786783,False
13609,test,0.53927904,False
13610,train,0.49495882,False
13611,train,0.4208172,False
13612,test,0.57628983,False
13613,train,0.39894754,False
13614,train,0.39859557,False
13615,train,0.46054748,False
13616,train,0.4255803,False
13617,train,0.5268812,True
13618,test,0.99589115,False
13619,train,0.45673078,False
13620,train,0.38183415,False
13621,train,0.4925337,False
13622,test,0.40712658,False
13623,test,0.9963218,False
13624,train,0.42180905,False
13625,train,0.42620644,False
13626,train,0.48817486,False
13627,train,0.27885422,False
13628,test,0.41011444,False
13629,train,0.394318,False
13630,train,0.003269573,False
13631,train,0.498399,True
13632,train,0.35320058,False
13633,train,0.17534363,False
13634,train,0.0039403886,False
13635,train,0.45842087,False
13636,train,0.003871841,False
13637,train,0.45783484,False
13638,train,0.35048518,False
13639,train,0.0031328166,False
13640,train,0.0031816328,False
13641,train,0.45638976,False
13642,train,0.45425582,False
13643,train,0.4348669,False
13644,train,0.0034380425,False
13645,train,0.41745266,False
13646,train,0.50260836,True
13647,train,0.0033592398,False
13648,train,0.35232633,False
13649,train,0.0032545577,False
13650,test,0.9967957,False
13651,train,0.0038250517,False
13652,train,0.33987182,False
13653,train,0.5009661,True
13654,train,0.0031642234,False
13655,train,0.4919576,False
13656,train,0.38165647,False
13657,train,0.25368145,False
13658,train,0.43845758,False
13659,test,0.35472053,False
13660,train,0.46728733,False
13661,train,0.40549392,False
13662,test,0.49291706,False
13663,train,0.4182653,False
13664,train,0.44887808,False
13665,train,0.45292088,False
13666,test,0.43106002,False
13667,train,0.5324192,True
13668,train,0.30508885,False
13669,train,0.30064872,False
13670,train,0.43219373,False
13671,train,0.39285192,False
13672,train,0.4940385,False
13673,train,0.4101449,False
13674,train,0.004634457,False
13675,train,0.0032150974,False
13676,train,0.32707086,False
13677,train,0.0041239574,False
13678,test,0.38177675,False
13679,train,0.43805045,False
13680,train,0.34274822,False
13681,train,0.35557717,False
13682,test,0.47689584,False
13683,test,0.5666916,False
13684,train,0.0033461545,False
13685,train,0.35280317,False
13686,train,0.33169746,False
13687,train,0.32530668,False
13688,train,0.4748212,False
13689,test,0.38992155,False
13690,train,0.39444613,False
13691,train,0.4230898,False
13692,train,0.0033455007,False
13693,train,0.0034347062,False
13694,train,0.525817,True
13695,train,0.0041663367,False
13696,test,0.44549024,False
13697,train,0.0030078809,False
13698,train,0.31395894,False
13699,test,0.32711342,False
13700,train,0.0033219073,False
13701,test,0.3661609,False
13702,train,0.4687574,False
13703,train,0.47244644,False
13704,train,0.41009954,False
13705,train,0.4865849,False
13706,train,0.5135663,True
13707,train,0.0026444138,False
13708,train,0.42968234,False
13709,test,0.6526799,False
13710,test,0.49825063,False
13711,train,0.55170554,True
13712,train,0.48783132,False
13713,train,0.3218566,False
13714,train,0.42717215,False
13715,train,0.50201935,True
13716,train,0.00309902,False
13717,test,0.9964358,False
13718,train,0.37297547,False
13719,train,0.42572257,False
13720,train,0.4403112,False
13721,train,0.50450504,True
13722,train,0.32357222,False
13723,train,0.46315086,False
13724,train,0.37334523,False
13725,train,0.38672045,False
13726,train,0.43067998,False
13727,train,0.3975977,False
13728,test,0.39222923,False
13729,train,0.0033342836,False
13730,test,0.4476681,False
13731,test,0.51687634,False
13732,train,0.0029456138,False
13733,train,0.43503574,False
13734,train,0.33944026,False
13735,train,0.38643613,False
13736,train,0.52556735,True
13737,test,0.3608096,False
13738,train,0.42069265,False
13739,train,0.37026814,False
13740,test,0.7712465,False
13741,train,0.5809915,True
13742,test,0.99697834,False
13743,train,0.28658664,False
13744,train,0.37432253,False
13745,train,0.46844238,False
13746,train,0.55318147,True
13747,test,0.43159643,False
13748,train,0.46332663,False
13749,train,0.3486295,False
13750,train,0.41514894,False
13751,test,0.54532546,False
